timestamp_start,timestamp_end,entrances,avg_occupancy,temp_c,humidity_pct
2026-07-12T19:23:07.164Z,2026-07-12T19:24:07.164Z,0,0.003,23.0,59
2026-07-12T19:32:08.344Z,2026-07-12T19:33:08.344Z,1,0.047,23.0,59
2026-07-13T00:18:45.161Z,2026-07-13T00:19:45.161Z,1,0.0,23.0,59
2026-07-13T00:24:45.947Z,2026-07-13T00:25:45.947Z,0,0.007,23.0,59
2026-07-13T01:05:51.190Z,2026-07-13T01:06:51.190Z,1,0.01,23.0,59
2026-07-13T01:28:54.174Z,2026-07-13T01:29:54.174Z,0,0.003,23.0,59
2026-07-13T01:31:54.566Z,2026-07-13T01:32:54.566Z,1,0.007,23.0,59
2026-07-13T01:32:54.631Z,2026-07-13T01:33:54.631Z,1,0.01,23.0,59
2026-07-13T01:47:56.598Z,2026-07-13T01:48:56.598Z,3,0.086,23.0,59
2026-07-13T01:48:56.762Z,2026-07-13T01:49:56.762Z,0,0.03,23.0,59
2026-07-13T01:49:56.826Z,2026-07-13T01:50:56.826Z,3,0.053,23.0,59
2026-07-13T02:12:59.809Z,2026-07-13T02:13:59.809Z,0,0.003,23.0,59
2026-07-13T02:21:00.825Z,2026-07-13T02:22:00.825Z,0,0.007,23.0,59
2026-07-13T02:26:01.546Z,2026-07-13T02:27:01.546Z,0,0.007,23.0,59
2026-07-13T02:27:01.611Z,2026-07-13T02:28:01.611Z,2,0.0,23.0,59
2026-07-13T02:30:02.005Z,2026-07-13T02:31:02.005Z,1,0.023,23.0,59
2026-07-13T02:35:02.760Z,2026-07-13T02:36:02.760Z,0,0.003,23.0,59
2026-07-13T02:37:02.990Z,2026-07-13T02:38:02.990Z,0,0.003,23.0,59
2026-07-13T02:38:03.154Z,2026-07-13T02:39:03.154Z,0,0.007,23.0,59
2026-07-13T02:39:03.219Z,2026-07-13T02:40:03.219Z,0,0.01,23.0,59
2026-07-13T02:44:03.940Z,2026-07-13T02:45:03.940Z,0,0.003,23.0,59
2026-07-13T02:47:04.233Z,2026-07-13T02:48:04.233Z,0,0.007,23.0,59
2026-07-13T02:57:05.578Z,2026-07-13T02:58:05.578Z,0,0.003,23.0,59
2026-07-13T03:53:12.788Z,2026-07-13T03:54:12.788Z,0,0.003,23.0,59
2026-07-13T03:55:13.016Z,2026-07-13T03:56:13.016Z,0,0.003,23.0,59
2026-07-13T03:56:13.181Z,2026-07-13T03:57:13.181Z,0,0.003,23.0,59
2026-07-13T03:59:13.575Z,2026-07-13T04:00:13.575Z,1,0.017,23.0,59
2026-07-13T04:04:14.197Z,2026-07-13T04:05:14.197Z,0,0.003,23.0,59
2026-07-13T04:08:14.756Z,2026-07-13T04:09:14.756Z,0,0.003,23.0,59
2026-07-13T04:11:15.148Z,2026-07-13T04:12:15.148Z,0,0.007,23.0,59
2026-07-13T04:14:15.542Z,2026-07-13T04:15:15.542Z,0,0.007,23.0,59
2026-07-13T04:32:17.802Z,2026-07-13T04:33:17.802Z,0,0.003,23.0,59
2026-07-13T04:40:18.818Z,2026-07-13T04:41:18.818Z,1,0.01,23.0,59
2026-07-13T04:53:20.555Z,2026-07-13T04:54:20.555Z,0,0.003,23.0,59
2026-07-13T04:54:20.621Z,2026-07-13T04:55:20.621Z,1,0.0,23.0,59
2026-07-13T04:56:20.950Z,2026-07-13T04:57:20.950Z,0,0.003,23.0,59
2026-07-13T04:57:21.013Z,2026-07-13T04:58:21.013Z,0,0.007,23.0,59
2026-07-13T04:58:21.178Z,2026-07-13T04:59:21.178Z,0,0.003,23.0,59
2026-07-13T05:00:21.407Z,2026-07-13T05:01:21.407Z,0,0.007,23.0,59
2026-07-13T05:02:21.637Z,2026-07-13T05:03:21.637Z,0,0.003,23.0,59
2026-07-13T05:03:21.801Z,2026-07-13T05:04:21.801Z,0,0.003,23.0,59
2026-07-13T05:11:22.816Z,2026-07-13T05:12:22.816Z,0,0.013,23.0,59
2026-07-13T05:12:22.980Z,2026-07-13T05:13:22.980Z,0,0.003,23.0,59
2026-07-13T05:37:26.191Z,2026-07-13T05:38:26.191Z,0,0.007,23.0,59
2026-07-13T05:38:26.357Z,2026-07-13T05:39:26.357Z,0,0.003,23.0,59
2026-07-13T05:43:26.979Z,2026-07-13T05:44:26.979Z,0,0.007,23.0,59
2026-07-13T05:57:28.782Z,2026-07-13T05:58:28.782Z,0,0.007,23.0,59
2026-07-13T06:03:29.568Z,2026-07-13T06:04:29.568Z,1,0.027,23.0,59
2026-07-13T06:05:29.796Z,2026-07-13T06:06:29.796Z,1,0.007,23.0,59
2026-07-13T06:08:30.190Z,2026-07-13T06:09:30.190Z,1,0.023,23.0,59
2026-07-13T06:11:30.584Z,2026-07-13T06:12:30.584Z,0,0.003,23.0,59
2026-07-13T06:13:30.812Z,2026-07-13T06:14:30.812Z,0,0.003,23.0,59
2026-07-13T06:14:30.976Z,2026-07-13T06:15:30.976Z,0,0.003,23.0,59
2026-07-13T06:15:31.141Z,2026-07-13T06:16:31.141Z,3,0.017,23.0,59
2026-07-13T06:34:33.565Z,2026-07-13T06:35:33.565Z,0,0.003,23.0,59
2026-07-13T06:48:35.359Z,2026-07-13T06:49:35.359Z,0,0.003,23.0,59
2026-07-13T06:49:35.424Z,2026-07-13T06:50:35.424Z,0,0.003,23.0,59
2026-07-13T06:50:35.588Z,2026-07-13T06:51:35.588Z,2,0.023,23.0,59
2026-07-13T07:02:37.171Z,2026-07-13T07:03:37.171Z,1,0.02,23.0,59
2026-07-13T07:05:37.555Z,2026-07-13T07:06:37.555Z,1,0.0,23.0,59
2026-07-13T07:06:37.619Z,2026-07-13T07:07:37.619Z,1,0.08,23.0,59
2026-07-13T07:08:37.948Z,2026-07-13T07:09:37.948Z,1,0.017,23.0,59
2026-07-13T07:18:39.194Z,2026-07-13T07:19:39.194Z,1,0.037,23.0,59
2026-07-13T07:19:39.358Z,2026-07-13T07:20:39.358Z,0,0.01,23.0,59
2026-07-13T07:20:39.423Z,2026-07-13T07:21:39.423Z,0,0.003,23.0,59
2026-07-13T07:23:39.815Z,2026-07-13T07:24:39.815Z,0,0.003,23.0,59
2026-07-13T07:24:39.980Z,2026-07-13T07:25:39.980Z,1,0.558,23.0,59
2026-07-13T07:25:40.144Z,2026-07-13T07:26:40.144Z,0,0.007,23.0,59
2026-07-13T07:28:40.638Z,2026-07-13T07:29:40.638Z,1,0.007,23.0,59
2026-07-13T07:30:40.967Z,2026-07-13T07:31:40.967Z,3,0.383,23.0,59
2026-07-13T07:31:41.023Z,2026-07-13T07:32:41.023Z,2,1.894,23.0,59
2026-07-13T07:32:41.187Z,2026-07-13T07:33:41.187Z,5,1.91,23.0,59
2026-07-13T07:33:41.351Z,2026-07-13T07:34:41.351Z,3,1.847,23.0,59
2026-07-13T07:34:41.417Z,2026-07-13T07:35:41.417Z,3,0.91,23.0,59
2026-07-13T07:35:41.581Z,2026-07-13T07:36:41.581Z,0,2.003,23.0,59
2026-07-13T07:36:41.637Z,2026-07-13T07:37:41.637Z,0,1.924,23.0,59
2026-07-13T07:37:41.802Z,2026-07-13T07:38:41.802Z,1,1.153,23.0,59
2026-07-13T07:38:41.973Z,2026-07-13T07:39:41.973Z,0,0.897,23.0,59
2026-07-13T07:39:42.138Z,2026-07-13T07:40:42.138Z,4,0.69,23.0,59
2026-07-13T07:40:42.211Z,2026-07-13T07:41:42.211Z,3,0.0,23.0,59
2026-07-13T07:41:42.375Z,2026-07-13T07:42:42.375Z,5,0.053,23.0,59
2026-07-13T07:42:42.431Z,2026-07-13T07:43:42.431Z,1,0.1,23.0,59
2026-07-13T07:44:42.769Z,2026-07-13T07:45:42.769Z,1,0.947,23.0,59
2026-07-13T07:45:42.834Z,2026-07-13T07:46:42.834Z,0,1.0,23.0,59
2026-07-13T07:46:42.997Z,2026-07-13T07:47:42.997Z,0,0.505,23.0,59
2026-07-13T07:50:43.555Z,2026-07-13T07:51:43.555Z,2,0.423,23.0,59
2026-07-13T07:51:43.621Z,2026-07-13T07:52:43.621Z,0,1.0,23.0,59
2026-07-13T07:52:43.785Z,2026-07-13T07:53:43.785Z,0,1.0,23.0,59
2026-07-13T07:53:43.950Z,2026-07-13T07:54:43.950Z,0,1.0,23.0,59
2026-07-13T07:54:44.013Z,2026-07-13T07:55:44.013Z,0,0.973,23.0,59
2026-07-13T08:07:45.752Z,2026-07-13T08:08:45.752Z,0,0.01,23.0,59
2026-07-13T08:08:45.816Z,2026-07-13T08:09:45.816Z,0,0.003,23.0,59
2026-07-13T08:16:46.832Z,2026-07-13T08:17:46.832Z,1,0.007,23.0,59
2026-07-13T08:19:47.226Z,2026-07-13T08:20:47.226Z,0,0.007,23.0,59
2026-07-13T08:21:47.555Z,2026-07-13T08:22:47.555Z,1,0.12,23.0,59
2026-07-13T08:23:47.782Z,2026-07-13T08:24:47.782Z,1,0.013,23.0,59
2026-07-13T08:24:47.947Z,2026-07-13T08:25:47.947Z,0,0.003,23.0,59
2026-07-13T08:30:48.634Z,2026-07-13T08:31:48.634Z,1,0.0,23.0,59
2026-07-13T08:31:48.799Z,2026-07-13T08:32:48.799Z,1,0.0,23.0,59
2026-07-13T08:32:48.963Z,2026-07-13T08:33:48.963Z,0,0.007,23.0,59
2026-07-13T08:34:49.193Z,2026-07-13T08:35:49.193Z,0,0.007,23.0,59
2026-07-13T08:38:49.750Z,2026-07-13T08:39:49.750Z,1,0.017,23.0,59
2026-07-13T08:42:50.207Z,2026-07-13T08:43:50.207Z,1,0.01,23.0,59
2026-07-13T08:43:50.372Z,2026-07-13T08:44:50.372Z,1,0.017,23.0,59
2026-07-13T08:44:50.428Z,2026-07-13T08:45:50.428Z,2,0.302,23.0,59
2026-07-13T08:46:50.766Z,2026-07-13T08:47:50.766Z,0,0.01,23.0,59
2026-07-13T08:48:50.994Z,2026-07-13T08:49:50.994Z,1,0.01,23.0,59
2026-07-13T09:01:52.632Z,2026-07-13T09:02:52.632Z,3,0.003,23.0,59
2026-07-13T19:19:12.035Z,2026-07-13T19:20:12.035Z,1,0.003,23.0,59
2026-07-13T19:20:12.200Z,2026-07-13T19:21:12.200Z,2,0.086,23.0,59
2026-07-13T19:21:12.364Z,2026-07-13T19:22:12.364Z,1,0.013,23.0,59
2026-07-13T19:27:13.151Z,2026-07-13T19:28:13.151Z,0,0.003,23.0,59
2026-07-14T00:21:50.984Z,2026-07-14T00:22:50.984Z,0,0.007,23.0,59
2026-07-14T00:24:51.378Z,2026-07-14T00:25:51.378Z,0,0.007,23.0,59
2026-07-14T00:32:52.394Z,2026-07-14T00:33:52.394Z,1,0.007,23.0,59
2026-07-14T00:43:53.802Z,2026-07-14T00:44:53.802Z,0,0.003,23.0,59
2026-07-14T01:10:57.342Z,2026-07-14T01:11:57.342Z,2,0.633,23.0,59
2026-07-14T01:11:57.407Z,2026-07-14T01:12:57.407Z,4,0.086,23.0,59
2026-07-14T01:12:57.572Z,2026-07-14T01:13:57.572Z,0,0.007,23.0,59
2026-07-14T01:13:57.637Z,2026-07-14T01:14:57.637Z,0,0.003,23.0,59
2026-07-14T01:15:57.964Z,2026-07-14T01:16:57.964Z,0,0.003,23.0,59
2026-07-14T01:18:58.358Z,2026-07-14T01:19:58.358Z,0,0.007,23.0,59
2026-07-14T01:26:59.374Z,2026-07-14T01:27:59.374Z,0,0.007,23.0,59
2026-07-14T01:28:59.602Z,2026-07-14T01:29:59.602Z,1,0.01,23.0,59
2026-07-14T01:40:01.013Z,2026-07-14T01:41:01.013Z,0,0.003,23.0,59
2026-07-14T01:50:02.357Z,2026-07-14T01:51:02.357Z,1,0.013,23.0,59
2026-07-14T01:55:03.003Z,2026-07-14T01:56:03.003Z,0,0.003,23.0,59
2026-07-14T01:56:03.168Z,2026-07-14T01:57:03.168Z,1,0.013,23.0,59
2026-07-14T01:57:03.341Z,2026-07-14T01:58:03.341Z,2,0.043,23.0,59
2026-07-14T02:01:03.790Z,2026-07-14T02:02:03.790Z,0,0.007,23.0,59
2026-07-14T02:02:03.956Z,2026-07-14T02:03:03.956Z,0,0.007,23.0,59
2026-07-14T02:11:05.036Z,2026-07-14T02:12:05.036Z,0,0.003,23.0,59
2026-07-14T02:19:06.151Z,2026-07-14T02:20:06.151Z,0,0.003,23.0,59
2026-07-14T02:27:07.176Z,2026-07-14T02:28:07.176Z,0,0.01,23.0,59
2026-07-14T02:43:09.198Z,2026-07-14T02:44:09.198Z,0,0.003,23.0,59
2026-07-14T02:44:09.362Z,2026-07-14T02:45:09.362Z,0,0.013,23.0,59
2026-07-14T02:45:09.427Z,2026-07-14T02:46:09.427Z,0,0.007,23.0,59
2026-07-14T02:46:09.592Z,2026-07-14T02:47:09.592Z,0,0.01,23.0,59
2026-07-14T02:47:09.756Z,2026-07-14T02:48:09.756Z,0,0.017,23.0,59
2026-07-14T02:48:09.821Z,2026-07-14T02:49:09.821Z,0,0.01,23.0,59
2026-07-14T02:50:10.150Z,2026-07-14T02:51:10.150Z,0,0.01,23.0,59
2026-07-14T02:51:10.213Z,2026-07-14T02:52:10.213Z,0,0.01,23.0,59
2026-07-14T02:57:11.000Z,2026-07-14T02:58:11.000Z,2,0.023,23.0,59
2026-07-14T02:58:11.165Z,2026-07-14T02:59:11.165Z,0,0.007,23.0,59
2026-07-14T02:59:11.230Z,2026-07-14T03:00:11.230Z,0,0.023,23.0,59
2026-07-14T03:00:11.394Z,2026-07-14T03:01:11.394Z,1,0.017,23.0,59
2026-07-14T03:29:15.173Z,2026-07-14T03:30:15.173Z,0,0.003,23.0,59
2026-07-14T03:55:18.540Z,2026-07-14T03:56:18.540Z,0,0.003,23.0,59
2026-07-14T03:59:19.006Z,2026-07-14T04:00:19.006Z,1,0.007,23.0,59
2026-07-14T04:01:19.236Z,2026-07-14T04:02:19.236Z,1,0.007,23.0,59
2026-07-14T04:02:19.391Z,2026-07-14T04:03:19.391Z,2,0.023,23.0,59
2026-07-14T04:03:19.556Z,2026-07-14T04:04:19.556Z,4,0.097,23.0,59
2026-07-14T04:04:19.621Z,2026-07-14T04:05:19.621Z,1,0.017,23.0,59
2026-07-14T04:05:19.786Z,2026-07-14T04:06:19.786Z,3,0.037,23.0,59
2026-07-14T04:09:20.344Z,2026-07-14T04:10:20.344Z,0,0.01,23.0,59
2026-07-14T04:22:21.990Z,2026-07-14T04:23:21.990Z,2,0.02,23.0,59
2026-07-14T04:27:22.612Z,2026-07-14T04:28:22.612Z,0,0.003,23.0,59
2026-07-14T04:35:23.619Z,2026-07-14T04:36:23.619Z,0,0.007,23.0,59
2026-07-14T04:56:26.381Z,2026-07-14T04:57:26.381Z,0,0.007,23.0,59
2026-07-14T05:04:27.390Z,2026-07-14T05:05:27.390Z,0,0.01,23.0,59
2026-07-14T05:06:27.618Z,2026-07-14T05:07:27.618Z,0,0.003,23.0,59
2026-07-14T05:09:28.012Z,2026-07-14T05:10:28.012Z,0,0.003,23.0,59
2026-07-14T05:26:30.217Z,2026-07-14T05:27:30.217Z,0,0.007,23.0,59
2026-07-14T05:31:30.938Z,2026-07-14T05:32:30.938Z,0,0.007,23.0,59
2026-07-14T05:33:31.167Z,2026-07-14T05:34:31.167Z,2,0.007,23.0,59
2026-07-14T05:34:31.223Z,2026-07-14T05:35:31.223Z,3,0.611,23.0,59
2026-07-14T05:35:31.388Z,2026-07-14T05:36:31.388Z,5,0.857,23.0,59
2026-07-14T05:36:31.552Z,2026-07-14T05:37:31.552Z,4,0.323,23.0,59
2026-07-14T05:37:31.617Z,2026-07-14T05:38:31.617Z,0,1.0,23.0,59
2026-07-14T05:38:31.782Z,2026-07-14T05:39:31.782Z,0,1.0,23.0,59
2026-07-14T05:39:31.946Z,2026-07-14T05:40:31.946Z,2,0.82,23.0,59
2026-07-14T05:40:32.010Z,2026-07-14T05:41:32.010Z,2,0.312,23.0,59
2026-07-14T05:41:32.183Z,2026-07-14T05:42:32.183Z,2,0.817,23.0,59
2026-07-14T05:42:32.338Z,2026-07-14T05:43:32.338Z,0,1.0,23.0,59
2026-07-14T05:43:32.404Z,2026-07-14T05:44:32.404Z,0,1.0,23.0,59
2026-07-14T05:44:32.568Z,2026-07-14T05:45:32.568Z,0,1.01,23.0,59
2026-07-14T05:45:32.632Z,2026-07-14T05:46:32.632Z,0,1.0,23.0,59
2026-07-14T05:46:32.796Z,2026-07-14T05:47:32.796Z,0,1.0,23.0,59
2026-07-14T05:47:32.961Z,2026-07-14T05:48:32.961Z,1,0.833,23.0,59
2026-07-14T05:48:33.026Z,2026-07-14T05:49:33.026Z,1,0.741,23.0,59
2026-07-14T05:49:33.190Z,2026-07-14T05:50:33.190Z,1,0.319,23.0,59
2026-07-14T05:50:33.355Z,2026-07-14T05:51:33.355Z,1,0.897,23.0,59
2026-07-14T05:51:33.420Z,2026-07-14T05:52:33.420Z,0,1.0,23.0,59
2026-07-14T05:52:33.584Z,2026-07-14T05:53:33.584Z,0,0.475,23.0,59
2026-07-14T05:54:33.812Z,2026-07-14T05:55:33.812Z,1,0.02,23.0,59
2026-07-14T05:55:33.976Z,2026-07-14T05:56:33.976Z,1,0.023,23.0,59
2026-07-14T05:56:34.141Z,2026-07-14T05:57:34.141Z,1,0.023,23.0,59
2026-07-14T05:57:34.206Z,2026-07-14T05:58:34.206Z,2,0.618,23.0,59
2026-07-14T05:58:34.371Z,2026-07-14T05:59:34.371Z,0,0.573,23.0,59
2026-07-14T05:59:34.434Z,2026-07-14T06:00:34.434Z,3,0.12,23.0,59
2026-07-14T06:04:35.157Z,2026-07-14T06:05:35.157Z,1,0.017,23.0,59
2026-07-14T06:05:35.221Z,2026-07-14T06:06:35.221Z,1,0.047,23.0,59
2026-07-14T06:06:35.385Z,2026-07-14T06:07:35.385Z,3,0.0,23.0,59
2026-07-14T06:08:35.615Z,2026-07-14T06:09:35.615Z,0,0.013,23.0,59
2026-07-14T06:14:36.401Z,2026-07-14T06:15:36.401Z,0,0.003,23.0,59
2026-07-14T06:15:36.566Z,2026-07-14T06:16:36.566Z,1,0.603,23.0,59
2026-07-14T06:27:38.140Z,2026-07-14T06:28:38.140Z,2,0.02,23.0,59
2026-07-14T06:28:38.204Z,2026-07-14T06:29:38.204Z,1,0.033,23.0,59
2026-07-14T06:29:38.368Z,2026-07-14T06:30:38.368Z,0,0.003,23.0,59
2026-07-14T06:30:38.434Z,2026-07-14T06:31:38.434Z,0,0.01,23.0,59
2026-07-14T06:32:38.763Z,2026-07-14T06:33:38.763Z,0,0.003,23.0,59
2026-07-14T06:35:39.164Z,2026-07-14T06:36:39.164Z,1,0.137,23.0,59
2026-07-14T06:36:39.229Z,2026-07-14T06:37:39.229Z,1,0.007,23.0,59
2026-07-14T06:57:41.973Z,2026-07-14T06:58:41.973Z,1,0.02,23.0,59
2026-07-14T07:01:42.431Z,2026-07-14T07:02:42.431Z,1,0.013,23.0,59
2026-07-14T07:06:43.154Z,2026-07-14T07:07:43.154Z,0,0.007,23.0,59
2026-07-14T07:07:43.217Z,2026-07-14T07:08:43.217Z,1,0.007,23.0,59
2026-07-14T07:12:43.940Z,2026-07-14T07:13:43.940Z,0,0.003,23.0,59
2026-07-14T07:13:44.005Z,2026-07-14T07:14:44.005Z,1,0.007,23.0,59
2026-07-14T07:23:45.348Z,2026-07-14T07:24:45.348Z,3,0.067,23.0,59
2026-07-14T07:29:46.036Z,2026-07-14T07:30:46.036Z,0,0.01,23.0,59
2026-07-14T07:32:46.430Z,2026-07-14T07:33:46.430Z,2,0.013,23.0,59
2026-07-14T07:33:46.594Z,2026-07-14T07:34:46.594Z,1,0.01,23.0,59
2026-07-14T07:48:48.561Z,2026-07-14T07:49:48.561Z,0,0.003,23.0,59
2026-07-14T07:51:48.953Z,2026-07-14T07:52:48.953Z,0,0.007,23.0,59
2026-07-14T08:08:51.150Z,2026-07-14T08:09:51.150Z,0,0.003,23.0,59
2026-07-14T08:54:57.015Z,2026-07-14T08:55:57.015Z,1,0.013,23.0,59
2026-07-14T08:56:57.344Z,2026-07-14T08:57:57.344Z,1,0.173,23.0,59
2026-07-14T08:57:57.408Z,2026-07-14T08:58:57.408Z,0,0.096,23.0,59
2026-07-14T09:16:59.834Z,2026-07-14T09:17:59.834Z,0,0.003,23.0,59
2026-07-14T16:30:55.822Z,2026-07-14T16:31:55.822Z,0,0.003,23.0,59
2026-07-14T19:19:17.571Z,2026-07-14T19:20:17.571Z,0,0.003,23.0,59
2026-07-14T19:28:18.750Z,2026-07-14T19:29:18.750Z,1,0.127,23.0,59
2026-07-14T19:29:18.815Z,2026-07-14T19:30:18.815Z,1,0.003,23.0,59
2026-07-14T23:34:50.391Z,2026-07-14T23:35:50.391Z,0,0.003,23.0,59
2026-07-15T00:11:55.375Z,2026-07-15T00:12:55.375Z,1,0.01,23.0,59
2026-07-15T00:14:55.769Z,2026-07-15T00:15:55.769Z,2,0.023,23.0,59
2026-07-15T00:20:56.582Z,2026-07-15T00:21:56.582Z,0,0.003,23.0,59
2026-07-15T00:43:59.563Z,2026-07-15T00:44:59.563Z,0,0.007,23.0,59
2026-07-15T00:55:00.973Z,2026-07-15T00:56:00.973Z,1,0.05,23.0,59
2026-07-15T01:40:55.243Z,2026-07-15T01:41:55.243Z,1,0.01,23.0,59
2026-07-15T01:46:55.927Z,2026-07-15T01:47:55.927Z,0,0.003,23.0,59
2026-07-15T01:50:56.486Z,2026-07-15T01:51:56.486Z,0,0.007,23.0,59
2026-07-15T02:36:02.293Z,2026-07-15T02:37:02.293Z,0,0.007,23.0,59
2026-07-15T02:47:03.694Z,2026-07-15T02:48:03.694Z,1,0.007,23.0,59
2026-07-15T02:50:04.088Z,2026-07-15T02:51:04.088Z,1,0.007,23.0,59
2026-07-15T02:51:04.252Z,2026-07-15T02:52:04.252Z,0,0.01,23.0,59
2026-07-15T02:56:04.881Z,2026-07-15T02:57:04.881Z,0,0.02,23.0,59
2026-07-15T02:58:05.109Z,2026-07-15T02:59:05.109Z,2,0.037,23.0,59
2026-07-15T02:59:05.275Z,2026-07-15T03:00:05.275Z,1,0.013,23.0,59
2026-07-15T03:13:07.076Z,2026-07-15T03:14:07.076Z,0,0.003,23.0,59
2026-07-15T03:23:08.322Z,2026-07-15T03:24:08.322Z,0,0.007,23.0,59
2026-07-15T03:51:11.927Z,2026-07-15T03:52:11.927Z,0,0.003,23.0,59
2026-07-15T03:52:12.092Z,2026-07-15T03:53:12.092Z,0,0.003,23.0,59
2026-07-15T03:57:12.713Z,2026-07-15T03:58:12.713Z,0,0.003,23.0,59
2026-07-15T04:01:13.272Z,2026-07-15T04:02:13.272Z,0,0.003,23.0,59
2026-07-15T04:03:13.493Z,2026-07-15T04:04:13.493Z,0,0.007,23.0,59
2026-07-15T04:04:13.657Z,2026-07-15T04:05:13.657Z,0,0.003,23.0,59
2026-07-15T04:11:14.507Z,2026-07-15T04:12:14.507Z,3,0.013,23.0,59
2026-07-15T04:22:15.924Z,2026-07-15T04:23:15.924Z,0,0.003,23.0,59
2026-07-15T04:23:16.088Z,2026-07-15T04:24:16.088Z,1,0.047,23.0,59
2026-07-15T04:34:17.496Z,2026-07-15T04:35:17.496Z,0,0.003,23.0,59
2026-07-15T04:38:18.055Z,2026-07-15T04:39:18.055Z,1,0.003,23.0,59
2026-07-15T04:39:18.118Z,2026-07-15T04:40:18.118Z,0,0.003,23.0,59
2026-07-15T04:49:19.463Z,2026-07-15T04:50:19.463Z,0,0.007,23.0,59
2026-07-15T04:51:19.691Z,2026-07-15T04:52:19.691Z,1,0.023,23.0,59
2026-07-15T05:03:21.266Z,2026-07-15T05:04:21.266Z,0,0.007,23.0,59
2026-07-15T05:06:21.658Z,2026-07-15T05:07:21.658Z,0,0.013,23.0,59
2026-07-15T05:13:22.509Z,2026-07-15T05:14:22.509Z,0,0.01,23.0,59
2026-07-15T05:14:22.665Z,2026-07-15T05:15:22.665Z,1,0.0,23.0,59
2026-07-15T05:16:22.894Z,2026-07-15T05:17:22.894Z,0,0.007,23.0,59
2026-07-15T05:33:25.091Z,2026-07-15T05:34:25.091Z,1,0.013,23.0,59
2026-07-15T05:34:25.263Z,2026-07-15T05:35:25.263Z,0,0.003,23.0,59
2026-07-15T05:58:28.503Z,2026-07-15T05:59:28.503Z,0,0.007,23.0,59
2026-07-15T06:28:32.437Z,2026-07-15T06:29:32.437Z,1,0.01,23.0,59
2026-07-15T06:31:32.829Z,2026-07-15T06:32:32.829Z,1,0.01,23.0,59
2026-07-15T06:35:33.288Z,2026-07-15T06:36:33.288Z,2,0.023,23.0,59
2026-07-15T06:42:34.240Z,2026-07-15T06:43:34.240Z,0,0.003,23.0,59
2026-07-15T06:45:34.632Z,2026-07-15T06:46:34.632Z,0,0.007,23.0,59
2026-07-15T06:46:34.697Z,2026-07-15T06:47:34.697Z,0,0.003,23.0,59
2026-07-15T06:54:35.713Z,2026-07-15T06:55:35.713Z,0,0.003,23.0,59
2026-07-15T06:56:36.042Z,2026-07-15T06:57:36.042Z,1,0.003,23.0,59
2026-07-15T06:57:36.105Z,2026-07-15T06:58:36.105Z,3,0.385,23.0,59
2026-07-15T07:03:36.892Z,2026-07-15T07:04:36.892Z,0,0.003,23.0,59
2026-07-15T07:06:37.286Z,2026-07-15T07:07:37.286Z,0,0.007,23.0,59
2026-07-15T07:09:37.678Z,2026-07-15T07:10:37.678Z,0,0.003,23.0,59
2026-07-15T07:10:37.844Z,2026-07-15T07:11:37.844Z,0,0.003,23.0,59
2026-07-15T09:23:54.926Z,2026-07-15T09:24:54.926Z,1,0.0,23.0,59
2026-07-15T11:39:12.309Z,2026-07-15T11:40:12.309Z,0,0.003,23.0,59
2026-07-15T18:01:01.467Z,2026-07-15T18:02:01.467Z,0,0.003,23.0,59
2026-07-15T19:19:11.512Z,2026-07-15T19:20:11.512Z,1,0.003,23.0,59
2026-07-15T19:21:11.841Z,2026-07-15T19:22:11.841Z,3,0.01,23.0,59
2026-07-15T23:14:41.845Z,2026-07-15T23:15:41.845Z,0,0.003,23.0,59
2026-07-15T23:15:41.910Z,2026-07-15T23:16:41.910Z,0,0.003,23.0,59
2026-07-15T23:16:42.073Z,2026-07-15T23:17:42.073Z,0,0.495,23.0,59
2026-07-15T23:17:42.239Z,2026-07-15T23:18:42.239Z,0,0.057,23.0,59
2026-07-16T00:50:54.233Z,2026-07-16T00:51:54.233Z,1,0.02,23.0,59
2026-07-16T01:01:55.642Z,2026-07-16T01:02:55.642Z,1,0.007,23.0,59
2026-07-16T01:25:58.690Z,2026-07-16T01:26:58.690Z,0,0.007,23.0,59
2026-07-16T01:48:01.509Z,2026-07-16T01:49:01.509Z,2,0.116,23.0,59
2026-07-16T01:49:01.673Z,2026-07-16T01:50:01.673Z,1,0.027,23.0,59
2026-07-16T01:50:01.836Z,2026-07-16T01:51:01.836Z,1,0.013,23.0,59
2026-07-16T01:56:02.632Z,2026-07-16T01:57:02.632Z,0,0.007,23.0,59
2026-07-16T02:02:03.319Z,2026-07-16T02:03:03.319Z,0,0.007,23.0,59
2026-07-16T02:03:03.483Z,2026-07-16T02:04:03.483Z,0,0.01,23.0,59
2026-07-16T02:04:03.648Z,2026-07-16T02:05:03.648Z,2,0.04,23.0,59
2026-07-16T02:05:03.720Z,2026-07-16T02:06:03.720Z,1,0.033,23.0,59
2026-07-16T02:07:04.049Z,2026-07-16T02:08:04.049Z,1,0.01,23.0,59
2026-07-16T02:51:09.677Z,2026-07-16T02:52:09.677Z,1,0.01,23.0,59
2026-07-16T02:52:09.842Z,2026-07-16T02:53:09.842Z,1,0.013,23.0,59
2026-07-16T02:59:10.694Z,2026-07-16T03:00:10.694Z,0,0.003,23.0,59
2026-07-16T03:00:10.858Z,2026-07-16T03:01:10.858Z,0,0.01,23.0,59
2026-07-16T03:30:14.684Z,2026-07-16T03:31:14.684Z,0,0.003,23.0,59
2026-07-16T03:32:14.913Z,2026-07-16T03:33:14.913Z,0,0.01,23.0,59
2026-07-16T03:42:16.257Z,2026-07-16T03:43:16.257Z,3,0.297,23.0,59
2026-07-16T03:43:16.322Z,2026-07-16T03:44:16.322Z,0,0.066,23.0,59
2026-07-16T03:46:16.714Z,2026-07-16T03:47:16.714Z,1,0.07,23.0,59
2026-07-16T03:47:16.880Z,2026-07-16T03:48:16.880Z,1,0.043,23.0,59
2026-07-16T03:48:17.043Z,2026-07-16T03:49:17.043Z,2,0.11,23.0,59
2026-07-16T03:49:17.108Z,2026-07-16T03:50:17.108Z,2,0.033,23.0,59
2026-07-16T03:54:17.831Z,2026-07-16T03:55:17.831Z,1,0.027,23.0,59
2026-07-16T03:55:17.895Z,2026-07-16T03:56:17.895Z,1,0.09,23.0,59
2026-07-16T03:58:18.289Z,2026-07-16T03:59:18.289Z,1,0.013,23.0,59
2026-07-16T04:02:18.846Z,2026-07-16T04:03:18.846Z,2,0.057,23.0,59
2026-07-16T04:05:19.240Z,2026-07-16T04:06:19.240Z,2,0.043,23.0,59
2026-07-16T04:09:19.697Z,2026-07-16T04:10:19.697Z,1,0.01,23.0,59
2026-07-16T05:12:28.059Z,2026-07-16T05:13:28.059Z,0,0.003,23.0,59
2026-07-16T05:13:28.124Z,2026-07-16T05:14:28.124Z,1,0.007,23.0,59
2026-07-16T05:21:29.239Z,2026-07-16T05:22:29.239Z,1,0.007,23.0,59
2026-07-16T05:36:31.105Z,2026-07-16T05:37:31.105Z,1,0.0,23.0,59
2026-07-16T05:45:32.286Z,2026-07-16T05:46:32.286Z,0,0.003,23.0,59
2026-07-16T05:58:33.924Z,2026-07-16T05:59:33.924Z,0,0.007,23.0,59
2026-07-16T05:59:34.088Z,2026-07-16T06:00:34.088Z,1,0.013,23.0,59
2026-07-16T06:00:34.253Z,2026-07-16T06:01:34.253Z,1,0.023,23.0,59
2026-07-16T06:01:34.316Z,2026-07-16T06:02:34.316Z,1,0.007,23.0,59
2026-07-16T06:05:34.875Z,2026-07-16T06:06:34.875Z,1,0.013,23.0,59
2026-07-16T06:06:35.039Z,2026-07-16T06:07:35.039Z,0,0.003,23.0,59
2026-07-16T06:08:35.269Z,2026-07-16T06:09:35.269Z,1,0.163,23.0,59
2026-07-16T06:09:35.433Z,2026-07-16T06:10:35.433Z,1,0.027,23.0,59
2026-07-16T06:15:36.119Z,2026-07-16T06:16:36.119Z,1,0.023,23.0,59
2026-07-16T06:41:39.496Z,2026-07-16T06:42:39.496Z,0,0.003,23.0,59
2026-07-16T07:03:42.313Z,2026-07-16T07:04:42.313Z,2,0.047,23.0,59
2026-07-16T07:19:44.446Z,2026-07-16T07:20:44.446Z,0,0.007,23.0,59
2026-07-16T07:33:46.247Z,2026-07-16T07:34:46.247Z,0,0.01,23.0,59
2026-07-16T07:59:49.525Z,2026-07-16T08:00:49.525Z,0,0.007,23.0,59
2026-07-16T08:02:49.918Z,2026-07-16T08:03:49.918Z,1,0.047,23.0,59
2026-07-16T08:03:50.082Z,2026-07-16T08:04:50.082Z,1,0.339,23.0,59
2026-07-16T19:17:16.726Z,2026-07-16T19:18:16.726Z,1,0.037,23.0,59
2026-07-16T19:18:16.891Z,2026-07-16T19:19:16.891Z,0,0.013,23.0,59
2026-07-16T19:23:17.513Z,2026-07-16T19:24:17.513Z,1,0.0,23.0,59
2026-07-17T00:13:54.894Z,2026-07-17T00:14:54.894Z,0,0.007,23.0,59
2026-07-17T00:37:58.040Z,2026-07-17T00:38:58.040Z,0,0.003,23.0,59
2026-07-17T01:29:04.628Z,2026-07-17T01:30:04.628Z,0,0.017,23.0,59
2026-07-17T01:30:04.694Z,2026-07-17T01:31:04.694Z,1,0.01,23.0,59
2026-07-17T01:54:07.848Z,2026-07-17T01:55:07.848Z,1,0.043,23.0,59
2026-07-17T03:30:20.236Z,2026-07-17T03:31:20.236Z,1,0.027,23.0,59
2026-07-17T03:31:20.302Z,2026-07-17T03:32:20.302Z,1,0.01,23.0,59
2026-07-17T05:31:35.838Z,2026-07-17T05:32:35.838Z,1,0.007,23.0,59
2026-07-17T05:33:36.065Z,2026-07-17T05:34:36.065Z,1,0.007,23.0,59
2026-07-18T02:27:17.513Z,2026-07-18T02:28:17.513Z,0,0.003,23.0,59
2026-07-18T02:28:17.711Z,2026-07-18T02:29:17.711Z,1,0.033,23.0,59
2026-07-18T02:43:19.678Z,2026-07-18T02:44:19.678Z,1,0.063,23.0,59
2026-07-18T02:46:20.072Z,2026-07-18T02:47:20.072Z,0,0.003,23.0,59
2026-07-18T02:47:20.236Z,2026-07-18T02:48:20.236Z,1,0.02,23.0,59
2026-07-18T02:49:20.464Z,2026-07-18T02:50:20.464Z,1,0.007,23.0,59
2026-07-18T02:50:20.630Z,2026-07-18T02:51:20.630Z,2,0.057,23.0,59
2026-07-18T02:51:20.694Z,2026-07-18T02:52:20.694Z,2,0.053,23.0,59
2026-07-18T02:52:20.858Z,2026-07-18T02:53:20.858Z,3,0.45,23.0,59
2026-07-18T02:57:21.480Z,2026-07-18T02:58:21.480Z,1,0.007,23.0,59
2026-07-18T03:06:22.661Z,2026-07-18T03:07:22.661Z,1,0.017,23.0,59
2026-07-18T03:07:22.724Z,2026-07-18T03:08:22.724Z,2,0.02,23.0,59
2026-07-18T03:08:22.890Z,2026-07-18T03:09:22.890Z,1,0.02,23.0,59
2026-07-18T03:09:23.053Z,2026-07-18T03:10:23.053Z,2,0.02,23.0,59
2026-07-18T03:21:24.528Z,2026-07-18T03:22:24.528Z,1,0.02,23.0,59
2026-07-18T03:22:24.691Z,2026-07-18T03:23:24.691Z,2,0.08,23.0,59
2026-07-18T03:23:24.855Z,2026-07-18T03:24:24.855Z,1,0.023,23.0,59
2026-07-18T03:25:25.085Z,2026-07-18T03:26:25.085Z,0,0.003,23.0,59
2026-07-18T03:33:26.101Z,2026-07-18T03:34:26.101Z,1,0.027,23.0,59
2026-07-18T03:42:27.280Z,2026-07-18T03:43:27.280Z,0,0.01,23.0,59
2026-07-18T03:43:27.446Z,2026-07-18T03:44:27.446Z,0,0.003,23.0,59
2026-07-18T03:44:27.509Z,2026-07-18T03:45:27.509Z,1,0.013,23.0,59
2026-07-18T03:45:27.674Z,2026-07-18T03:46:27.674Z,1,0.02,23.0,59
2026-07-18T03:46:27.838Z,2026-07-18T03:47:27.838Z,1,0.02,23.0,59
2026-07-18T03:47:27.903Z,2026-07-18T03:48:27.903Z,0,0.007,23.0,59
2026-07-18T04:00:29.641Z,2026-07-18T04:01:29.641Z,1,0.07,23.0,59
2026-07-18T04:08:30.657Z,2026-07-18T04:09:30.657Z,1,0.017,23.0,59
2026-07-18T04:09:30.721Z,2026-07-18T04:10:30.721Z,1,0.013,23.0,59
2026-07-18T04:15:31.507Z,2026-07-18T04:16:31.507Z,1,0.01,23.0,59
2026-07-18T04:16:31.673Z,2026-07-18T04:17:31.673Z,2,0.023,23.0,59
2026-07-18T04:17:31.836Z,2026-07-18T04:18:31.836Z,1,0.003,23.0,59
2026-07-18T04:21:32.295Z,2026-07-18T04:22:32.295Z,1,0.003,23.0,59
2026-07-18T04:22:32.460Z,2026-07-18T04:23:32.460Z,1,0.027,23.0,59
2026-07-18T04:24:32.688Z,2026-07-18T04:25:32.688Z,0,0.007,23.0,59
2026-07-18T04:25:32.852Z,2026-07-18T04:26:32.852Z,1,0.0,23.0,59
2026-07-18T04:26:32.917Z,2026-07-18T04:27:32.917Z,3,0.043,23.0,59
2026-07-18T04:30:33.474Z,2026-07-18T04:31:33.474Z,1,0.013,23.0,59
2026-07-18T04:31:33.640Z,2026-07-18T04:32:33.640Z,1,0.013,23.0,59
2026-07-18T04:37:34.326Z,2026-07-18T04:38:34.326Z,5,0.153,23.0,59
2026-07-19T20:13:40.859Z,2026-07-19T20:14:40.859Z,1,0.01,23.0,59
2026-07-19T20:14:40.924Z,2026-07-19T20:15:40.924Z,0,0.003,23.0,59
2026-07-19T23:56:09.453Z,2026-07-19T23:57:09.453Z,0,0.003,23.0,59
2026-07-20T00:35:14.467Z,2026-07-20T00:36:14.467Z,0,0.003,23.0,59
2026-07-20T00:36:14.631Z,2026-07-20T00:37:14.631Z,0,0.003,23.0,59
2026-07-20T01:06:18.466Z,2026-07-20T01:07:18.466Z,0,0.007,23.0,59
2026-07-20T01:07:18.630Z,2026-07-20T01:08:18.630Z,0,0.007,23.0,59
2026-07-20T01:19:20.104Z,2026-07-20T01:20:20.104Z,1,0.01,23.0,59
2026-07-20T01:24:20.726Z,2026-07-20T01:25:20.726Z,0,0.007,23.0,59
2026-07-20T01:34:22.071Z,2026-07-20T01:35:22.071Z,1,0.007,23.0,59
2026-07-20T01:52:24.438Z,2026-07-20T01:53:24.438Z,0,0.013,23.0,59
2026-07-20T02:01:25.519Z,2026-07-20T02:02:25.519Z,1,0.01,23.0,59
2026-07-20T02:05:26.076Z,2026-07-20T02:06:26.076Z,0,0.003,23.0,59
2026-07-20T02:10:26.690Z,2026-07-20T02:11:26.690Z,0,0.003,23.0,59
2026-07-20T02:51:32.033Z,2026-07-20T02:52:32.033Z,0,0.003,23.0,59
2026-07-20T03:35:37.678Z,2026-07-20T03:36:37.678Z,0,0.003,23.0,59
2026-07-20T03:36:37.842Z,2026-07-20T03:37:37.842Z,4,0.097,23.0,59
2026-07-20T03:38:38.072Z,2026-07-20T03:39:38.072Z,1,0.013,23.0,59
2026-07-20T03:43:38.694Z,2026-07-20T03:44:38.694Z,1,0.013,23.0,59
2026-07-20T03:46:39.088Z,2026-07-20T03:47:39.088Z,1,0.027,23.0,59
2026-07-20T04:12:42.463Z,2026-07-20T04:13:42.463Z,1,0.013,23.0,59
2026-07-20T04:16:42.921Z,2026-07-20T04:17:42.921Z,1,0.007,23.0,59
2026-07-20T04:24:44.036Z,2026-07-20T04:25:44.036Z,1,0.03,23.0,59
2026-07-20T04:25:44.109Z,2026-07-20T04:26:44.109Z,1,0.013,23.0,59
2026-07-20T04:26:44.275Z,2026-07-20T04:27:44.275Z,0,0.007,23.0,59
2026-07-20T04:27:44.430Z,2026-07-20T04:28:44.430Z,1,0.02,23.0,59
2026-07-20T04:28:44.503Z,2026-07-20T04:29:44.503Z,1,0.017,23.0,59
2026-07-20T04:29:44.667Z,2026-07-20T04:30:44.667Z,2,0.033,23.0,59
2026-07-20T04:44:46.526Z,2026-07-20T04:45:46.526Z,0,0.007,23.0,59
2026-07-20T04:49:47.249Z,2026-07-20T04:50:47.249Z,1,0.017,23.0,59
2026-07-20T04:50:47.312Z,2026-07-20T04:51:47.312Z,0,0.01,23.0,59
2026-07-20T04:51:47.469Z,2026-07-20T04:52:47.469Z,1,0.14,23.0,59
2026-07-20T04:54:47.862Z,2026-07-20T04:55:47.862Z,1,0.013,23.0,59
2026-07-20T04:55:47.927Z,2026-07-20T04:56:47.927Z,1,0.047,23.0,59
2026-07-20T04:57:48.256Z,2026-07-20T04:58:48.256Z,1,0.023,23.0,59
2026-07-20T04:59:48.493Z,2026-07-20T05:00:48.493Z,0,0.003,23.0,59
2026-07-20T05:10:49.901Z,2026-07-20T05:11:49.901Z,1,0.01,23.0,59
2026-07-20T05:11:50.066Z,2026-07-20T05:12:50.066Z,2,0.053,23.0,59
2026-07-20T05:16:50.688Z,2026-07-20T05:17:50.688Z,1,0.03,23.0,59
2026-07-20T05:17:50.852Z,2026-07-20T05:18:50.852Z,2,0.033,23.0,59
2026-07-20T05:21:51.311Z,2026-07-20T05:22:51.311Z,1,0.017,23.0,59
2026-07-20T06:23:59.306Z,2026-07-20T06:24:59.306Z,2,0.04,23.0,59
2026-07-20T06:24:59.463Z,2026-07-20T06:25:59.463Z,0,0.007,23.0,59
2026-07-20T06:27:59.865Z,2026-07-20T06:28:59.865Z,1,0.05,23.0,59
2026-07-20T06:37:01.045Z,2026-07-20T06:38:01.045Z,1,0.02,23.0,59
2026-07-20T07:06:04.706Z,2026-07-20T07:07:04.706Z,0,0.013,23.0,59
2026-07-20T07:17:06.115Z,2026-07-20T07:18:06.115Z,1,0.007,23.0,59
2026-07-20T07:28:07.523Z,2026-07-20T07:29:07.523Z,0,0.01,23.0,59
2026-07-20T07:36:08.640Z,2026-07-20T07:37:08.640Z,2,0.037,23.0,59
2026-07-20T08:19:14.111Z,2026-07-20T08:20:14.111Z,1,0.013,23.0,59
2026-07-20T08:22:14.505Z,2026-07-20T08:23:14.505Z,0,0.007,23.0,59
2026-07-20T19:19:39.714Z,2026-07-20T19:20:39.714Z,0,0.003,23.0,59
2026-07-20T19:29:41.059Z,2026-07-20T19:30:41.059Z,1,0.01,23.0,59
2026-07-20T19:30:41.124Z,2026-07-20T19:31:41.124Z,0,0.013,23.0,59
2026-07-20T19:33:41.517Z,2026-07-20T19:34:41.517Z,0,0.01,23.0,59
2026-07-21T00:33:20.276Z,2026-07-21T00:34:20.276Z,0,0.003,23.0,59
2026-07-21T00:34:20.440Z,2026-07-21T00:35:20.440Z,1,0.017,23.0,59
2026-07-21T00:37:20.835Z,2026-07-21T00:38:20.835Z,0,0.007,23.0,59
2026-07-21T00:39:21.063Z,2026-07-21T00:40:21.063Z,1,0.007,23.0,59
2026-07-21T00:41:21.292Z,2026-07-21T00:42:21.292Z,1,0.007,23.0,59
2026-07-21T00:56:23.259Z,2026-07-21T00:57:23.259Z,0,0.003,23.0,59
2026-07-21T01:06:24.503Z,2026-07-21T01:07:24.503Z,0,0.007,23.0,59
2026-07-21T01:36:28.438Z,2026-07-21T01:37:28.438Z,0,0.007,23.0,59
2026-07-21T01:43:29.289Z,2026-07-21T01:44:29.289Z,0,0.003,23.0,59
2026-07-21T01:44:29.454Z,2026-07-21T01:45:29.454Z,0,0.007,23.0,59
2026-07-21T01:45:29.526Z,2026-07-21T01:46:29.526Z,1,0.13,23.0,59
2026-07-21T01:46:29.684Z,2026-07-21T01:47:29.684Z,0,0.11,23.0,59
2026-07-21T01:56:31.036Z,2026-07-21T01:57:31.036Z,1,0.003,23.0,59
2026-07-21T02:00:31.519Z,2026-07-21T02:01:31.519Z,0,0.013,23.0,59
2026-07-21T02:05:32.242Z,2026-07-21T02:06:32.242Z,1,0.007,23.0,59
2026-07-21T02:06:32.305Z,2026-07-21T02:07:32.305Z,1,0.017,23.0,59
2026-07-21T02:08:32.634Z,2026-07-21T02:09:32.634Z,1,0.207,23.0,59
2026-07-21T02:09:32.700Z,2026-07-21T02:10:32.700Z,0,0.535,23.0,59
2026-07-21T02:10:32.864Z,2026-07-21T02:11:32.864Z,0,0.753,23.0,59
2026-07-21T02:11:32.928Z,2026-07-21T02:12:32.928Z,0,0.738,23.0,59
2026-07-21T02:12:33.092Z,2026-07-21T02:13:33.092Z,0,0.422,23.0,59
2026-07-21T02:20:34.108Z,2026-07-21T02:21:34.108Z,0,0.003,23.0,59
2026-07-21T02:24:34.665Z,2026-07-21T02:25:34.665Z,1,0.017,23.0,59
2026-07-21T02:25:34.831Z,2026-07-21T02:26:34.831Z,1,0.037,23.0,59
2026-07-21T02:27:35.059Z,2026-07-21T02:28:35.059Z,0,0.047,23.0,59
2026-07-21T02:28:35.124Z,2026-07-21T02:29:35.124Z,0,0.116,23.0,59
2026-07-21T02:29:35.289Z,2026-07-21T02:30:35.289Z,1,0.103,23.0,59
2026-07-21T02:30:35.453Z,2026-07-21T02:31:35.453Z,0,0.55,23.0,59
2026-07-21T02:31:35.517Z,2026-07-21T02:32:35.517Z,0,0.01,23.0,59
2026-07-21T02:32:35.681Z,2026-07-21T02:33:35.681Z,4,0.767,23.0,59
2026-07-21T02:33:35.838Z,2026-07-21T02:34:35.838Z,2,0.31,23.0,59
2026-07-21T02:34:35.911Z,2026-07-21T02:35:35.911Z,2,0.126,23.0,59
2026-07-21T02:35:36.075Z,2026-07-21T02:36:36.075Z,3,0.262,23.0,59
2026-07-21T02:36:36.240Z,2026-07-21T02:37:36.240Z,1,0.073,23.0,59
2026-07-21T02:45:37.319Z,2026-07-21T02:46:37.319Z,0,0.007,23.0,59
2026-07-21T02:49:37.878Z,2026-07-21T02:50:37.878Z,0,0.037,23.0,59
2026-07-21T02:55:38.664Z,2026-07-21T02:56:38.664Z,1,0.087,23.0,59
2026-07-21T02:58:39.058Z,2026-07-21T02:59:39.058Z,2,0.033,23.0,59
2026-07-21T03:00:39.286Z,2026-07-21T03:01:39.286Z,1,0.02,23.0,59
2026-07-21T03:01:39.450Z,2026-07-21T03:02:39.450Z,5,0.253,23.0,59
2026-07-21T03:02:39.515Z,2026-07-21T03:03:39.515Z,1,1.03,23.0,59
2026-07-21T03:03:39.680Z,2026-07-21T03:04:39.680Z,0,1.0,23.0,59
2026-07-21T03:04:39.844Z,2026-07-21T03:05:39.844Z,0,1.0,23.0,59
2026-07-21T03:05:39.908Z,2026-07-21T03:06:39.908Z,0,0.99,23.0,59
2026-07-21T03:06:40.072Z,2026-07-21T03:07:40.072Z,0,1.0,23.0,59
2026-07-21T03:07:40.237Z,2026-07-21T03:08:40.237Z,0,0.993,23.0,59
2026-07-21T03:08:40.302Z,2026-07-21T03:09:40.302Z,1,1.0,23.0,59
2026-07-21T03:09:40.467Z,2026-07-21T03:10:40.467Z,1,0.01,23.0,59
2026-07-21T03:28:42.882Z,2026-07-21T03:29:42.882Z,0,0.01,23.0,59
2026-07-21T03:42:44.686Z,2026-07-21T03:43:44.686Z,3,0.88,23.0,59
2026-07-21T03:43:44.832Z,2026-07-21T03:44:44.832Z,6,2.497,23.0,59
2026-07-21T03:44:44.905Z,2026-07-21T03:45:44.905Z,2,1.369,23.0,59
2026-07-21T03:45:45.071Z,2026-07-21T03:46:45.071Z,1,1.86,23.0,59
2026-07-21T03:46:45.127Z,2026-07-21T03:47:45.127Z,3,1.568,23.0,59
2026-07-21T03:47:45.290Z,2026-07-21T03:48:45.290Z,2,0.654,23.0,59
2026-07-21T03:48:45.463Z,2026-07-21T03:49:45.463Z,2,0.837,23.0,59
2026-07-21T03:49:45.644Z,2026-07-21T03:50:45.644Z,1,0.797,23.0,59
2026-07-21T03:50:45.710Z,2026-07-21T03:51:45.710Z,0,0.505,23.0,59
2026-07-21T03:54:46.267Z,2026-07-21T03:55:46.267Z,1,0.02,23.0,59
2026-07-21T03:58:46.724Z,2026-07-21T03:59:46.724Z,0,0.003,23.0,59
2026-07-21T03:59:46.890Z,2026-07-21T04:00:46.890Z,2,0.02,23.0,59
2026-07-21T04:02:47.282Z,2026-07-21T04:03:47.282Z,1,0.01,23.0,59
2026-07-21T04:03:47.447Z,2026-07-21T04:04:47.447Z,0,0.01,23.0,59
2026-07-21T04:04:47.512Z,2026-07-21T04:05:47.512Z,0,0.01,23.0,59
2026-07-21T04:09:48.233Z,2026-07-21T04:10:48.233Z,1,0.01,23.0,59
2026-07-21T04:10:48.299Z,2026-07-21T04:11:48.299Z,1,0.243,23.0,59
2026-07-21T04:11:48.463Z,2026-07-21T04:12:48.463Z,0,1.006,23.0,59
2026-07-21T04:12:48.519Z,2026-07-21T04:13:48.519Z,0,0.213,23.0,59
2026-07-21T04:14:48.857Z,2026-07-21T04:15:48.857Z,1,0.0,23.0,59
2026-07-21T04:16:49.085Z,2026-07-21T04:17:49.085Z,4,0.027,23.0,59
2026-07-21T04:17:49.250Z,2026-07-21T04:18:49.250Z,4,0.017,23.0,59
2026-07-21T04:18:49.315Z,2026-07-21T04:19:49.315Z,2,0.0,23.0,59
2026-07-21T04:19:49.479Z,2026-07-21T04:20:49.479Z,1,0.007,23.0,59
2026-07-21T04:20:49.644Z,2026-07-21T04:21:49.644Z,2,0.0,23.0,59
2026-07-21T04:21:49.707Z,2026-07-21T04:22:49.707Z,2,0.0,23.0,59
2026-07-21T04:22:49.872Z,2026-07-21T04:23:49.872Z,1,0.007,23.0,59
2026-07-21T04:27:50.494Z,2026-07-21T04:28:50.494Z,3,0.113,23.0,59
2026-07-21T04:29:50.723Z,2026-07-21T04:30:50.723Z,1,0.013,23.0,59
2026-07-21T04:30:50.888Z,2026-07-21T04:31:50.888Z,0,0.066,23.0,59
2026-07-21T04:31:51.052Z,2026-07-21T04:32:51.052Z,1,0.09,23.0,59
2026-07-21T04:41:52.296Z,2026-07-21T04:42:52.296Z,3,0.05,23.0,59
2026-07-21T04:42:52.461Z,2026-07-21T04:43:52.461Z,0,0.04,23.0,59
2026-07-21T04:43:52.526Z,2026-07-21T04:44:52.526Z,1,0.017,23.0,59
2026-07-21T04:47:53.084Z,2026-07-21T04:48:53.084Z,1,0.163,23.0,59
2026-07-21T04:48:53.240Z,2026-07-21T04:49:53.240Z,1,0.807,23.0,59
2026-07-21T04:49:53.305Z,2026-07-21T04:50:53.305Z,1,0.043,23.0,59
2026-07-21T04:57:54.529Z,2026-07-21T04:58:54.529Z,0,0.591,23.0,59
2026-07-21T04:58:54.693Z,2026-07-21T04:59:54.693Z,1,0.279,23.0,59
2026-07-21T04:59:54.858Z,2026-07-21T05:00:54.858Z,2,0.167,23.0,59
2026-07-21T05:00:54.921Z,2026-07-21T05:01:54.921Z,0,0.003,23.0,59
2026-07-21T05:03:55.315Z,2026-07-21T05:04:55.315Z,0,0.11,23.0,59
2026-07-21T05:04:55.480Z,2026-07-21T05:05:55.480Z,0,0.173,23.0,59
2026-07-21T05:05:55.644Z,2026-07-21T05:06:55.644Z,0,0.173,23.0,59
2026-07-21T05:06:55.709Z,2026-07-21T05:07:55.709Z,0,0.083,23.0,59
2026-07-21T05:08:56.038Z,2026-07-21T05:09:56.038Z,1,0.023,23.0,59
2026-07-21T05:15:56.888Z,2026-07-21T05:16:56.888Z,0,0.003,23.0,59
2026-07-21T05:17:57.118Z,2026-07-21T05:18:57.118Z,0,0.103,23.0,59
2026-07-21T05:18:57.282Z,2026-07-21T05:19:57.282Z,0,0.033,23.0,59
2026-07-21T05:28:58.526Z,2026-07-21T05:29:58.526Z,1,0.04,23.0,59
2026-07-21T05:30:58.855Z,2026-07-21T05:31:58.855Z,1,0.593,23.0,59
2026-07-21T05:31:58.911Z,2026-07-21T05:32:58.911Z,2,0.346,23.0,59
2026-07-21T05:32:59.085Z,2026-07-21T05:33:59.085Z,2,0.1,23.0,59
2026-07-21T05:35:59.479Z,2026-07-21T05:36:59.479Z,0,0.01,23.0,59
2026-07-21T05:36:59.642Z,2026-07-21T05:37:59.642Z,1,0.147,23.0,59
2026-07-21T05:37:59.707Z,2026-07-21T05:38:59.707Z,1,0.166,23.0,59
2026-07-21T05:38:59.871Z,2026-07-21T05:39:59.871Z,0,0.023,23.0,59
2026-07-21T05:42:00.265Z,2026-07-21T05:43:00.265Z,0,0.023,23.0,59
2026-07-21T05:43:00.430Z,2026-07-21T05:44:00.430Z,1,0.057,23.0,59
2026-07-21T05:45:00.658Z,2026-07-21T05:46:00.658Z,1,0.033,23.0,59
2026-07-21T05:46:00.723Z,2026-07-21T05:47:00.723Z,0,0.01,23.0,59
2026-07-21T05:49:01.117Z,2026-07-21T05:50:01.117Z,0,0.03,23.0,59
2026-07-21T05:50:01.280Z,2026-07-21T05:51:01.280Z,0,0.04,23.0,59
2026-07-21T05:51:01.446Z,2026-07-21T05:52:01.446Z,0,0.207,23.0,59
2026-07-21T05:52:01.509Z,2026-07-21T05:53:01.509Z,0,0.355,23.0,59
2026-07-21T05:53:01.674Z,2026-07-21T05:54:01.674Z,0,0.429,23.0,59
2026-07-21T05:56:02.068Z,2026-07-21T05:57:02.068Z,1,0.017,23.0,59
2026-07-21T05:57:02.232Z,2026-07-21T05:58:02.232Z,1,0.467,23.0,59
2026-07-21T05:58:02.296Z,2026-07-21T05:59:02.296Z,1,0.781,23.0,59
2026-07-21T05:59:02.460Z,2026-07-21T06:00:02.460Z,1,0.283,23.0,59
2026-07-21T06:00:02.526Z,2026-07-21T06:01:02.526Z,0,1.0,23.0,59
2026-07-21T06:01:02.690Z,2026-07-21T06:02:02.690Z,0,1.0,23.0,59
2026-07-21T06:02:02.855Z,2026-07-21T06:03:02.855Z,4,0.633,23.0,59
2026-07-21T06:03:02.911Z,2026-07-21T06:04:02.911Z,1,2.691,23.0,59
2026-07-21T06:04:03.066Z,2026-07-21T06:05:03.066Z,1,1.817,23.0,59
2026-07-21T06:05:03.240Z,2026-07-21T06:06:03.240Z,1,0.653,23.0,59
2026-07-21T06:06:03.303Z,2026-07-21T06:07:03.303Z,0,0.143,23.0,59
2026-07-21T06:07:03.476Z,2026-07-21T06:08:03.476Z,1,0.375,23.0,59
2026-07-21T06:08:03.641Z,2026-07-21T06:09:03.641Z,0,0.857,23.0,59
2026-07-21T06:09:03.706Z,2026-07-21T06:10:03.706Z,1,0.017,23.0,59
2026-07-21T06:11:04.035Z,2026-07-21T06:12:04.035Z,2,0.133,23.0,59
2026-07-21T06:13:04.263Z,2026-07-21T06:14:04.263Z,1,0.03,23.0,59
2026-07-21T06:14:04.328Z,2026-07-21T06:15:04.328Z,1,0.027,23.0,59
2026-07-21T06:15:04.493Z,2026-07-21T06:16:04.493Z,1,0.296,23.0,59
2026-07-21T06:16:04.657Z,2026-07-21T06:17:04.657Z,0,0.387,23.0,59
2026-07-21T06:17:04.721Z,2026-07-21T06:18:04.721Z,0,0.435,23.0,59
2026-07-21T06:18:04.885Z,2026-07-21T06:19:04.885Z,1,0.043,23.0,59
2026-07-21T06:19:05.051Z,2026-07-21T06:20:05.051Z,7,0.583,23.0,59
2026-07-21T06:20:05.098Z,2026-07-21T06:21:05.098Z,1,0.458,23.0,59
2026-07-21T06:21:05.263Z,2026-07-21T06:22:05.263Z,3,0.555,23.0,59
2026-07-21T06:22:05.444Z,2026-07-21T06:23:05.444Z,0,0.083,23.0,59
2026-07-21T06:24:05.673Z,2026-07-21T06:25:05.673Z,0,0.003,23.0,59
2026-07-21T06:25:05.836Z,2026-07-21T06:26:05.836Z,1,0.377,23.0,59
2026-07-21T06:26:05.901Z,2026-07-21T06:27:05.901Z,0,0.289,23.0,59
2026-07-21T06:27:06.065Z,2026-07-21T06:28:06.065Z,2,0.29,23.0,59
2026-07-21T06:28:06.122Z,2026-07-21T06:29:06.122Z,0,1.002,23.0,59
2026-07-21T06:29:06.295Z,2026-07-21T06:30:06.295Z,0,0.834,23.0,59
2026-07-21T06:30:06.460Z,2026-07-21T06:31:06.460Z,0,1.0,23.0,59
2026-07-21T06:31:06.523Z,2026-07-21T06:32:06.523Z,2,1.159,23.0,59
2026-07-21T06:32:06.688Z,2026-07-21T06:33:06.688Z,1,0.342,23.0,59
2026-07-21T06:33:06.852Z,2026-07-21T06:34:06.852Z,1,0.013,23.0,59
2026-07-21T06:34:06.917Z,2026-07-21T06:35:06.917Z,2,0.04,23.0,59
2026-07-21T06:35:07.082Z,2026-07-21T06:36:07.082Z,0,0.056,23.0,59
2026-07-21T06:36:07.246Z,2026-07-21T06:37:07.246Z,0,0.013,23.0,59
2026-07-21T06:51:09.114Z,2026-07-21T06:52:09.114Z,1,0.143,23.0,59
2026-07-21T06:52:09.278Z,2026-07-21T06:53:09.278Z,0,0.033,23.0,59
2026-07-21T06:53:09.443Z,2026-07-21T06:54:09.443Z,0,0.003,23.0,59
2026-07-21T06:54:09.506Z,2026-07-21T06:55:09.506Z,0,0.007,23.0,59
2026-07-21T06:58:10.065Z,2026-07-21T06:59:10.065Z,0,0.027,23.0,59
2026-07-21T06:59:10.229Z,2026-07-21T07:00:10.229Z,0,0.433,23.0,59
2026-07-21T07:00:10.293Z,2026-07-21T07:01:10.293Z,0,0.249,23.0,59
2026-07-21T07:02:10.523Z,2026-07-21T07:03:10.523Z,0,0.193,23.0,59
2026-07-21T07:03:10.687Z,2026-07-21T07:04:10.687Z,0,0.136,23.0,59
2026-07-21T07:04:10.851Z,2026-07-21T07:05:10.851Z,2,0.533,23.0,59
2026-07-21T07:05:10.915Z,2026-07-21T07:06:10.915Z,0,1.0,23.0,59
2026-07-21T07:06:11.081Z,2026-07-21T07:07:11.081Z,0,0.571,23.0,59
2026-07-21T07:07:11.244Z,2026-07-21T07:08:11.244Z,0,0.03,23.0,59
2026-07-21T07:08:11.309Z,2026-07-21T07:09:11.309Z,1,0.033,23.0,59
2026-07-21T07:09:11.473Z,2026-07-21T07:10:11.473Z,0,0.007,23.0,59
2026-07-21T07:10:11.638Z,2026-07-21T07:11:11.638Z,1,0.473,23.0,59
2026-07-21T07:11:11.703Z,2026-07-21T07:12:11.703Z,1,0.033,23.0,59
2026-07-21T07:12:11.868Z,2026-07-21T07:13:11.868Z,2,0.289,23.0,59
2026-07-21T07:13:12.032Z,2026-07-21T07:14:12.032Z,0,0.23,23.0,59
2026-07-21T07:15:12.260Z,2026-07-21T07:16:12.260Z,0,0.01,23.0,59
2026-07-21T07:16:12.325Z,2026-07-21T07:17:12.325Z,4,0.173,23.0,59
2026-07-21T07:17:12.490Z,2026-07-21T07:18:12.490Z,2,0.03,23.0,59
2026-07-21T07:18:12.654Z,2026-07-21T07:19:12.654Z,4,0.167,23.0,59
2026-07-21T07:19:12.710Z,2026-07-21T07:20:12.710Z,2,0.664,23.0,59
2026-07-21T07:20:12.875Z,2026-07-21T07:21:12.875Z,1,0.08,23.0,59
2026-07-21T07:21:13.039Z,2026-07-21T07:22:13.039Z,1,0.087,23.0,59
2026-07-21T07:22:13.104Z,2026-07-21T07:23:13.104Z,0,0.01,23.0,59
2026-07-21T07:28:13.898Z,2026-07-21T07:29:13.898Z,1,0.01,23.0,59
2026-07-21T07:30:14.128Z,2026-07-21T07:31:14.128Z,0,0.003,23.0,59
2026-07-21T07:31:14.292Z,2026-07-21T07:32:14.292Z,0,0.316,23.0,59
2026-07-21T07:32:14.457Z,2026-07-21T07:33:14.457Z,1,0.013,23.0,59
2026-07-21T07:33:14.522Z,2026-07-21T07:34:14.522Z,0,0.013,23.0,59
2026-07-21T07:45:16.095Z,2026-07-21T07:46:16.095Z,1,0.007,23.0,59
2026-07-21T07:51:16.874Z,2026-07-21T07:52:16.874Z,1,0.013,23.0,59
2026-07-21T07:52:17.038Z,2026-07-21T07:53:17.038Z,0,0.01,23.0,59
2026-07-21T07:54:17.266Z,2026-07-21T07:55:17.266Z,1,0.216,23.0,59
2026-07-21T07:57:17.660Z,2026-07-21T07:58:17.660Z,0,0.083,23.0,59
2026-07-21T08:03:18.447Z,2026-07-21T08:04:18.447Z,0,0.047,23.0,59
2026-07-21T08:04:18.512Z,2026-07-21T08:05:18.512Z,0,0.003,23.0,59
2026-07-21T08:06:18.841Z,2026-07-21T08:07:18.841Z,0,0.01,23.0,59
2026-07-21T08:09:19.233Z,2026-07-21T08:10:19.233Z,1,0.013,23.0,59
2026-07-21T08:10:19.299Z,2026-07-21T08:11:19.299Z,0,0.003,23.0,59
2026-07-21T08:17:20.250Z,2026-07-21T08:18:20.250Z,0,0.003,23.0,59
2026-07-21T08:35:22.510Z,2026-07-21T08:36:22.510Z,1,0.017,23.0,59
2026-07-21T08:47:24.085Z,2026-07-21T08:48:24.085Z,2,0.163,23.0,59
2026-07-21T08:51:24.641Z,2026-07-21T08:52:24.641Z,0,0.123,23.0,59
2026-07-21T09:13:27.460Z,2026-07-21T09:14:27.460Z,1,0.123,23.0,59
2026-07-21T09:14:27.525Z,2026-07-21T09:15:27.525Z,0,0.003,23.0,59
2026-07-21T19:17:45.128Z,2026-07-21T19:18:45.128Z,1,0.003,23.0,59
2026-07-21T23:05:14.443Z,2026-07-21T23:06:14.443Z,0,0.003,23.0,59
2026-07-21T23:07:14.671Z,2026-07-21T23:08:14.671Z,0,0.003,23.0,59
2026-07-21T23:08:14.835Z,2026-07-21T23:09:14.835Z,0,0.003,23.0,59
2026-07-21T23:09:14.901Z,2026-07-21T23:10:14.901Z,0,0.03,23.0,59
2026-07-21T23:10:15.065Z,2026-07-21T23:11:15.065Z,0,0.03,23.0,59
2026-07-21T23:11:15.230Z,2026-07-21T23:12:15.230Z,0,0.02,23.0,59
2026-07-21T23:12:15.293Z,2026-07-21T23:13:15.293Z,0,0.01,23.0,59
2026-07-21T23:13:15.459Z,2026-07-21T23:14:15.459Z,0,0.01,23.0,59
2026-07-21T23:14:15.523Z,2026-07-21T23:15:15.523Z,0,0.04,23.0,59
2026-07-21T23:15:15.687Z,2026-07-21T23:16:15.687Z,0,0.027,23.0,59
2026-07-21T23:16:15.851Z,2026-07-21T23:17:15.851Z,0,0.123,23.0,59
2026-07-21T23:17:15.917Z,2026-07-21T23:18:15.917Z,0,0.013,23.0,59
2026-07-21T23:18:16.081Z,2026-07-21T23:19:16.081Z,1,0.01,23.0,59
2026-07-21T23:19:16.244Z,2026-07-21T23:20:16.244Z,1,0.003,23.0,59
2026-07-21T23:40:18.898Z,2026-07-21T23:41:18.898Z,0,0.003,23.0,59
2026-07-22T00:27:25.029Z,2026-07-22T00:28:25.029Z,0,0.007,23.0,59
2026-07-22T00:29:25.257Z,2026-07-22T00:30:25.257Z,1,0.01,23.0,59
2026-07-22T00:38:26.437Z,2026-07-22T00:39:26.437Z,1,0.007,23.0,59
2026-07-22T00:41:26.832Z,2026-07-22T00:42:26.832Z,0,0.007,23.0,59
2026-07-22T00:50:27.911Z,2026-07-22T00:51:27.911Z,2,0.415,23.0,59
2026-07-22T00:51:28.075Z,2026-07-22T00:52:28.075Z,0,0.023,23.0,59
2026-07-22T00:52:28.240Z,2026-07-22T00:53:28.240Z,1,0.023,23.0,59
2026-07-22T00:53:28.305Z,2026-07-22T00:54:28.305Z,0,0.023,23.0,59
2026-07-22T00:55:28.634Z,2026-07-22T00:56:28.634Z,1,0.02,23.0,59
2026-07-22T00:56:28.698Z,2026-07-22T00:57:28.698Z,0,0.003,23.0,59
2026-07-22T00:58:29.052Z,2026-07-22T00:59:29.052Z,0,0.003,23.0,59
2026-07-22T01:17:31.476Z,2026-07-22T01:18:31.476Z,1,0.01,23.0,59
2026-07-22T01:23:32.263Z,2026-07-22T01:24:32.263Z,2,0.017,23.0,59
2026-07-22T01:51:35.868Z,2026-07-22T01:52:35.868Z,0,0.003,23.0,59
2026-07-22T01:53:36.098Z,2026-07-22T01:54:36.098Z,1,0.013,23.0,59
2026-07-22T01:56:36.490Z,2026-07-22T01:57:36.490Z,1,0.027,23.0,59
2026-07-22T01:58:36.720Z,2026-07-22T01:59:36.720Z,0,0.023,23.0,59
2026-07-22T02:01:37.112Z,2026-07-22T02:02:37.112Z,1,0.023,23.0,59
2026-07-22T02:02:37.278Z,2026-07-22T02:03:37.278Z,0,0.003,23.0,59
2026-07-22T02:04:37.506Z,2026-07-22T02:05:37.506Z,1,0.04,23.0,59
2026-07-22T02:10:38.493Z,2026-07-22T02:11:38.493Z,0,0.007,23.0,59
2026-07-22T02:11:38.657Z,2026-07-22T02:12:38.657Z,3,0.053,23.0,59
2026-07-22T02:12:38.829Z,2026-07-22T02:13:38.829Z,1,0.85,23.0,59
2026-07-22T02:13:38.887Z,2026-07-22T02:14:38.887Z,0,0.983,23.0,59
2026-07-22T02:14:39.051Z,2026-07-22T02:15:39.051Z,0,0.51,23.0,59
2026-07-22T02:15:39.115Z,2026-07-22T02:16:39.115Z,1,0.233,23.0,59
2026-07-22T02:16:39.279Z,2026-07-22T02:17:39.279Z,3,0.369,23.0,59
2026-07-22T02:17:39.444Z,2026-07-22T02:18:39.444Z,4,0.077,23.0,59
2026-07-22T02:18:39.516Z,2026-07-22T02:19:39.516Z,4,0.282,23.0,59
2026-07-22T02:19:39.681Z,2026-07-22T02:20:39.681Z,1,0.033,23.0,59
2026-07-22T02:20:39.845Z,2026-07-22T02:21:39.845Z,1,0.063,23.0,59
2026-07-22T02:33:41.483Z,2026-07-22T02:34:41.483Z,2,0.023,23.0,59
2026-07-22T02:34:41.648Z,2026-07-22T02:35:41.648Z,1,0.467,23.0,59
2026-07-22T02:35:41.713Z,2026-07-22T02:36:41.713Z,2,0.159,23.0,59
2026-07-22T02:36:41.877Z,2026-07-22T02:37:41.877Z,1,0.13,23.0,59
2026-07-22T02:37:42.042Z,2026-07-22T02:38:42.042Z,0,0.023,23.0,59
2026-07-22T02:38:42.105Z,2026-07-22T02:39:42.105Z,1,0.017,23.0,59
2026-07-22T02:39:42.270Z,2026-07-22T02:40:42.270Z,0,0.033,23.0,59
2026-07-22T02:40:42.434Z,2026-07-22T02:41:42.434Z,2,0.043,23.0,59
2026-07-22T02:41:42.500Z,2026-07-22T02:42:42.500Z,1,0.017,23.0,59
2026-07-22T02:53:44.072Z,2026-07-22T02:54:44.072Z,0,0.007,23.0,59
2026-07-22T02:55:44.302Z,2026-07-22T02:56:44.302Z,0,0.007,23.0,59
2026-07-22T02:56:44.467Z,2026-07-22T02:57:44.467Z,2,0.037,23.0,59
2026-07-22T02:57:44.631Z,2026-07-22T02:58:44.631Z,1,0.023,23.0,59
2026-07-22T02:58:44.696Z,2026-07-22T02:59:44.696Z,2,0.027,23.0,59
2026-07-22T03:02:45.253Z,2026-07-22T03:03:45.253Z,0,0.017,23.0,59
2026-07-22T03:03:45.318Z,2026-07-22T03:04:45.318Z,1,0.01,23.0,59
2026-07-22T03:06:45.711Z,2026-07-22T03:07:45.711Z,1,0.027,23.0,59
2026-07-22T03:34:49.316Z,2026-07-22T03:35:49.316Z,1,0.013,23.0,59
2026-07-22T03:35:49.480Z,2026-07-22T03:36:49.480Z,0,0.003,23.0,59
2026-07-22T03:43:50.496Z,2026-07-22T03:44:50.496Z,1,0.017,23.0,59
2026-07-22T03:44:50.653Z,2026-07-22T03:45:50.653Z,1,0.013,23.0,59
2026-07-22T03:48:51.118Z,2026-07-22T03:49:51.118Z,0,0.01,23.0,59
2026-07-22T03:51:51.513Z,2026-07-22T03:52:51.513Z,0,0.003,23.0,59
2026-07-22T03:55:52.071Z,2026-07-22T03:56:52.071Z,2,0.027,23.0,59
2026-07-22T03:58:52.463Z,2026-07-22T03:59:52.463Z,2,0.06,23.0,59
2026-07-22T04:06:53.480Z,2026-07-22T04:07:53.480Z,0,0.003,23.0,59
2026-07-22T04:09:53.872Z,2026-07-22T04:10:53.872Z,3,0.04,23.0,59
2026-07-22T04:10:54.038Z,2026-07-22T04:11:54.038Z,0,0.04,23.0,59
2026-07-22T04:15:54.660Z,2026-07-22T04:16:54.660Z,2,0.02,23.0,59
2026-07-22T04:16:54.724Z,2026-07-22T04:17:54.724Z,2,0.04,23.0,59
2026-07-22T04:17:54.888Z,2026-07-22T04:18:54.888Z,3,0.133,23.0,59
2026-07-22T04:23:55.676Z,2026-07-22T04:24:55.676Z,0,0.003,23.0,59
2026-07-22T04:29:56.463Z,2026-07-22T04:30:56.463Z,2,0.063,23.0,59
2026-07-22T04:33:56.921Z,2026-07-22T04:34:56.921Z,1,0.023,23.0,59
2026-07-22T04:35:57.250Z,2026-07-22T04:36:57.250Z,1,0.03,23.0,59
2026-07-22T04:36:57.313Z,2026-07-22T04:37:57.313Z,0,0.007,23.0,59
2026-07-22T04:38:57.642Z,2026-07-22T04:39:57.642Z,0,0.007,23.0,59
2026-07-22T04:40:57.871Z,2026-07-22T04:41:57.871Z,0,0.013,23.0,59
2026-07-22T04:41:58.036Z,2026-07-22T04:42:58.036Z,1,0.013,23.0,59
2026-07-22T04:49:59.052Z,2026-07-22T04:50:59.052Z,1,0.017,23.0,59
2026-07-22T04:52:59.446Z,2026-07-22T04:53:59.446Z,2,0.03,23.0,59
2026-07-22T05:13:02.035Z,2026-07-22T05:14:02.035Z,1,0.027,23.0,59
2026-07-22T05:17:02.493Z,2026-07-22T05:18:02.493Z,0,0.007,23.0,59
2026-07-22T05:20:02.887Z,2026-07-22T05:21:02.887Z,2,0.027,23.0,59
2026-07-22T05:21:03.051Z,2026-07-22T05:22:03.051Z,0,0.007,23.0,59
2026-07-22T05:22:03.115Z,2026-07-22T05:23:03.115Z,2,0.08,23.0,59
2026-07-22T05:24:03.444Z,2026-07-22T05:25:03.444Z,0,0.003,23.0,59
2026-07-22T05:25:03.509Z,2026-07-22T05:26:03.509Z,0,0.007,23.0,59
2026-07-22T05:28:03.901Z,2026-07-22T05:29:03.901Z,1,0.02,23.0,59
2026-07-22T05:29:04.066Z,2026-07-22T05:30:04.066Z,1,0.01,23.0,59
2026-07-22T05:30:04.122Z,2026-07-22T05:31:04.122Z,0,0.01,23.0,59
2026-07-22T05:31:04.288Z,2026-07-22T05:32:04.288Z,0,0.007,23.0,59
2026-07-22T05:33:04.516Z,2026-07-22T05:34:04.516Z,0,0.007,23.0,59
2026-07-22T05:34:04.680Z,2026-07-22T05:35:04.680Z,0,0.189,23.0,59
2026-07-22T05:35:04.845Z,2026-07-22T05:36:04.845Z,0,0.02,23.0,59
2026-07-22T05:46:06.263Z,2026-07-22T05:47:06.263Z,0,0.003,23.0,59
2026-07-22T05:49:06.648Z,2026-07-22T05:50:06.648Z,1,0.013,23.0,59
2026-07-22T05:54:07.279Z,2026-07-22T05:55:07.279Z,1,0.017,23.0,59
2026-07-22T05:56:07.507Z,2026-07-22T05:57:07.507Z,0,0.007,23.0,59
2026-07-22T05:57:07.671Z,2026-07-22T05:58:07.671Z,0,0.007,23.0,59
2026-07-22T05:58:07.836Z,2026-07-22T05:59:07.836Z,2,0.013,23.0,59
2026-07-22T06:00:08.065Z,2026-07-22T06:01:08.065Z,1,0.007,23.0,59
2026-07-22T06:02:08.295Z,2026-07-22T06:03:08.295Z,0,0.003,23.0,59
2026-07-22T06:03:08.459Z,2026-07-22T06:04:08.459Z,0,0.007,23.0,59
2026-07-22T06:05:08.687Z,2026-07-22T06:06:08.687Z,0,0.01,23.0,59
2026-07-22T06:06:08.852Z,2026-07-22T06:07:08.852Z,2,0.003,23.0,59
2026-07-22T06:07:08.908Z,2026-07-22T06:08:08.908Z,2,0.0,23.0,59
2026-07-22T06:10:09.311Z,2026-07-22T06:11:09.311Z,1,0.03,23.0,59
2026-07-22T06:17:10.262Z,2026-07-22T06:18:10.262Z,2,0.023,23.0,59
2026-07-22T06:18:10.325Z,2026-07-22T06:19:10.325Z,2,0.027,23.0,59
2026-07-22T06:24:11.112Z,2026-07-22T06:25:11.112Z,2,0.03,23.0,59
2026-07-22T06:30:11.900Z,2026-07-22T06:31:11.900Z,1,0.023,23.0,59
2026-07-22T06:31:12.065Z,2026-07-22T06:32:12.065Z,1,0.02,23.0,59
2026-07-22T06:59:15.661Z,2026-07-22T07:00:15.661Z,1,0.013,23.0,59
2026-07-22T07:00:15.726Z,2026-07-22T07:01:15.726Z,1,0.043,23.0,59
2026-07-22T07:01:15.890Z,2026-07-22T07:02:15.890Z,0,0.01,23.0,59
2026-07-22T07:06:16.513Z,2026-07-22T07:07:16.513Z,1,0.013,23.0,59
2026-07-22T07:26:19.101Z,2026-07-22T07:27:19.101Z,0,0.007,23.0,59
2026-07-22T07:28:19.430Z,2026-07-22T07:29:19.430Z,1,0.01,23.0,59
2026-07-22T07:35:20.282Z,2026-07-22T07:36:20.282Z,0,0.01,23.0,59
2026-07-22T08:23:26.476Z,2026-07-22T08:24:26.476Z,0,0.007,23.0,59
2026-07-22T08:25:26.704Z,2026-07-22T08:26:26.704Z,0,0.003,23.0,59
2026-07-22T08:35:28.049Z,2026-07-22T08:36:28.049Z,0,0.003,23.0,59
2026-07-22T19:13:50.108Z,2026-07-22T19:14:50.108Z,1,0.0,23.0,59
2026-07-22T19:16:50.503Z,2026-07-22T19:17:50.503Z,1,0.01,23.0,59
2026-07-22T19:17:50.667Z,2026-07-22T19:18:50.667Z,1,0.01,23.0,59
2026-07-22T19:18:50.832Z,2026-07-22T19:19:50.832Z,1,0.033,23.0,59
2026-07-22T19:19:50.895Z,2026-07-22T19:20:50.895Z,0,0.003,23.0,59
2026-07-22T19:22:51.289Z,2026-07-22T19:23:51.289Z,0,0.053,23.0,59
2026-07-22T19:23:51.453Z,2026-07-22T19:24:51.453Z,1,0.087,23.0,59
2026-07-22T19:24:51.517Z,2026-07-22T19:25:51.517Z,2,0.027,23.0,59
2026-07-22T19:27:51.911Z,2026-07-22T19:28:51.911Z,3,0.153,23.0,59
2026-07-22T19:28:52.075Z,2026-07-22T19:29:52.075Z,0,0.01,23.0,59
2026-07-22T19:31:52.469Z,2026-07-22T19:32:52.469Z,0,0.003,23.0,59
2026-07-22T23:13:20.897Z,2026-07-22T23:14:20.897Z,0,0.003,23.0,59
2026-07-22T23:32:23.322Z,2026-07-22T23:33:23.322Z,1,0.007,23.0,59
2026-07-22T23:36:23.880Z,2026-07-22T23:37:23.880Z,0,0.007,23.0,59
2026-07-22T23:45:25.059Z,2026-07-22T23:46:25.059Z,1,0.01,23.0,59
2026-07-23T00:32:31.089Z,2026-07-23T00:33:31.089Z,1,0.0,23.0,59
2026-07-23T00:33:31.255Z,2026-07-23T00:34:31.255Z,3,0.013,23.0,59
2026-07-23T00:34:31.319Z,2026-07-23T00:35:31.319Z,6,0.003,23.0,59
2026-07-23T00:37:31.713Z,2026-07-23T00:38:31.713Z,2,0.0,23.0,59
2026-07-23T00:56:34.237Z,2026-07-23T00:57:34.237Z,1,0.01,23.0,59
2026-07-23T01:18:37.055Z,2026-07-23T01:19:37.055Z,0,0.007,23.0,59
2026-07-23T01:34:39.086Z,2026-07-23T01:35:39.086Z,1,0.007,23.0,59
2026-07-23T01:35:39.250Z,2026-07-23T01:36:39.250Z,1,0.007,23.0,59
2026-07-23T01:56:41.904Z,2026-07-23T01:57:41.904Z,0,0.661,23.0,59
2026-07-23T01:57:42.069Z,2026-07-23T01:58:42.069Z,0,1.0,23.0,59
2026-07-23T01:58:42.233Z,2026-07-23T01:59:42.233Z,2,0.257,23.0,59
2026-07-23T02:23:45.446Z,2026-07-23T02:24:45.446Z,0,0.003,23.0,59
2026-07-23T02:41:47.707Z,2026-07-23T02:42:47.707Z,1,0.12,23.0,59
2026-07-23T02:42:47.871Z,2026-07-23T02:43:47.871Z,0,0.093,23.0,59
2026-07-23T04:03:58.293Z,2026-07-23T04:04:58.293Z,0,0.003,23.0,59
2026-07-23T04:20:00.325Z,2026-07-23T04:21:00.325Z,2,0.007,23.0,59
2026-07-23T05:03:05.898Z,2026-07-23T05:04:05.898Z,1,0.007,23.0,59
2026-07-23T05:17:07.700Z,2026-07-23T05:18:07.700Z,1,0.01,23.0,59
2026-07-23T05:25:08.716Z,2026-07-23T05:26:08.716Z,1,0.003,23.0,59
2026-07-23T05:34:09.895Z,2026-07-23T05:35:09.895Z,1,0.01,23.0,59
2026-07-23T05:40:10.683Z,2026-07-23T05:41:10.683Z,0,0.003,23.0,59
2026-07-23T06:39:18.286Z,2026-07-23T06:40:18.286Z,1,0.007,23.0,59
2026-07-23T07:52:27.691Z,2026-07-23T07:53:27.691Z,0,0.007,23.0,59
2026-07-23T07:54:27.921Z,2026-07-23T07:55:27.921Z,0,0.003,23.0,59
2026-07-23T08:57:36.081Z,2026-07-23T08:58:36.081Z,0,0.003,23.0,59
2026-07-23T08:58:36.244Z,2026-07-23T08:59:36.244Z,0,0.003,23.0,59
2026-07-23T09:06:37.260Z,2026-07-23T09:07:37.260Z,1,0.01,23.0,59
2026-07-23T09:13:38.111Z,2026-07-23T09:14:38.111Z,2,0.02,23.0,59
2026-07-23T09:15:38.440Z,2026-07-23T09:16:38.440Z,2,0.007,23.0,59
2026-07-23T09:16:38.505Z,2026-07-23T09:17:38.505Z,5,0.0,23.0,59
2026-07-23T09:17:38.670Z,2026-07-23T09:18:38.670Z,3,0.003,23.0,59
2026-07-23T09:18:38.834Z,2026-07-23T09:19:38.834Z,2,0.0,23.0,59
2026-07-23T09:19:38.898Z,2026-07-23T09:20:38.898Z,1,0.0,23.0,59
2026-07-23T09:20:39.062Z,2026-07-23T09:21:39.062Z,2,0.027,23.0,59
2026-07-23T09:21:39.128Z,2026-07-23T09:22:39.128Z,0,0.007,23.0,59
2026-07-23T19:19:56.232Z,2026-07-23T19:20:56.232Z,2,0.007,23.0,59
2026-07-23T19:20:56.296Z,2026-07-23T19:21:56.296Z,0,0.003,23.0,59
2026-07-23T23:03:24.890Z,2026-07-23T23:04:24.890Z,0,0.003,23.0,59
2026-07-23T23:07:25.447Z,2026-07-23T23:08:25.447Z,0,0.007,23.0,59
2026-07-23T23:08:25.512Z,2026-07-23T23:09:25.512Z,0,0.007,23.0,59
2026-07-23T23:09:25.677Z,2026-07-23T23:10:25.677Z,0,0.017,23.0,59
2026-07-23T23:10:25.841Z,2026-07-23T23:11:25.841Z,0,0.003,23.0,59
2026-07-23T23:12:26.069Z,2026-07-23T23:13:26.069Z,0,0.05,23.0,59
2026-07-23T23:13:26.234Z,2026-07-23T23:14:26.234Z,0,0.123,23.0,59
2026-07-23T23:14:26.299Z,2026-07-23T23:15:26.299Z,0,0.003,23.0,59
2026-07-23T23:20:27.085Z,2026-07-23T23:21:27.085Z,0,0.017,23.0,59
2026-07-23T23:21:27.250Z,2026-07-23T23:22:27.250Z,0,0.013,23.0,59
2026-07-24T00:17:34.460Z,2026-07-24T00:18:34.460Z,0,0.007,23.0,59
2026-07-24T00:21:34.918Z,2026-07-24T00:22:34.918Z,0,0.007,23.0,59
2026-07-24T00:23:35.247Z,2026-07-24T00:24:35.247Z,0,0.01,23.0,59
2026-07-24T01:19:42.456Z,2026-07-24T01:20:42.456Z,2,0.023,23.0,59
2026-07-24T01:44:45.676Z,2026-07-24T01:45:45.676Z,1,0.007,23.0,59
2026-07-24T01:59:47.642Z,2026-07-24T02:00:47.642Z,1,0.03,23.0,59
2026-07-24T02:21:50.461Z,2026-07-24T02:22:50.461Z,1,0.007,23.0,59
2026-07-24T02:23:50.690Z,2026-07-24T02:24:50.690Z,0,0.007,23.0,59
2026-07-24T02:56:54.927Z,2026-07-24T02:57:54.927Z,1,0.033,23.0,59
2026-07-24T03:25:58.697Z,2026-07-24T03:26:58.697Z,1,0.239,23.0,59
2026-07-24T03:27:58.926Z,2026-07-24T03:28:58.926Z,0,0.01,23.0,59
2026-07-24T03:28:59.091Z,2026-07-24T03:29:59.091Z,1,0.017,23.0,59
2026-07-24T03:33:59.713Z,2026-07-24T03:34:59.713Z,2,0.01,23.0,59
2026-07-24T03:34:59.868Z,2026-07-24T03:35:59.868Z,2,0.02,23.0,59
2026-07-24T03:40:00.492Z,2026-07-24T03:41:00.492Z,0,0.007,23.0,59
2026-07-24T03:41:00.655Z,2026-07-24T03:42:00.655Z,1,0.01,23.0,59
2026-07-24T03:45:01.114Z,2026-07-24T03:46:01.114Z,1,0.01,23.0,59
2026-07-24T03:46:01.269Z,2026-07-24T03:47:01.269Z,0,0.007,23.0,59
2026-07-24T03:49:01.664Z,2026-07-24T03:50:01.664Z,0,0.007,23.0,59
2026-07-24T04:19:05.497Z,2026-07-24T04:20:05.497Z,2,0.017,23.0,59
2026-07-24T04:31:07.072Z,2026-07-24T04:32:07.072Z,2,0.03,23.0,59
2026-07-24T04:38:07.923Z,2026-07-24T04:39:07.923Z,2,0.003,23.0,59
2026-07-24T05:16:12.872Z,2026-07-24T05:17:12.872Z,1,0.007,23.0,59
2026-07-24T05:17:13.036Z,2026-07-24T05:18:13.036Z,0,0.007,23.0,59
2026-07-24T07:10:27.720Z,2026-07-24T07:11:27.720Z,1,0.033,23.0,59
2026-07-24T07:29:30.246Z,2026-07-24T07:30:30.246Z,1,0.01,23.0,59
2026-07-24T08:21:36.897Z,2026-07-24T08:22:36.897Z,1,0.023,23.0,59
2026-07-24T09:36:46.631Z,2026-07-24T09:37:46.631Z,0,0.007,23.0,59
2026-07-24T23:02:30.861Z,2026-07-24T23:03:30.861Z,0,0.003,23.0,59
2026-07-24T23:03:30.926Z,2026-07-24T23:04:30.926Z,0,0.017,23.0,59
2026-07-24T23:04:31.089Z,2026-07-24T23:05:31.089Z,0,0.007,23.0,59
2026-07-24T23:05:31.255Z,2026-07-24T23:06:31.255Z,0,0.033,23.0,59
2026-07-24T23:06:31.319Z,2026-07-24T23:07:31.319Z,0,0.017,23.0,59
2026-07-24T23:07:31.483Z,2026-07-24T23:08:31.483Z,0,0.003,23.0,59
2026-07-24T23:08:31.648Z,2026-07-24T23:09:31.648Z,0,0.037,23.0,59
2026-07-24T23:09:31.713Z,2026-07-24T23:10:31.713Z,0,0.017,23.0,59
2026-07-24T23:10:31.877Z,2026-07-24T23:11:31.877Z,0,0.136,23.0,59
2026-07-24T23:11:32.040Z,2026-07-24T23:12:32.040Z,0,0.073,23.0,59
2026-07-24T23:12:32.105Z,2026-07-24T23:13:32.105Z,0,0.14,23.0,59
2026-07-24T23:13:32.269Z,2026-07-24T23:14:32.269Z,0,0.07,23.0,59
2026-07-24T23:14:32.434Z,2026-07-24T23:15:32.434Z,0,0.09,23.0,59
2026-07-24T23:15:32.499Z,2026-07-24T23:16:32.499Z,0,0.279,23.0,59
2026-07-24T23:16:32.664Z,2026-07-24T23:17:32.664Z,0,0.07,23.0,59
2026-07-24T23:17:32.727Z,2026-07-24T23:18:32.727Z,0,0.007,23.0,59
2026-07-24T23:18:32.892Z,2026-07-24T23:19:32.892Z,0,0.226,23.0,59
2026-07-24T23:19:33.056Z,2026-07-24T23:20:33.056Z,0,0.113,23.0,59
2026-07-24T23:21:33.286Z,2026-07-24T23:22:33.286Z,0,0.06,23.0,59
2026-07-24T23:22:33.450Z,2026-07-24T23:23:33.450Z,0,0.213,23.0,59
2026-07-25T09:19:50.661Z,2026-07-25T09:20:50.661Z,0,0.003,23.0,59
2026-07-25T09:21:50.891Z,2026-07-25T09:22:50.891Z,0,0.013,23.0,59
2026-07-25T09:22:51.055Z,2026-07-25T09:23:51.055Z,0,0.003,23.0,59
2026-07-25T09:23:51.118Z,2026-07-25T09:24:51.118Z,0,0.007,23.0,59
2026-07-25T09:24:51.283Z,2026-07-25T09:25:51.283Z,0,0.003,23.0,59
2026-07-25T09:29:51.905Z,2026-07-25T09:30:51.905Z,0,0.003,23.0,59
2026-07-25T09:30:52.069Z,2026-07-25T09:31:52.069Z,0,0.007,23.0,59
2026-07-25T09:34:52.528Z,2026-07-25T09:35:52.528Z,0,0.003,23.0,59
2026-07-25T09:43:53.707Z,2026-07-25T09:44:53.707Z,0,0.003,23.0,59
2026-07-25T23:11:37.667Z,2026-07-25T23:12:37.667Z,0,0.003,23.0,59
2026-07-25T23:17:38.453Z,2026-07-25T23:18:38.453Z,0,0.01,23.0,59
2026-07-25T23:18:38.519Z,2026-07-25T23:19:38.519Z,0,0.003,23.0,59
2026-07-25T23:19:38.683Z,2026-07-25T23:20:38.683Z,0,0.017,23.0,59
2026-07-25T23:20:38.848Z,2026-07-25T23:21:38.848Z,0,0.01,23.0,59
2026-07-25T23:21:38.911Z,2026-07-25T23:22:38.911Z,0,0.013,23.0,59
2026-07-25T23:23:39.240Z,2026-07-25T23:24:39.240Z,0,0.007,23.0,59
2026-07-25T23:24:39.305Z,2026-07-25T23:25:39.305Z,0,0.06,23.0,59
2026-07-25T23:25:39.470Z,2026-07-25T23:26:39.470Z,0,0.04,23.0,59
2026-07-25T23:26:39.634Z,2026-07-25T23:27:39.634Z,0,0.047,23.0,59
2026-07-25T23:27:39.698Z,2026-07-25T23:28:39.698Z,1,0.056,23.0,59
2026-07-25T23:28:39.862Z,2026-07-25T23:29:39.862Z,0,0.037,23.0,59
2026-07-25T23:29:39.927Z,2026-07-25T23:30:39.927Z,0,0.023,23.0,59
2026-07-25T23:30:40.092Z,2026-07-25T23:31:40.092Z,0,0.003,23.0,59
2026-07-25T23:32:40.321Z,2026-07-25T23:33:40.321Z,0,0.013,23.0,59
2026-07-25T23:35:40.714Z,2026-07-25T23:36:40.714Z,0,0.01,23.0,59
2026-07-25T23:49:42.516Z,2026-07-25T23:50:42.516Z,0,0.003,23.0,59
2026-07-25T23:50:42.680Z,2026-07-25T23:51:42.680Z,0,0.385,23.0,59
2026-07-26T00:00:43.926Z,2026-07-26T00:01:43.926Z,0,0.003,23.0,59
2026-07-26T00:03:44.319Z,2026-07-26T00:04:44.319Z,0,0.033,23.0,59
2026-07-26T00:04:44.483Z,2026-07-26T00:05:44.483Z,0,0.01,23.0,59
2026-07-26T00:05:44.648Z,2026-07-26T00:06:44.648Z,0,0.01,23.0,59
2026-07-26T00:06:44.713Z,2026-07-26T00:07:44.713Z,0,0.007,23.0,59
2026-07-26T00:07:44.877Z,2026-07-26T00:08:44.877Z,0,0.01,23.0,59
2026-07-26T00:08:45.042Z,2026-07-26T00:09:45.042Z,0,0.05,23.0,59
2026-07-26T00:09:45.105Z,2026-07-26T00:10:45.105Z,0,0.033,23.0,59
2026-07-26T00:10:45.270Z,2026-07-26T00:11:45.270Z,0,0.07,23.0,59
2026-07-26T00:11:45.434Z,2026-07-26T00:12:45.434Z,0,0.037,23.0,59
2026-07-26T00:12:45.499Z,2026-07-26T00:13:45.499Z,0,0.007,23.0,59
2026-07-26T09:18:56.325Z,2026-07-26T09:19:56.325Z,0,0.02,23.0,59
2026-07-26T09:21:56.719Z,2026-07-26T09:22:56.719Z,0,0.02,23.0,59
2026-07-26T09:22:56.882Z,2026-07-26T09:23:56.882Z,0,0.053,23.0,59
2026-07-26T09:25:57.276Z,2026-07-26T09:26:57.276Z,0,0.123,23.0,59
2026-07-26T09:26:57.440Z,2026-07-26T09:27:57.440Z,0,0.033,23.0,59
2026-07-26T09:27:57.506Z,2026-07-26T09:28:57.506Z,0,0.07,23.0,59
2026-07-26T09:28:57.670Z,2026-07-26T09:29:57.670Z,0,0.033,23.0,59
2026-07-26T09:29:57.835Z,2026-07-26T09:30:57.835Z,0,0.113,23.0,59
2026-07-26T09:30:57.898Z,2026-07-26T09:31:57.898Z,0,0.037,23.0,59
2026-07-26T09:31:58.063Z,2026-07-26T09:32:58.063Z,0,0.06,23.0,59
2026-07-26T09:32:58.128Z,2026-07-26T09:33:58.128Z,0,0.04,23.0,59
2026-07-26T09:34:58.457Z,2026-07-26T09:35:58.457Z,0,0.047,23.0,59
2026-07-26T09:35:58.520Z,2026-07-26T09:36:58.520Z,0,0.013,23.0,59
2026-07-26T09:36:58.686Z,2026-07-26T09:37:58.686Z,0,0.007,23.0,59
2026-07-26T09:37:58.849Z,2026-07-26T09:38:58.849Z,0,0.003,23.0,59
2026-07-26T09:40:59.243Z,2026-07-26T09:41:59.243Z,0,0.003,23.0,59
2026-07-26T19:28:15.039Z,2026-07-26T19:29:15.039Z,1,0.017,23.0,59
2026-07-26T19:30:15.267Z,2026-07-26T19:31:15.267Z,0,0.01,23.0,59
2026-07-26T23:01:42.450Z,2026-07-26T23:02:42.450Z,0,0.013,23.0,59
2026-07-26T23:02:42.515Z,2026-07-26T23:03:42.515Z,0,0.023,23.0,59
2026-07-26T23:03:42.680Z,2026-07-26T23:04:42.680Z,0,0.01,23.0,59
2026-07-26T23:04:42.844Z,2026-07-26T23:05:42.844Z,0,0.037,23.0,59
2026-07-26T23:05:42.908Z,2026-07-26T23:06:42.908Z,0,0.05,23.0,59
2026-07-26T23:06:43.072Z,2026-07-26T23:07:43.072Z,0,0.01,23.0,59
2026-07-26T23:07:43.237Z,2026-07-26T23:08:43.237Z,0,0.03,23.0,59
2026-07-26T23:08:43.302Z,2026-07-26T23:09:43.302Z,0,0.03,23.0,59
2026-07-26T23:09:43.467Z,2026-07-26T23:10:43.467Z,0,0.05,23.0,59
2026-07-26T23:10:43.631Z,2026-07-26T23:11:43.631Z,0,0.073,23.0,59
2026-07-26T23:11:43.696Z,2026-07-26T23:12:43.696Z,0,0.236,23.0,59
2026-07-26T23:12:43.859Z,2026-07-26T23:13:43.859Z,0,0.283,23.0,59
2026-07-26T23:13:43.924Z,2026-07-26T23:14:43.924Z,0,0.05,23.0,59
2026-07-26T23:57:49.661Z,2026-07-26T23:58:49.661Z,1,0.02,23.0,59
2026-07-26T23:58:49.726Z,2026-07-26T23:59:49.726Z,0,0.003,23.0,59
2026-07-27T00:05:50.677Z,2026-07-27T00:06:50.677Z,0,0.01,23.0,59
2026-07-27T00:37:54.838Z,2026-07-27T00:38:54.838Z,1,0.007,23.0,59
2026-07-27T00:41:55.296Z,2026-07-27T00:42:55.296Z,1,0.01,23.0,59
2026-07-27T00:50:56.477Z,2026-07-27T00:51:56.477Z,0,0.017,23.0,59
2026-07-27T00:55:57.099Z,2026-07-27T00:56:57.099Z,0,0.007,23.0,59
2026-07-27T00:56:57.263Z,2026-07-27T00:57:57.263Z,1,0.01,23.0,59
2026-07-27T00:58:57.493Z,2026-07-27T00:59:57.493Z,0,0.003,23.0,59
2026-07-27T00:59:57.683Z,2026-07-27T01:00:57.683Z,0,0.003,23.0,59
2026-07-27T01:09:58.927Z,2026-07-27T01:10:58.927Z,1,0.007,23.0,59
2026-07-27T01:10:59.091Z,2026-07-27T01:11:59.091Z,0,0.01,23.0,59
2026-07-27T01:16:59.878Z,2026-07-27T01:17:59.878Z,0,0.003,23.0,59
2026-07-27T01:21:00.436Z,2026-07-27T01:22:00.436Z,1,0.013,23.0,59
2026-07-27T01:28:01.286Z,2026-07-27T01:29:01.286Z,0,0.01,23.0,59
2026-07-27T01:38:02.631Z,2026-07-27T01:39:02.631Z,0,0.003,23.0,59
2026-07-27T01:43:03.253Z,2026-07-27T01:44:03.253Z,1,0.013,23.0,59
2026-07-27T01:48:03.875Z,2026-07-27T01:49:03.875Z,2,0.203,23.0,59
2026-07-27T01:49:04.049Z,2026-07-27T01:50:04.049Z,1,0.54,23.0,59
2026-07-27T01:50:04.105Z,2026-07-27T01:51:04.105Z,0,0.997,23.0,59
2026-07-27T01:51:04.269Z,2026-07-27T01:52:04.269Z,0,0.671,23.0,59
2026-07-27T02:07:06.309Z,2026-07-27T02:08:06.309Z,0,0.007,23.0,59
2026-07-27T02:09:06.637Z,2026-07-27T02:10:06.637Z,0,0.003,23.0,59
2026-07-27T02:12:07.030Z,2026-07-27T02:13:07.030Z,0,0.013,23.0,59
2026-07-27T02:13:07.095Z,2026-07-27T02:14:07.095Z,1,0.708,23.0,59
2026-07-27T02:14:07.252Z,2026-07-27T02:15:07.252Z,0,0.01,23.0,59
2026-07-27T02:21:08.111Z,2026-07-27T02:22:08.111Z,1,0.013,23.0,59
2026-07-27T02:27:08.888Z,2026-07-27T02:28:08.888Z,0,0.003,23.0,59
2026-07-27T02:28:09.053Z,2026-07-27T02:29:09.053Z,1,0.01,23.0,59
2026-07-27T02:30:09.282Z,2026-07-27T02:31:09.282Z,0,0.01,23.0,59
2026-07-27T02:31:09.456Z,2026-07-27T02:32:09.456Z,1,0.003,23.0,59
2026-07-27T02:36:10.078Z,2026-07-27T02:37:10.078Z,1,0.007,23.0,59
2026-07-27T02:37:10.242Z,2026-07-27T02:38:10.242Z,0,0.01,23.0,59
2026-07-27T02:38:10.306Z,2026-07-27T02:39:10.306Z,1,0.013,23.0,59
2026-07-27T02:42:10.865Z,2026-07-27T02:43:10.865Z,0,0.007,23.0,59
2026-07-27T02:53:12.273Z,2026-07-27T02:54:12.273Z,1,0.003,23.0,59
2026-07-27T02:54:12.437Z,2026-07-27T02:55:12.437Z,1,0.0,23.0,59
2026-07-27T02:57:12.832Z,2026-07-27T02:58:12.832Z,2,0.003,23.0,59
2026-07-27T02:58:12.888Z,2026-07-27T02:59:12.888Z,1,0.0,23.0,59
2026-07-27T03:00:13.125Z,2026-07-27T03:01:13.125Z,5,0.073,23.0,59
2026-07-27T03:01:13.289Z,2026-07-27T03:02:13.289Z,2,0.083,23.0,59
2026-07-27T03:02:13.446Z,2026-07-27T03:03:13.446Z,1,0.283,23.0,59
2026-07-27T03:03:13.509Z,2026-07-27T03:04:13.509Z,1,0.973,23.0,59
2026-07-27T03:04:13.674Z,2026-07-27T03:05:13.674Z,0,0.987,23.0,59
2026-07-27T03:05:13.838Z,2026-07-27T03:06:13.838Z,0,0.793,23.0,59
2026-07-27T03:06:13.911Z,2026-07-27T03:07:13.911Z,3,0.08,23.0,59
2026-07-27T03:07:14.075Z,2026-07-27T03:08:14.075Z,2,0.0,23.0,59
2026-07-27T03:08:14.240Z,2026-07-27T03:09:14.240Z,3,0.03,23.0,59
2026-07-27T03:09:14.305Z,2026-07-27T03:10:14.305Z,2,0.0,23.0,59
2026-07-27T03:10:14.470Z,2026-07-27T03:11:14.470Z,2,0.0,23.0,59
2026-07-27T03:11:14.634Z,2026-07-27T03:12:14.634Z,2,0.003,23.0,59
2026-07-27T03:12:14.698Z,2026-07-27T03:13:14.698Z,1,0.003,23.0,59
2026-07-27T03:20:15.713Z,2026-07-27T03:21:15.713Z,0,0.003,23.0,59
2026-07-27T03:23:16.108Z,2026-07-27T03:24:16.108Z,1,0.01,23.0,59
2026-07-27T03:24:16.272Z,2026-07-27T03:25:16.272Z,1,0.0,23.0,59
2026-07-27T03:27:16.664Z,2026-07-27T03:28:16.664Z,0,0.017,23.0,59
2026-07-27T03:28:16.829Z,2026-07-27T03:29:16.829Z,2,0.353,23.0,59
2026-07-27T03:29:16.894Z,2026-07-27T03:30:16.894Z,1,0.007,23.0,59
2026-07-27T03:32:17.288Z,2026-07-27T03:33:17.288Z,1,0.013,23.0,59
2026-07-27T03:36:17.845Z,2026-07-27T03:37:17.845Z,1,0.017,23.0,59
2026-07-27T03:56:20.434Z,2026-07-27T03:57:20.434Z,2,0.03,23.0,59
2026-07-27T03:57:20.499Z,2026-07-27T03:58:20.499Z,1,0.03,23.0,59
2026-07-27T03:58:20.663Z,2026-07-27T03:59:20.663Z,1,0.013,23.0,59
2026-07-27T03:59:20.727Z,2026-07-27T04:00:20.727Z,1,0.01,23.0,59
2026-07-27T04:00:20.891Z,2026-07-27T04:01:20.891Z,1,0.013,23.0,59
2026-07-27T04:01:21.056Z,2026-07-27T04:02:21.056Z,2,0.007,23.0,59
2026-07-27T04:03:21.285Z,2026-07-27T04:04:21.285Z,2,0.083,23.0,59
2026-07-27T04:04:21.450Z,2026-07-27T04:05:21.450Z,0,0.027,23.0,59
2026-07-27T04:05:21.515Z,2026-07-27T04:06:21.515Z,1,0.013,23.0,59
2026-07-27T04:07:21.842Z,2026-07-27T04:08:21.842Z,1,0.03,23.0,59
2026-07-27T04:08:21.907Z,2026-07-27T04:09:21.907Z,0,0.013,23.0,59
2026-07-27T04:09:22.072Z,2026-07-27T04:10:22.072Z,1,0.03,23.0,59
2026-07-27T04:10:22.236Z,2026-07-27T04:11:22.236Z,1,0.013,23.0,59
2026-07-27T04:11:22.301Z,2026-07-27T04:12:22.301Z,1,0.01,23.0,59
2026-07-27T04:12:22.464Z,2026-07-27T04:13:22.464Z,3,0.023,23.0,59
2026-07-27T04:13:22.630Z,2026-07-27T04:14:22.630Z,2,0.0,23.0,59
2026-07-27T04:14:22.694Z,2026-07-27T04:15:22.694Z,1,0.0,23.0,59
2026-07-27T04:15:22.858Z,2026-07-27T04:16:22.858Z,1,0.0,23.0,59
2026-07-27T04:16:22.923Z,2026-07-27T04:17:22.923Z,3,0.033,23.0,59
2026-07-27T04:17:23.088Z,2026-07-27T04:18:23.088Z,1,0.013,23.0,59
2026-07-27T04:22:23.710Z,2026-07-27T04:23:23.710Z,0,0.003,23.0,59
2026-07-27T04:25:24.102Z,2026-07-27T04:26:24.102Z,2,0.013,23.0,59
2026-07-27T04:26:24.267Z,2026-07-27T04:27:24.267Z,1,0.017,23.0,59
2026-07-27T04:27:24.431Z,2026-07-27T04:28:24.431Z,3,0.017,23.0,59
2026-07-27T04:29:24.661Z,2026-07-27T04:30:24.661Z,6,0.093,23.0,59
2026-07-27T04:30:24.726Z,2026-07-27T04:31:24.726Z,0,0.013,23.0,59
2026-07-27T04:31:24.890Z,2026-07-27T04:32:24.890Z,0,0.003,23.0,59
2026-07-27T04:32:25.055Z,2026-07-27T04:33:25.055Z,1,0.013,23.0,59
2026-07-27T04:33:25.118Z,2026-07-27T04:34:25.118Z,1,0.017,23.0,59
2026-07-27T04:34:25.282Z,2026-07-27T04:35:25.282Z,2,0.017,23.0,59
2026-07-27T04:36:25.513Z,2026-07-27T04:37:25.513Z,3,0.053,23.0,59
2026-07-27T04:37:25.677Z,2026-07-27T04:38:25.677Z,0,0.01,23.0,59
2026-07-27T04:38:25.841Z,2026-07-27T04:39:25.841Z,1,0.003,23.0,59
2026-07-27T04:39:25.905Z,2026-07-27T04:40:25.905Z,2,0.01,23.0,59
2026-07-27T04:41:26.234Z,2026-07-27T04:42:26.234Z,0,0.01,23.0,59
2026-07-27T04:42:26.299Z,2026-07-27T04:43:26.299Z,0,0.007,23.0,59
2026-07-27T04:43:26.463Z,2026-07-27T04:44:26.463Z,0,0.003,23.0,59
2026-07-27T04:45:26.693Z,2026-07-27T04:46:26.693Z,0,0.007,23.0,59
2026-07-27T04:47:26.921Z,2026-07-27T04:48:26.921Z,2,0.05,23.0,59
2026-07-27T04:48:27.085Z,2026-07-27T04:49:27.085Z,4,0.096,23.0,59
2026-07-27T04:49:27.250Z,2026-07-27T04:50:27.250Z,3,0.107,23.0,59
2026-07-27T04:50:27.315Z,2026-07-27T04:51:27.315Z,1,0.156,23.0,59
2026-07-27T04:51:27.480Z,2026-07-27T04:52:27.480Z,1,0.096,23.0,59
2026-07-27T04:52:27.644Z,2026-07-27T04:53:27.644Z,1,0.037,23.0,59
2026-07-27T04:53:27.709Z,2026-07-27T04:54:27.709Z,1,0.033,23.0,59
2026-07-27T04:54:27.872Z,2026-07-27T04:55:27.872Z,2,0.027,23.0,59
2026-07-27T04:55:28.038Z,2026-07-27T04:56:28.038Z,0,0.017,23.0,59
2026-07-27T04:57:28.266Z,2026-07-27T04:58:28.266Z,2,0.013,23.0,59
2026-07-27T04:58:28.430Z,2026-07-27T04:59:28.430Z,4,0.107,23.0,59
2026-07-27T04:59:28.496Z,2026-07-27T05:00:28.496Z,1,0.0,23.0,59
2026-07-27T05:00:28.660Z,2026-07-27T05:01:28.660Z,1,0.013,23.0,59
2026-07-27T05:01:28.723Z,2026-07-27T05:02:28.723Z,0,0.02,23.0,59
2026-07-27T05:02:28.888Z,2026-07-27T05:03:28.888Z,2,0.017,23.0,59
2026-07-27T05:03:29.052Z,2026-07-27T05:04:29.052Z,3,0.25,23.0,59
2026-07-27T05:04:29.118Z,2026-07-27T05:05:29.118Z,7,0.568,23.0,59
2026-07-27T05:05:29.282Z,2026-07-27T05:06:29.282Z,3,0.173,23.0,59
2026-07-27T05:06:29.437Z,2026-07-27T05:07:29.437Z,0,0.077,23.0,59
2026-07-27T05:07:29.510Z,2026-07-27T05:08:29.510Z,4,0.465,23.0,59
2026-07-27T05:08:29.676Z,2026-07-27T05:09:29.676Z,2,0.083,23.0,59
2026-07-27T05:09:29.839Z,2026-07-27T05:10:29.839Z,2,0.13,23.0,59
2026-07-27T05:10:29.904Z,2026-07-27T05:11:29.904Z,2,0.169,23.0,59
2026-07-27T05:11:30.069Z,2026-07-27T05:12:30.069Z,3,0.169,23.0,59
2026-07-27T05:12:30.233Z,2026-07-27T05:13:30.233Z,2,0.183,23.0,59
2026-07-27T05:13:30.298Z,2026-07-27T05:14:30.298Z,0,0.007,23.0,59
2026-07-27T05:20:31.249Z,2026-07-27T05:21:31.249Z,1,0.007,23.0,59
2026-07-27T05:21:31.313Z,2026-07-27T05:22:31.313Z,0,0.007,23.0,59
2026-07-27T05:30:32.493Z,2026-07-27T05:31:32.493Z,0,0.007,23.0,59
2026-07-27T05:33:32.888Z,2026-07-27T05:34:32.888Z,0,0.003,23.0,59
2026-07-27T06:08:37.444Z,2026-07-27T06:09:37.444Z,0,0.003,23.0,59
2026-07-27T06:28:39.926Z,2026-07-27T06:29:39.926Z,1,0.053,23.0,59
2026-07-27T06:29:40.089Z,2026-07-27T06:30:40.089Z,1,0.007,23.0,59
2026-07-27T06:31:40.319Z,2026-07-27T06:32:40.319Z,1,0.043,23.0,59
2026-07-27T06:32:40.483Z,2026-07-27T06:33:40.483Z,1,0.053,23.0,59
2026-07-27T06:33:40.648Z,2026-07-27T06:34:40.648Z,3,0.25,23.0,59
2026-07-27T06:34:40.713Z,2026-07-27T06:35:40.713Z,0,1.953,23.0,59
2026-07-27T06:35:40.877Z,2026-07-27T06:36:40.877Z,2,0.525,23.0,59
2026-07-27T06:36:41.049Z,2026-07-27T06:37:41.049Z,1,0.013,23.0,59
2026-07-27T06:37:41.114Z,2026-07-27T06:38:41.114Z,1,0.01,23.0,59
2026-07-27T06:38:41.279Z,2026-07-27T06:39:41.279Z,1,0.013,23.0,59
2026-07-27T06:39:41.434Z,2026-07-27T06:40:41.434Z,1,0.127,23.0,59
2026-07-27T06:40:41.500Z,2026-07-27T06:41:41.500Z,1,0.07,23.0,59
2026-07-27T06:41:41.671Z,2026-07-27T06:42:41.671Z,0,0.007,23.0,59
2026-07-27T06:42:41.836Z,2026-07-27T06:43:41.836Z,2,0.033,23.0,59
2026-07-27T06:44:42.056Z,2026-07-27T06:45:42.056Z,1,0.017,23.0,59
2026-07-27T06:45:42.121Z,2026-07-27T06:46:42.121Z,5,0.186,23.0,59
2026-07-27T06:46:42.286Z,2026-07-27T06:47:42.286Z,1,0.02,23.0,59
2026-07-27T06:51:42.908Z,2026-07-27T06:52:42.908Z,1,0.003,23.0,59
2026-07-27T06:52:43.072Z,2026-07-27T06:53:43.072Z,2,0.027,23.0,59
2026-07-27T06:54:43.302Z,2026-07-27T06:55:43.302Z,3,0.023,23.0,59
2026-07-27T06:55:43.467Z,2026-07-27T06:56:43.467Z,0,0.003,23.0,59
2026-07-27T06:57:43.696Z,2026-07-27T06:58:43.696Z,2,0.02,23.0,59
2026-07-27T06:58:43.859Z,2026-07-27T06:59:43.859Z,1,0.0,23.0,59
2026-07-27T06:59:43.924Z,2026-07-27T07:00:43.924Z,2,0.007,23.0,59
2026-07-27T07:01:44.253Z,2026-07-27T07:02:44.253Z,0,0.003,23.0,59
2026-07-27T07:04:44.647Z,2026-07-27T07:05:44.647Z,0,0.003,23.0,59
2026-07-27T07:05:44.710Z,2026-07-27T07:06:44.710Z,1,0.01,23.0,59
2026-07-27T07:13:45.726Z,2026-07-27T07:14:45.726Z,1,0.01,23.0,59
2026-07-27T07:14:45.891Z,2026-07-27T07:15:45.891Z,3,0.007,23.0,59
2026-07-27T07:20:46.677Z,2026-07-27T07:21:46.677Z,1,0.007,23.0,59
2026-07-27T07:21:46.842Z,2026-07-27T07:22:46.842Z,1,0.007,23.0,59
2026-07-27T07:28:47.694Z,2026-07-27T07:29:47.694Z,2,0.02,23.0,59
2026-07-27T07:32:48.252Z,2026-07-27T07:33:48.252Z,0,0.003,23.0,59
2026-07-27T07:36:48.710Z,2026-07-27T07:37:48.710Z,1,0.01,23.0,59
2026-07-27T07:39:49.102Z,2026-07-27T07:40:49.102Z,0,0.01,23.0,59
2026-07-27T07:46:50.055Z,2026-07-27T07:47:50.055Z,1,0.017,23.0,59
2026-07-27T07:48:50.283Z,2026-07-27T07:49:50.283Z,1,0.013,23.0,59
2026-07-27T07:55:51.234Z,2026-07-27T07:56:51.234Z,1,0.003,23.0,59
2026-07-27T08:06:52.644Z,2026-07-27T08:07:52.644Z,2,0.003,23.0,59
2026-07-27T08:08:52.872Z,2026-07-27T08:09:52.872Z,2,0.01,23.0,59
2026-07-27T08:11:53.266Z,2026-07-27T08:12:53.266Z,1,0.0,23.0,59
2026-07-27T08:24:54.904Z,2026-07-27T08:25:54.904Z,6,0.0,23.0,59
2026-07-27T08:25:55.069Z,2026-07-27T08:26:55.069Z,1,0.033,23.0,59
2026-07-27T08:33:56.085Z,2026-07-27T08:34:56.085Z,1,0.0,23.0,59
2026-07-27T08:35:56.312Z,2026-07-27T08:36:56.312Z,0,0.003,23.0,59
2026-07-27T08:37:56.641Z,2026-07-27T08:38:56.641Z,2,0.01,23.0,59
2026-07-27T08:52:58.509Z,2026-07-27T08:53:58.509Z,1,0.033,23.0,59
2026-07-27T08:54:58.838Z,2026-07-27T08:55:58.838Z,2,0.033,23.0,59
2026-07-27T17:25:04.526Z,2026-07-27T17:26:04.526Z,0,0.003,23.0,59
2026-07-27T18:28:12.687Z,2026-07-27T18:29:12.687Z,0,0.003,23.0,59
2026-07-27T19:12:18.440Z,2026-07-27T19:13:18.440Z,1,0.003,23.0,59
2026-07-27T19:13:18.506Z,2026-07-27T19:14:18.506Z,2,0.017,23.0,59
2026-07-27T22:56:47.861Z,2026-07-27T22:57:47.861Z,0,0.003,23.0,59
2026-07-27T22:57:47.927Z,2026-07-27T22:58:47.927Z,0,0.003,23.0,59
2026-07-27T22:58:48.091Z,2026-07-27T22:59:48.091Z,0,0.003,23.0,59
2026-07-27T22:59:48.256Z,2026-07-27T23:00:48.256Z,0,0.01,23.0,59
2026-07-27T23:00:48.319Z,2026-07-27T23:01:48.319Z,0,0.003,23.0,59
2026-07-27T23:01:48.484Z,2026-07-27T23:02:48.484Z,0,0.003,23.0,59
2026-07-27T23:02:48.648Z,2026-07-27T23:03:48.648Z,0,0.013,23.0,59
2026-07-27T23:08:49.436Z,2026-07-27T23:09:49.436Z,0,0.003,23.0,59
2026-07-27T23:33:52.647Z,2026-07-27T23:34:52.647Z,0,0.003,23.0,59
2026-07-27T23:38:53.269Z,2026-07-27T23:39:53.269Z,0,0.007,23.0,59
2026-07-27T23:57:55.694Z,2026-07-27T23:58:55.694Z,1,0.01,23.0,59
2026-07-28T00:14:57.891Z,2026-07-28T00:15:57.891Z,1,0.033,23.0,59
2026-07-28T00:15:58.055Z,2026-07-28T00:16:58.055Z,0,0.003,23.0,59
2026-07-28T00:16:58.118Z,2026-07-28T00:17:58.118Z,0,0.003,23.0,59
2026-07-28T00:42:01.430Z,2026-07-28T00:43:01.430Z,1,0.007,23.0,59
2026-07-28T00:47:02.052Z,2026-07-28T00:48:02.052Z,4,0.22,23.0,59
2026-07-28T00:48:02.118Z,2026-07-28T00:49:02.118Z,1,0.05,23.0,59
2026-07-28T00:49:02.282Z,2026-07-28T00:50:02.282Z,2,0.206,23.0,59
2026-07-28T00:55:03.069Z,2026-07-28T00:56:03.069Z,1,0.01,23.0,59
2026-07-28T00:57:03.298Z,2026-07-28T00:58:03.298Z,0,0.003,23.0,59
2026-07-28T00:58:03.461Z,2026-07-28T00:59:03.461Z,1,0.007,23.0,59
2026-07-28T01:11:05.101Z,2026-07-28T01:12:05.101Z,0,0.007,23.0,59
2026-07-28T01:14:05.493Z,2026-07-28T01:15:05.493Z,1,0.013,23.0,59
2026-07-28T01:20:06.280Z,2026-07-28T01:21:06.280Z,2,0.06,23.0,59
2026-07-28T01:25:06.903Z,2026-07-28T01:26:06.903Z,3,0.01,23.0,59
2026-07-28T01:26:07.066Z,2026-07-28T01:27:07.066Z,1,0.01,23.0,59
2026-07-28T01:49:10.058Z,2026-07-28T01:50:10.058Z,1,0.03,23.0,59
2026-07-28T01:51:10.286Z,2026-07-28T01:52:10.286Z,2,0.05,23.0,59
2026-07-28T01:53:10.516Z,2026-07-28T01:54:10.516Z,0,0.003,23.0,59
2026-07-28T01:56:10.910Z,2026-07-28T01:57:10.910Z,4,0.136,23.0,59
2026-07-28T01:57:11.073Z,2026-07-28T01:58:11.073Z,1,0.017,23.0,59
2026-07-28T01:58:11.239Z,2026-07-28T01:59:11.239Z,2,0.043,23.0,59
2026-07-28T01:59:11.302Z,2026-07-28T02:00:11.302Z,2,0.04,23.0,59
2026-07-28T02:01:11.631Z,2026-07-28T02:02:11.631Z,1,0.023,23.0,59
2026-07-28T02:07:12.319Z,2026-07-28T02:08:12.319Z,1,0.02,23.0,59
2026-07-28T02:28:15.072Z,2026-07-28T02:29:15.072Z,0,0.003,23.0,59
2026-07-28T02:29:15.236Z,2026-07-28T02:30:15.236Z,0,0.003,23.0,59
2026-07-28T02:45:17.269Z,2026-07-28T02:46:17.269Z,2,0.01,23.0,59
2026-07-28T02:48:17.661Z,2026-07-28T02:49:17.661Z,2,0.043,23.0,59
2026-07-28T02:52:18.119Z,2026-07-28T02:53:18.119Z,17,1.638,23.0,59
2026-07-28T02:53:18.276Z,2026-07-28T02:54:18.276Z,2,1.093,23.0,59
2026-07-28T02:54:18.440Z,2026-07-28T02:55:18.440Z,7,1.053,23.0,59
2026-07-28T02:55:18.505Z,2026-07-28T02:56:18.505Z,3,1.997,23.0,59
2026-07-28T02:56:18.670Z,2026-07-28T02:57:18.670Z,1,2.003,23.0,59
2026-07-28T02:57:18.834Z,2026-07-28T02:58:18.834Z,0,2.0,23.0,59
2026-07-28T02:58:18.898Z,2026-07-28T02:59:18.898Z,1,2.0,23.0,59
2026-07-28T02:59:19.062Z,2026-07-28T03:00:19.062Z,3,0.721,23.0,59
2026-07-28T03:00:19.236Z,2026-07-28T03:01:19.236Z,7,0.603,23.0,59
2026-07-28T03:01:19.292Z,2026-07-28T03:02:19.292Z,7,0.163,23.0,59
2026-07-28T03:02:19.464Z,2026-07-28T03:03:19.464Z,4,0.047,23.0,59
2026-07-28T03:03:19.520Z,2026-07-28T03:04:19.520Z,3,0.066,23.0,59
2026-07-28T03:04:19.686Z,2026-07-28T03:05:19.686Z,3,0.047,23.0,59
2026-07-28T03:05:19.849Z,2026-07-28T03:06:19.849Z,7,0.023,23.0,59
2026-07-28T03:06:19.914Z,2026-07-28T03:07:19.914Z,7,0.037,23.0,59
2026-07-28T03:07:20.078Z,2026-07-28T03:08:20.078Z,3,0.037,23.0,59
2026-07-28T03:08:20.243Z,2026-07-28T03:09:20.243Z,3,0.053,23.0,59
2026-07-28T03:09:20.308Z,2026-07-28T03:10:20.308Z,4,0.399,23.0,59
2026-07-28T03:10:20.471Z,2026-07-28T03:11:20.471Z,2,0.0,23.0,59
2026-07-28T03:11:20.637Z,2026-07-28T03:12:20.637Z,3,0.013,23.0,59
2026-07-28T03:12:20.700Z,2026-07-28T03:13:20.700Z,3,0.292,23.0,59
2026-07-28T03:13:20.865Z,2026-07-28T03:14:20.865Z,10,0.06,23.0,59
2026-07-28T03:14:21.029Z,2026-07-28T03:15:21.029Z,7,0.047,23.0,59
2026-07-28T03:15:21.095Z,2026-07-28T03:16:21.095Z,6,0.063,23.0,59
2026-07-28T03:16:21.259Z,2026-07-28T03:17:21.259Z,11,0.247,23.0,59
2026-07-28T03:17:21.323Z,2026-07-28T03:18:21.323Z,9,0.033,23.0,59
2026-07-28T03:18:21.487Z,2026-07-28T03:19:21.487Z,13,0.103,23.0,59
2026-07-28T03:19:21.653Z,2026-07-28T03:20:21.653Z,14,0.1,23.0,59
2026-07-28T03:20:21.717Z,2026-07-28T03:21:21.717Z,7,0.392,23.0,59
2026-07-28T03:21:21.881Z,2026-07-28T03:22:21.881Z,2,0.439,23.0,59
2026-07-28T03:22:22.046Z,2026-07-28T03:23:22.046Z,3,0.59,23.0,59
2026-07-28T03:23:22.111Z,2026-07-28T03:24:22.111Z,4,0.478,23.0,59
2026-07-28T03:24:22.275Z,2026-07-28T03:25:22.275Z,4,0.276,23.0,59
2026-07-28T03:25:22.438Z,2026-07-28T03:26:22.438Z,11,0.383,23.0,59
2026-07-28T03:26:22.503Z,2026-07-28T03:27:22.503Z,9,0.631,23.0,59
2026-07-28T03:27:22.667Z,2026-07-28T03:28:22.667Z,14,1.691,23.0,59
2026-07-28T03:28:22.832Z,2026-07-28T03:29:22.832Z,13,0.71,23.0,59
2026-07-28T03:29:22.897Z,2026-07-28T03:30:22.897Z,6,0.907,23.0,59
2026-07-28T03:30:23.062Z,2026-07-28T03:31:23.062Z,8,1.067,23.0,59
2026-07-28T03:31:23.125Z,2026-07-28T03:32:23.125Z,8,0.877,23.0,59
2026-07-28T03:32:23.290Z,2026-07-28T03:33:23.290Z,6,1.02,23.0,59
2026-07-28T03:33:23.454Z,2026-07-28T03:34:23.454Z,1,1.34,23.0,59
2026-07-28T03:34:23.519Z,2026-07-28T03:35:23.519Z,7,0.704,23.0,59
2026-07-28T03:35:23.684Z,2026-07-28T03:36:23.684Z,1,0.571,23.0,59
2026-07-28T03:36:23.848Z,2026-07-28T03:37:23.848Z,4,0.917,23.0,59
2026-07-28T03:37:23.913Z,2026-07-28T03:38:23.913Z,2,0.346,23.0,59
2026-07-28T03:38:24.076Z,2026-07-28T03:39:24.076Z,4,0.9,23.0,59
2026-07-28T03:39:24.242Z,2026-07-28T03:40:24.242Z,9,1.263,23.0,59
2026-07-28T03:40:24.305Z,2026-07-28T03:41:24.305Z,11,0.9,23.0,59
2026-07-28T03:41:24.470Z,2026-07-28T03:42:24.470Z,4,1.179,23.0,59
2026-07-28T03:42:24.634Z,2026-07-28T03:43:24.634Z,1,0.64,23.0,59
2026-07-28T03:43:24.700Z,2026-07-28T03:44:24.700Z,3,0.256,23.0,59
2026-07-28T03:44:24.864Z,2026-07-28T03:45:24.864Z,4,0.223,23.0,59
2026-07-28T03:45:24.928Z,2026-07-28T03:46:24.928Z,6,0.126,23.0,59
2026-07-28T03:46:25.092Z,2026-07-28T03:47:25.092Z,2,0.216,23.0,59
2026-07-28T03:47:25.257Z,2026-07-28T03:48:25.257Z,5,0.817,23.0,59
2026-07-28T03:48:25.322Z,2026-07-28T03:49:25.322Z,8,0.223,23.0,59
2026-07-28T03:49:25.486Z,2026-07-28T03:50:25.486Z,7,0.166,23.0,59
2026-07-28T03:50:25.651Z,2026-07-28T03:51:25.651Z,3,0.403,23.0,59
2026-07-28T03:51:25.716Z,2026-07-28T03:52:25.716Z,7,0.681,23.0,59
2026-07-28T03:52:25.880Z,2026-07-28T03:53:25.880Z,7,0.884,23.0,59
2026-07-28T03:53:26.045Z,2026-07-28T03:54:26.045Z,6,0.387,23.0,59
2026-07-28T03:54:26.108Z,2026-07-28T03:55:26.108Z,3,0.259,23.0,59
2026-07-28T03:55:26.273Z,2026-07-28T03:56:26.273Z,4,0.179,23.0,59
2026-07-28T03:56:26.437Z,2026-07-28T03:57:26.437Z,4,0.237,23.0,59
2026-07-28T03:57:26.503Z,2026-07-28T03:58:26.503Z,2,0.203,23.0,59
2026-07-28T03:58:26.667Z,2026-07-28T03:59:26.667Z,10,0.219,23.0,59
2026-07-28T03:59:26.831Z,2026-07-28T04:00:26.831Z,5,0.12,23.0,59
2026-07-28T04:00:26.904Z,2026-07-28T04:01:26.904Z,2,0.233,23.0,59
2026-07-28T04:01:27.069Z,2026-07-28T04:02:27.069Z,4,0.183,23.0,59
2026-07-28T04:02:27.233Z,2026-07-28T04:03:27.233Z,1,0.16,23.0,59
2026-07-28T04:03:27.298Z,2026-07-28T04:04:27.298Z,0,0.027,23.0,59
2026-07-28T04:05:27.526Z,2026-07-28T04:06:27.526Z,1,0.047,23.0,59
2026-07-28T04:06:27.690Z,2026-07-28T04:07:27.690Z,2,0.103,23.0,59
2026-07-28T04:07:27.855Z,2026-07-28T04:08:27.855Z,0,0.003,23.0,59
2026-07-28T04:08:27.920Z,2026-07-28T04:09:27.920Z,0,0.309,23.0,59
2026-07-28T04:09:28.085Z,2026-07-28T04:10:28.085Z,0,0.013,23.0,59
2026-07-28T04:10:28.249Z,2026-07-28T04:11:28.249Z,0,0.003,23.0,59
2026-07-28T04:11:28.313Z,2026-07-28T04:12:28.313Z,0,0.003,23.0,59
2026-07-28T04:13:28.641Z,2026-07-28T04:14:28.641Z,0,0.003,23.0,59
2026-07-28T04:15:28.871Z,2026-07-28T04:16:28.871Z,1,0.01,23.0,59
2026-07-28T04:16:29.036Z,2026-07-28T04:17:29.036Z,0,0.007,23.0,59
2026-07-28T04:17:29.099Z,2026-07-28T04:18:29.099Z,1,0.605,23.0,59
2026-07-28T04:18:29.265Z,2026-07-28T04:19:29.265Z,2,0.169,23.0,59
2026-07-28T04:19:29.428Z,2026-07-28T04:20:29.428Z,1,0.073,23.0,59
2026-07-28T04:20:29.493Z,2026-07-28T04:21:29.493Z,1,0.033,23.0,59
2026-07-28T04:24:30.052Z,2026-07-28T04:25:30.052Z,2,0.22,23.0,59
2026-07-28T04:25:30.115Z,2026-07-28T04:26:30.115Z,0,0.043,23.0,59
2026-07-28T04:26:30.289Z,2026-07-28T04:27:30.289Z,1,0.013,23.0,59
2026-07-28T04:28:30.517Z,2026-07-28T04:29:30.517Z,1,0.007,23.0,59
2026-07-28T04:30:30.846Z,2026-07-28T04:31:30.846Z,0,0.003,23.0,59
2026-07-28T04:34:31.305Z,2026-07-28T04:35:31.305Z,0,0.003,23.0,59
2026-07-28T04:35:31.469Z,2026-07-28T04:36:31.469Z,4,0.087,23.0,59
2026-07-28T04:44:32.650Z,2026-07-28T04:45:32.650Z,1,0.013,23.0,59
2026-07-28T04:45:32.713Z,2026-07-28T04:46:32.713Z,3,0.286,23.0,59
2026-07-28T04:46:32.878Z,2026-07-28T04:47:32.878Z,0,0.94,23.0,59
2026-07-28T04:47:33.042Z,2026-07-28T04:48:33.042Z,0,0.683,23.0,59
2026-07-28T04:48:33.108Z,2026-07-28T04:49:33.108Z,1,0.867,23.0,59
2026-07-28T04:49:33.272Z,2026-07-28T04:50:33.272Z,1,0.425,23.0,59
2026-07-28T04:50:33.437Z,2026-07-28T04:51:33.437Z,0,0.51,23.0,59
2026-07-28T04:51:33.500Z,2026-07-28T04:52:33.500Z,1,0.116,23.0,59
2026-07-28T04:52:33.665Z,2026-07-28T04:53:33.665Z,0,0.226,23.0,59
2026-07-28T04:58:34.453Z,2026-07-28T04:59:34.453Z,1,0.1,23.0,59
2026-07-28T04:59:34.516Z,2026-07-28T05:00:34.516Z,2,0.01,23.0,59
2026-07-28T05:00:34.673Z,2026-07-28T05:01:34.673Z,5,0.336,23.0,59
2026-07-28T05:01:34.838Z,2026-07-28T05:02:34.838Z,1,0.067,23.0,59
2026-07-28T05:02:34.911Z,2026-07-28T05:03:34.911Z,0,0.01,23.0,59
2026-07-28T05:09:35.861Z,2026-07-28T05:10:35.861Z,0,0.007,23.0,59
2026-07-28T05:12:36.255Z,2026-07-28T05:13:36.255Z,2,0.017,23.0,59
2026-07-28T05:13:36.319Z,2026-07-28T05:14:36.319Z,0,0.003,23.0,59
2026-07-28T05:22:37.492Z,2026-07-28T05:23:37.492Z,0,0.007,23.0,59
2026-07-28T05:34:39.065Z,2026-07-28T05:35:39.065Z,1,0.01,23.0,59
2026-07-28T05:40:39.861Z,2026-07-28T05:41:39.861Z,1,0.007,23.0,59
2026-07-28T05:48:40.868Z,2026-07-28T05:49:40.868Z,0,0.003,23.0,59
2026-07-28T05:50:41.096Z,2026-07-28T05:51:41.096Z,1,0.007,23.0,59
2026-07-28T05:51:41.260Z,2026-07-28T05:52:41.260Z,1,0.01,23.0,59
2026-07-28T05:55:41.727Z,2026-07-28T05:56:41.727Z,2,0.093,23.0,59
2026-07-28T06:00:42.450Z,2026-07-28T06:01:42.450Z,1,0.007,23.0,59
2026-07-28T06:01:42.506Z,2026-07-28T06:02:42.506Z,2,0.199,23.0,59
2026-07-28T06:02:42.670Z,2026-07-28T06:03:42.670Z,0,0.01,23.0,59
2026-07-28T06:10:43.686Z,2026-07-28T06:11:43.686Z,1,0.01,23.0,59
2026-07-28T06:11:43.851Z,2026-07-28T06:12:43.851Z,2,0.103,23.0,59
2026-07-28T06:17:44.637Z,2026-07-28T06:18:44.637Z,0,0.007,23.0,59
2026-07-28T06:19:44.867Z,2026-07-28T06:20:44.867Z,0,0.01,23.0,59
2026-07-28T06:20:45.030Z,2026-07-28T06:21:45.030Z,1,0.043,23.0,59
2026-07-28T06:32:46.505Z,2026-07-28T06:33:46.505Z,1,0.056,23.0,59
2026-07-28T06:39:47.456Z,2026-07-28T06:40:47.456Z,0,0.003,23.0,59
2026-07-28T06:40:47.519Z,2026-07-28T06:41:47.519Z,0,0.003,23.0,59
2026-07-28T06:45:48.233Z,2026-07-28T06:46:48.233Z,1,0.0,23.0,59
2026-07-28T06:46:48.298Z,2026-07-28T06:47:48.298Z,0,0.339,23.0,59
2026-07-28T06:49:48.691Z,2026-07-28T06:50:48.691Z,1,0.0,23.0,59
2026-07-28T06:59:50.236Z,2026-07-28T07:00:50.236Z,0,0.007,23.0,59
2026-07-28T07:00:50.309Z,2026-07-28T07:01:50.309Z,3,0.08,23.0,59
2026-07-28T07:02:50.630Z,2026-07-28T07:03:50.630Z,1,0.01,23.0,59
2026-07-28T07:03:50.694Z,2026-07-28T07:04:50.694Z,1,0.01,23.0,59
2026-07-28T07:08:51.315Z,2026-07-28T07:09:51.315Z,1,0.0,23.0,59
2026-07-28T07:10:51.644Z,2026-07-28T07:11:51.644Z,1,0.0,23.0,59
2026-07-28T07:11:51.717Z,2026-07-28T07:12:51.717Z,1,0.156,23.0,59
2026-07-28T07:12:51.881Z,2026-07-28T07:13:51.881Z,0,0.003,23.0,59
2026-07-28T07:14:52.111Z,2026-07-28T07:15:52.111Z,0,0.007,23.0,59
2026-07-28T07:44:56.036Z,2026-07-28T07:45:56.036Z,0,0.01,23.0,59
2026-07-28T07:45:56.101Z,2026-07-28T07:46:56.101Z,1,0.013,23.0,59
2026-07-28T07:47:56.430Z,2026-07-28T07:48:56.430Z,2,0.0,23.0,59
2026-07-28T07:51:56.888Z,2026-07-28T07:52:56.888Z,0,0.003,23.0,59
2026-07-28T07:58:57.838Z,2026-07-28T07:59:57.838Z,1,0.01,23.0,59
2026-07-28T08:05:58.690Z,2026-07-28T08:06:58.690Z,1,0.007,23.0,59
2026-07-28T09:24:08.717Z,2026-07-28T09:25:08.717Z,0,0.003,23.0,59
2026-07-28T09:25:08.881Z,2026-07-28T09:26:08.881Z,1,0.013,23.0,59
2026-07-28T10:52:20.089Z,2026-07-28T10:53:20.089Z,0,0.003,23.0,59
2026-07-28T11:07:22.056Z,2026-07-28T11:08:22.056Z,0,0.003,23.0,59
2026-07-28T11:22:23.923Z,2026-07-28T11:23:23.923Z,0,0.003,23.0,59
2026-07-28T11:24:24.252Z,2026-07-28T11:25:24.252Z,0,0.003,23.0,59
2026-07-28T11:50:27.529Z,2026-07-28T11:51:27.529Z,0,0.003,23.0,59
2026-07-28T11:56:28.315Z,2026-07-28T11:57:28.315Z,0,0.003,23.0,59
2026-07-28T12:03:29.266Z,2026-07-28T12:04:29.266Z,0,0.003,23.0,59
2026-07-28T12:13:30.510Z,2026-07-28T12:14:30.510Z,0,0.003,23.0,59
2026-07-28T13:51:43.230Z,2026-07-28T13:52:43.230Z,0,0.003,23.0,59
2026-07-28T13:57:43.917Z,2026-07-28T13:58:43.917Z,0,0.003,23.0,59
2026-07-28T15:50:58.500Z,2026-07-28T15:51:58.500Z,0,0.003,23.0,59
2026-07-28T15:51:58.665Z,2026-07-28T15:52:58.665Z,0,0.003,23.0,59
2026-07-28T15:57:59.453Z,2026-07-28T15:58:59.453Z,0,0.003,23.0,59
2026-07-28T16:27:03.122Z,2026-07-28T16:28:03.122Z,0,0.003,23.0,59
2026-07-28T16:28:03.286Z,2026-07-28T16:29:03.286Z,0,0.003,23.0,59
2026-07-28T16:30:03.516Z,2026-07-28T16:31:03.516Z,0,0.003,23.0,59
2026-07-28T16:35:04.237Z,2026-07-28T16:36:04.237Z,0,0.003,23.0,59
2026-07-28T16:38:04.631Z,2026-07-28T16:39:04.631Z,0,0.003,23.0,59
2026-07-28T16:45:05.483Z,2026-07-28T16:46:05.483Z,0,0.003,23.0,59
2026-07-28T16:46:05.648Z,2026-07-28T16:47:05.648Z,0,0.003,23.0,59
2026-07-28T16:47:05.711Z,2026-07-28T16:48:05.711Z,0,0.003,23.0,59
2026-07-28T16:59:07.286Z,2026-07-28T17:00:07.286Z,0,0.003,23.0,59
2026-07-28T17:12:08.924Z,2026-07-28T17:13:08.924Z,0,0.003,23.0,59
2026-07-28T17:19:09.875Z,2026-07-28T17:20:09.875Z,0,0.003,23.0,59
2026-07-28T17:40:12.628Z,2026-07-28T17:41:12.628Z,0,0.003,23.0,59
2026-07-28T17:50:13.874Z,2026-07-28T17:51:13.874Z,0,0.003,23.0,59
2026-07-28T18:09:16.299Z,2026-07-28T18:10:16.299Z,0,0.003,23.0,59
2026-07-28T18:13:16.857Z,2026-07-28T18:14:16.857Z,0,0.003,23.0,59
2026-07-28T18:18:17.479Z,2026-07-28T18:19:17.479Z,0,0.007,23.0,59
2026-07-28T18:37:19.904Z,2026-07-28T18:38:19.904Z,0,0.003,23.0,59
2026-07-28T18:38:20.069Z,2026-07-28T18:39:20.069Z,0,0.003,23.0,59
2026-07-28T18:39:20.233Z,2026-07-28T18:40:20.233Z,0,0.007,23.0,59
2026-07-28T18:44:20.855Z,2026-07-28T18:45:20.855Z,0,0.003,23.0,59
2026-07-28T18:45:20.920Z,2026-07-28T18:46:20.920Z,0,0.003,23.0,59
2026-07-28T18:46:21.084Z,2026-07-28T18:47:21.084Z,0,0.003,23.0,59
2026-07-28T19:22:25.721Z,2026-07-28T19:23:25.721Z,0,0.007,23.0,59
2026-07-28T19:23:25.885Z,2026-07-28T19:24:25.885Z,1,0.176,23.0,59
2026-07-28T19:24:26.051Z,2026-07-28T19:25:26.051Z,2,0.103,23.0,59
2026-07-28T19:25:26.115Z,2026-07-28T19:26:26.115Z,2,0.0,23.0,59
2026-07-28T19:27:26.444Z,2026-07-28T19:28:26.444Z,0,0.01,23.0,59
2026-07-28T19:28:26.509Z,2026-07-28T19:29:26.509Z,0,0.003,23.0,59
2026-07-28T19:29:26.673Z,2026-07-28T19:30:26.673Z,1,0.06,23.0,59
2026-07-28T19:30:26.836Z,2026-07-28T19:31:26.836Z,2,0.063,23.0,59
2026-07-28T19:31:26.901Z,2026-07-28T19:32:26.901Z,0,0.003,23.0,59
2026-07-28T19:32:27.065Z,2026-07-28T19:33:27.065Z,1,0.007,23.0,59
2026-07-28T19:33:27.230Z,2026-07-28T19:34:27.230Z,2,0.0,23.0,59
2026-07-28T19:34:27.295Z,2026-07-28T19:35:27.295Z,1,0.056,23.0,59
2026-07-28T19:35:27.460Z,2026-07-28T19:36:27.460Z,1,0.03,23.0,59
2026-07-28T21:10:39.665Z,2026-07-28T21:11:39.665Z,0,0.003,23.0,59
2026-07-28T21:38:43.269Z,2026-07-28T21:39:43.269Z,0,0.003,23.0,59
2026-07-28T21:47:44.450Z,2026-07-28T21:48:44.450Z,0,0.003,23.0,59
2026-07-28T21:58:45.858Z,2026-07-28T21:59:45.858Z,0,0.003,23.0,59
2026-07-28T22:23:49.071Z,2026-07-28T22:24:49.071Z,0,0.007,23.0,59
2026-07-28T22:30:49.921Z,2026-07-28T22:31:49.921Z,0,0.003,23.0,59
2026-07-28T22:32:50.250Z,2026-07-28T22:33:50.250Z,0,0.003,23.0,59
2026-07-28T22:50:52.512Z,2026-07-28T22:51:52.512Z,0,0.003,23.0,59
2026-07-28T22:53:52.904Z,2026-07-28T22:54:52.904Z,0,0.01,23.0,59
2026-07-28T23:38:58.707Z,2026-07-28T23:39:58.707Z,0,0.007,23.0,59
2026-07-29T00:13:03.098Z,2026-07-29T00:14:03.098Z,0,0.007,23.0,59
2026-07-29T00:35:05.917Z,2026-07-29T00:36:05.917Z,1,0.013,23.0,59
2026-07-29T01:01:09.292Z,2026-07-29T01:02:09.292Z,1,0.013,23.0,59
2026-07-29T01:22:12.072Z,2026-07-29T01:23:12.072Z,1,0.01,23.0,59
2026-07-29T01:25:12.466Z,2026-07-29T01:26:12.466Z,1,0.0,23.0,59
2026-07-29T01:26:12.630Z,2026-07-29T01:27:12.630Z,1,0.007,23.0,59
2026-07-29T01:28:12.858Z,2026-07-29T01:29:12.858Z,4,0.063,23.0,59
2026-07-29T01:29:12.924Z,2026-07-29T01:30:12.924Z,1,0.007,23.0,59
2026-07-29T01:55:16.308Z,2026-07-29T01:56:16.308Z,0,0.007,23.0,59
2026-07-29T01:56:16.471Z,2026-07-29T01:57:16.471Z,0,0.003,23.0,59
2026-07-29T02:06:17.717Z,2026-07-29T02:07:17.717Z,2,0.15,23.0,59
2026-07-29T02:07:17.872Z,2026-07-29T02:08:17.872Z,2,0.435,23.0,59
2026-07-29T02:18:19.282Z,2026-07-29T02:19:19.282Z,0,0.007,23.0,59
2026-07-29T02:24:20.078Z,2026-07-29T02:25:20.078Z,0,0.003,23.0,59
2026-07-29T02:34:21.322Z,2026-07-29T02:35:21.322Z,2,0.01,23.0,59
2026-07-29T03:05:25.321Z,2026-07-29T03:06:25.321Z,0,0.003,23.0,59
2026-07-29T03:48:30.892Z,2026-07-29T03:49:30.892Z,0,0.003,23.0,59
2026-07-29T04:01:32.631Z,2026-07-29T04:02:32.631Z,1,0.02,23.0,59
2026-07-29T04:02:32.687Z,2026-07-29T04:03:32.687Z,0,0.003,23.0,59
2026-07-29T04:09:33.647Z,2026-07-29T04:10:33.647Z,1,0.12,23.0,59
2026-07-29T04:36:37.086Z,2026-07-29T04:37:37.086Z,0,0.003,23.0,59
2026-07-29T04:42:37.874Z,2026-07-29T04:43:37.874Z,0,0.003,23.0,59
2026-07-29T04:43:38.038Z,2026-07-29T04:44:38.038Z,0,0.003,23.0,59
2026-07-29T04:48:38.661Z,2026-07-29T04:49:38.661Z,1,0.027,23.0,59
2026-07-29T04:59:40.069Z,2026-07-29T05:00:40.069Z,1,0.027,23.0,59
2026-07-29T05:12:41.707Z,2026-07-29T05:13:41.707Z,0,0.003,23.0,59
2026-07-29T05:14:42.036Z,2026-07-29T05:15:42.036Z,0,0.01,23.0,59
2026-07-29T05:15:42.101Z,2026-07-29T05:16:42.101Z,1,0.123,23.0,59
2026-07-29T05:16:42.256Z,2026-07-29T05:17:42.256Z,0,0.262,23.0,59
2026-07-29T05:20:42.714Z,2026-07-29T05:21:42.714Z,2,0.0,23.0,59
2026-07-29T05:21:42.888Z,2026-07-29T05:22:42.888Z,1,0.023,23.0,59
2026-07-29T05:29:43.904Z,2026-07-29T05:30:43.904Z,0,0.01,23.0,59
2026-07-29T05:35:44.690Z,2026-07-29T05:36:44.690Z,2,0.056,23.0,59
2026-07-29T05:36:44.846Z,2026-07-29T05:37:44.846Z,0,0.003,23.0,59
2026-07-29T05:37:44.918Z,2026-07-29T05:38:44.918Z,1,0.0,23.0,59
2026-07-29T05:42:45.641Z,2026-07-29T05:43:45.641Z,1,0.033,23.0,59
2026-07-29T05:46:46.098Z,2026-07-29T05:47:46.098Z,0,0.007,23.0,59
2026-07-29T05:48:46.328Z,2026-07-29T05:49:46.328Z,0,0.01,23.0,59
2026-07-29T05:49:46.493Z,2026-07-29T05:50:46.493Z,1,0.007,23.0,59
2026-07-29T05:50:46.657Z,2026-07-29T05:51:46.657Z,1,0.013,23.0,59
2026-07-29T05:55:47.279Z,2026-07-29T05:56:47.279Z,2,0.043,23.0,59
2026-07-29T05:56:47.444Z,2026-07-29T05:57:47.444Z,0,0.007,23.0,59
2026-07-29T05:58:47.673Z,2026-07-29T05:59:47.673Z,0,0.02,23.0,59
2026-07-29T06:00:47.901Z,2026-07-29T06:01:47.901Z,0,0.01,23.0,59
2026-07-29T06:08:48.917Z,2026-07-29T06:09:48.917Z,0,0.003,23.0,59
2026-07-29T06:12:49.476Z,2026-07-29T06:13:49.476Z,0,0.003,23.0,59
2026-07-29T06:18:50.262Z,2026-07-29T06:19:50.262Z,0,0.007,23.0,59
2026-07-29T06:20:50.490Z,2026-07-29T06:21:50.490Z,0,0.003,23.0,59
2026-07-29T06:23:50.875Z,2026-07-29T06:24:50.875Z,1,0.04,23.0,59
2026-07-29T06:27:51.443Z,2026-07-29T06:28:51.443Z,0,0.007,23.0,59
2026-07-29T06:30:51.835Z,2026-07-29T06:31:51.835Z,2,0.19,23.0,59
2026-07-29T06:31:51.891Z,2026-07-29T06:32:51.891Z,0,0.721,23.0,59
2026-07-29T06:41:53.244Z,2026-07-29T06:42:53.244Z,2,0.007,23.0,59
2026-07-29T06:43:53.466Z,2026-07-29T06:44:53.466Z,0,0.003,23.0,59
2026-07-29T06:48:54.088Z,2026-07-29T06:49:54.088Z,1,0.003,23.0,59
2026-07-29T06:51:54.480Z,2026-07-29T06:52:54.480Z,0,0.003,23.0,59
2026-07-29T07:08:56.677Z,2026-07-29T07:09:56.677Z,0,0.003,23.0,59
2026-07-29T07:10:56.905Z,2026-07-29T07:11:56.905Z,1,0.01,23.0,59
2026-07-29T07:29:59.430Z,2026-07-29T07:30:59.430Z,0,0.01,23.0,59
2026-07-29T07:51:02.085Z,2026-07-29T07:52:02.085Z,0,0.01,23.0,59
2026-07-29T07:52:02.249Z,2026-07-29T07:53:02.249Z,0,0.003,23.0,59
2026-07-29T10:59:26.480Z,2026-07-29T11:00:26.480Z,0,0.003,23.0,59
2026-07-29T12:11:35.921Z,2026-07-29T12:12:35.921Z,0,0.003,23.0,59
2026-07-29T14:43:55.522Z,2026-07-29T14:44:55.522Z,0,0.003,23.0,59
2026-07-29T15:27:01.094Z,2026-07-29T15:28:01.094Z,0,0.003,23.0,59
2026-07-29T16:35:09.878Z,2026-07-29T16:36:09.878Z,0,0.003,23.0,59
2026-07-29T18:57:28.250Z,2026-07-29T18:58:28.250Z,0,0.007,23.0,59
2026-07-29T19:19:31.068Z,2026-07-29T19:20:31.068Z,0,0.007,23.0,59
2026-07-29T19:22:31.461Z,2026-07-29T19:23:31.461Z,1,0.003,23.0,59
2026-07-29T19:25:31.855Z,2026-07-29T19:26:31.855Z,1,0.02,23.0,59
2026-07-29T19:28:32.247Z,2026-07-29T19:29:32.247Z,4,0.15,23.0,59
2026-07-29T19:29:32.312Z,2026-07-29T19:30:32.312Z,1,0.013,23.0,59
2026-07-29T22:01:51.894Z,2026-07-29T22:02:51.894Z,0,0.003,23.0,59
2026-07-29T22:37:56.516Z,2026-07-29T22:38:56.516Z,0,0.003,23.0,59
2026-07-29T23:06:00.121Z,2026-07-29T23:07:00.121Z,0,0.017,23.0,59
2026-07-29T23:07:00.285Z,2026-07-29T23:08:00.285Z,0,0.007,23.0,59
2026-07-29T23:08:00.450Z,2026-07-29T23:09:00.450Z,0,0.027,23.0,59
2026-07-29T23:09:00.513Z,2026-07-29T23:10:00.513Z,0,0.017,23.0,59
2026-07-29T23:10:00.678Z,2026-07-29T23:11:00.678Z,0,0.007,23.0,59
2026-07-29T23:14:01.236Z,2026-07-29T23:15:01.236Z,0,0.003,23.0,59
2026-07-30T00:19:09.526Z,2026-07-30T00:20:09.526Z,1,0.023,23.0,59
2026-07-30T00:20:09.690Z,2026-07-30T00:21:09.690Z,1,0.01,23.0,59
2026-07-30T00:40:12.280Z,2026-07-30T00:41:12.280Z,1,0.05,23.0,59
2026-07-30T00:43:12.674Z,2026-07-30T00:44:12.674Z,1,0.03,23.0,59
2026-07-30T00:45:12.903Z,2026-07-30T00:46:12.903Z,0,0.003,23.0,59
2026-07-30T00:48:13.296Z,2026-07-30T00:49:13.296Z,0,0.01,23.0,59
2026-07-30T00:50:13.525Z,2026-07-30T00:51:13.525Z,1,0.017,23.0,59
2026-07-30T00:58:14.641Z,2026-07-30T00:59:14.641Z,2,0.04,23.0,59
2026-07-30T01:00:14.869Z,2026-07-30T01:01:14.869Z,0,0.01,23.0,59
2026-07-30T01:07:15.720Z,2026-07-30T01:08:15.720Z,0,0.007,23.0,59
2026-07-30T01:08:15.885Z,2026-07-30T01:09:15.885Z,0,0.007,23.0,59
2026-07-30T01:12:16.444Z,2026-07-30T01:13:16.444Z,1,0.01,23.0,59
2026-07-30T01:16:16.901Z,2026-07-30T01:17:16.901Z,1,0.0,23.0,59
2026-07-30T01:47:20.900Z,2026-07-30T01:48:20.900Z,1,0.01,23.0,59
2026-07-30T01:58:22.509Z,2026-07-30T01:59:22.509Z,1,0.03,23.0,59
2026-07-30T01:59:22.673Z,2026-07-30T02:00:22.673Z,1,0.03,23.0,59
2026-07-30T02:17:25.033Z,2026-07-30T02:18:25.033Z,0,0.003,23.0,59
2026-07-30T02:58:30.278Z,2026-07-30T02:59:30.278Z,1,0.023,23.0,59
2026-07-30T02:59:30.441Z,2026-07-30T03:00:30.441Z,1,0.033,23.0,59
2026-07-30T03:00:30.506Z,2026-07-30T03:01:30.506Z,1,0.07,23.0,59
2026-07-30T03:01:30.671Z,2026-07-30T03:02:30.671Z,2,0.1,23.0,59
2026-07-30T03:02:30.835Z,2026-07-30T03:03:30.835Z,3,0.207,23.0,59
2026-07-30T03:09:31.687Z,2026-07-30T03:10:31.687Z,2,0.05,23.0,59
2026-07-30T03:10:31.851Z,2026-07-30T03:11:31.851Z,0,0.01,23.0,59
2026-07-30T03:23:33.489Z,2026-07-30T03:24:33.489Z,1,0.007,23.0,59
2026-07-30T03:27:34.046Z,2026-07-30T03:28:34.046Z,1,0.003,23.0,59
2026-07-30T03:30:34.440Z,2026-07-30T03:31:34.440Z,0,0.003,23.0,59
2026-07-30T03:33:34.834Z,2026-07-30T03:34:34.834Z,1,0.013,23.0,59
2026-07-30T03:45:36.308Z,2026-07-30T03:46:36.308Z,1,0.01,23.0,59
2026-07-30T03:46:36.471Z,2026-07-30T03:47:36.471Z,4,0.08,23.0,59
2026-07-30T03:59:38.109Z,2026-07-30T04:00:38.109Z,2,0.02,23.0,59
2026-07-30T04:00:38.275Z,2026-07-30T04:01:38.275Z,1,0.266,23.0,59
2026-07-30T04:02:38.503Z,2026-07-30T04:03:38.503Z,5,0.169,23.0,59
2026-07-30T04:04:38.832Z,2026-07-30T04:05:38.832Z,1,0.02,23.0,59
2026-07-30T04:05:38.897Z,2026-07-30T04:06:38.897Z,2,0.043,23.0,59
2026-07-30T04:06:39.062Z,2026-07-30T04:07:39.062Z,2,0.027,23.0,59
2026-07-30T04:09:39.454Z,2026-07-30T04:10:39.454Z,3,0.01,23.0,59
2026-07-30T04:56:45.484Z,2026-07-30T04:57:45.484Z,2,0.037,23.0,59
2026-07-30T04:57:45.648Z,2026-07-30T04:58:45.648Z,1,0.007,23.0,59
2026-07-30T05:07:46.894Z,2026-07-30T05:08:46.894Z,0,0.007,23.0,59
2026-07-30T05:12:47.516Z,2026-07-30T05:13:47.516Z,2,0.01,23.0,59
2026-07-30T05:13:47.680Z,2026-07-30T05:14:47.680Z,1,0.186,23.0,59
2026-07-30T05:24:49.089Z,2026-07-30T05:25:49.089Z,1,0.003,23.0,59
2026-07-30T05:25:49.253Z,2026-07-30T05:26:49.253Z,2,0.03,23.0,59
2026-07-30T05:27:49.483Z,2026-07-30T05:28:49.483Z,2,0.03,23.0,59
2026-07-30T05:28:49.647Z,2026-07-30T05:29:49.647Z,1,0.04,23.0,59
2026-07-30T05:30:49.875Z,2026-07-30T05:31:49.875Z,2,0.053,23.0,59
2026-07-30T05:32:50.105Z,2026-07-30T05:33:50.105Z,1,0.017,23.0,59
2026-07-30T05:38:50.891Z,2026-07-30T05:39:50.891Z,0,0.003,23.0,59
2026-07-30T05:42:51.450Z,2026-07-30T05:43:51.450Z,2,0.01,23.0,59
2026-07-30T05:44:51.678Z,2026-07-30T05:45:51.678Z,1,0.199,23.0,59
2026-07-30T05:45:51.842Z,2026-07-30T05:46:51.842Z,1,0.77,23.0,59
2026-07-30T05:46:51.907Z,2026-07-30T05:47:51.907Z,0,0.01,23.0,59
2026-07-30T05:47:52.072Z,2026-07-30T05:48:52.072Z,2,0.01,23.0,59
2026-07-30T05:59:53.644Z,2026-07-30T06:00:53.644Z,1,0.01,23.0,59
2026-07-30T06:01:53.874Z,2026-07-30T06:02:53.874Z,0,0.007,23.0,59
2026-07-30T06:02:54.039Z,2026-07-30T06:03:54.039Z,1,0.01,23.0,59
2026-07-30T07:01:01.477Z,2026-07-30T07:02:01.477Z,0,0.007,23.0,59
2026-07-30T07:02:01.641Z,2026-07-30T07:03:01.641Z,1,0.007,23.0,59
2026-07-30T07:10:02.858Z,2026-07-30T07:11:02.858Z,3,0.243,23.0,59
2026-07-30T07:13:03.250Z,2026-07-30T07:14:03.250Z,0,0.113,23.0,59
2026-07-30T07:15:03.480Z,2026-07-30T07:16:03.480Z,0,0.013,23.0,59
2026-07-30T07:16:03.644Z,2026-07-30T07:17:03.644Z,2,0.133,23.0,59
2026-07-30T07:20:04.102Z,2026-07-30T07:21:04.102Z,1,0.01,23.0,59
2026-07-30T07:28:05.118Z,2026-07-30T07:29:05.118Z,1,0.013,23.0,59
2026-07-30T07:29:05.282Z,2026-07-30T07:30:05.282Z,1,0.013,23.0,59
2026-07-30T07:35:06.069Z,2026-07-30T07:36:06.069Z,3,0.03,23.0,59
2026-07-30T07:36:06.233Z,2026-07-30T07:37:06.233Z,2,0.02,23.0,59
2026-07-30T07:48:07.707Z,2026-07-30T07:49:07.707Z,2,0.063,23.0,59
2026-07-30T07:49:07.871Z,2026-07-30T07:50:07.871Z,2,0.043,23.0,59
2026-07-30T07:50:08.036Z,2026-07-30T07:51:08.036Z,1,0.16,23.0,59
2026-07-30T08:14:11.084Z,2026-07-30T08:15:11.084Z,0,0.007,23.0,59
2026-07-30T11:41:37.727Z,2026-07-30T11:42:37.727Z,0,0.003,23.0,59
2026-07-30T12:05:40.875Z,2026-07-30T12:06:40.875Z,0,0.003,23.0,59
2026-07-30T13:37:52.706Z,2026-07-30T13:38:52.706Z,0,0.003,23.0,59
2026-07-30T15:14:05.095Z,2026-07-30T15:15:05.095Z,0,0.003,23.0,59
2026-07-30T15:59:10.898Z,2026-07-30T16:00:10.898Z,0,0.003,23.0,59
2026-07-30T18:54:33.678Z,2026-07-30T18:55:33.678Z,0,0.003,23.0,59
2026-07-30T19:22:37.301Z,2026-07-30T19:23:37.301Z,1,0.003,23.0,59
2026-07-30T19:24:37.630Z,2026-07-30T19:25:37.630Z,1,0.0,23.0,59
2026-07-30T19:25:37.694Z,2026-07-30T19:26:37.694Z,2,0.066,23.0,59
2026-07-30T19:26:37.858Z,2026-07-30T19:27:37.858Z,1,0.0,23.0,59
2026-07-30T19:27:37.923Z,2026-07-30T19:28:37.923Z,1,0.007,23.0,59
2026-07-30T22:24:00.651Z,2026-07-30T22:25:00.651Z,0,0.003,23.0,59
2026-07-30T22:35:02.061Z,2026-07-30T22:36:02.061Z,0,0.003,23.0,59
2026-07-30T22:46:03.470Z,2026-07-30T22:47:03.470Z,0,0.003,23.0,59
2026-07-30T22:47:03.634Z,2026-07-30T22:48:03.634Z,0,0.003,23.0,59
2026-07-30T22:54:04.484Z,2026-07-30T22:55:04.484Z,0,0.003,23.0,59
2026-07-30T23:03:05.665Z,2026-07-30T23:04:05.665Z,0,0.05,23.0,59
2026-07-30T23:04:05.829Z,2026-07-30T23:05:05.829Z,0,0.003,23.0,59
2026-07-30T23:59:12.875Z,2026-07-31T00:00:12.875Z,1,0.01,23.0,59
2026-07-31T00:05:13.661Z,2026-07-31T00:06:13.661Z,0,0.003,23.0,59
2026-07-31T00:28:16.644Z,2026-07-31T00:29:16.644Z,2,0.0,23.0,59
2026-07-31T01:02:21.036Z,2026-07-31T01:03:21.036Z,0,0.007,23.0,59
2026-07-31T01:14:22.510Z,2026-07-31T01:15:22.510Z,0,0.007,23.0,59
2026-07-31T01:16:22.839Z,2026-07-31T01:17:22.839Z,0,0.003,23.0,59
2026-07-31T01:18:23.069Z,2026-07-31T01:19:23.069Z,0,0.003,23.0,59
2026-07-31T01:19:23.233Z,2026-07-31T01:20:23.233Z,0,0.007,23.0,59
2026-07-31T01:49:27.065Z,2026-07-31T01:50:27.065Z,1,0.01,23.0,59
2026-07-31T01:50:27.230Z,2026-07-31T01:51:27.230Z,1,0.007,23.0,59
2026-07-31T02:19:30.900Z,2026-07-31T02:20:30.900Z,1,0.017,23.0,59
2026-07-31T02:31:32.497Z,2026-07-31T02:32:32.497Z,0,0.007,23.0,59
2026-07-31T02:35:33.055Z,2026-07-31T02:36:33.055Z,0,0.01,23.0,59
2026-07-31T02:52:35.252Z,2026-07-31T02:53:35.252Z,0,0.01,23.0,59
2026-07-31T02:58:36.039Z,2026-07-31T02:59:36.039Z,0,0.01,23.0,59
2026-07-31T02:59:36.102Z,2026-07-31T03:00:36.102Z,0,0.007,23.0,59
2026-07-31T03:14:38.069Z,2026-07-31T03:15:38.069Z,1,0.01,23.0,59
2026-07-31T03:46:42.233Z,2026-07-31T03:47:42.233Z,1,0.007,23.0,59
2026-07-31T03:49:42.526Z,2026-07-31T03:50:42.526Z,1,0.01,23.0,59
2026-07-31T03:52:42.920Z,2026-07-31T03:53:42.920Z,0,0.007,23.0,59
2026-07-31T04:17:46.431Z,2026-07-31T04:18:46.431Z,3,0.263,23.0,59
2026-07-31T04:18:46.496Z,2026-07-31T04:19:46.496Z,2,0.15,23.0,59
2026-07-31T04:22:47.053Z,2026-07-31T04:23:47.053Z,2,0.023,23.0,59
2026-07-31T04:23:47.118Z,2026-07-31T04:24:47.118Z,0,0.003,23.0,59
2026-07-31T04:25:47.447Z,2026-07-31T04:26:47.447Z,1,0.013,23.0,59
2026-07-31T04:26:47.512Z,2026-07-31T04:27:47.512Z,1,0.017,23.0,59
2026-07-31T04:27:47.677Z,2026-07-31T04:28:47.677Z,0,0.003,23.0,59
2026-07-31T04:28:47.841Z,2026-07-31T04:29:47.841Z,1,0.01,23.0,59
2026-07-31T04:31:48.233Z,2026-07-31T04:32:48.233Z,1,0.007,23.0,59
2026-07-31T05:05:52.526Z,2026-07-31T05:06:52.526Z,1,0.033,23.0,59
2026-07-31T05:21:54.657Z,2026-07-31T05:22:54.657Z,1,0.007,23.0,59
2026-07-31T05:22:54.723Z,2026-07-31T05:23:54.723Z,0,0.007,23.0,59
2026-07-31T05:33:56.232Z,2026-07-31T05:34:56.232Z,0,0.007,23.0,59
2026-07-31T05:35:56.460Z,2026-07-31T05:36:56.460Z,2,0.033,23.0,59
2026-07-31T05:36:56.526Z,2026-07-31T05:37:56.526Z,0,0.01,23.0,59
2026-07-31T05:50:58.328Z,2026-07-31T05:51:58.328Z,1,0.013,23.0,59
2026-07-31T06:27:03.049Z,2026-07-31T06:28:03.049Z,1,0.01,23.0,59
2026-07-31T07:15:09.243Z,2026-07-31T07:16:09.243Z,1,0.017,23.0,59
2026-07-31T09:43:28.257Z,2026-07-31T09:44:28.257Z,0,0.05,23.0,59
2026-07-31T09:44:28.322Z,2026-07-31T09:45:28.322Z,0,0.249,23.0,59
2026-07-31T09:45:28.486Z,2026-07-31T09:46:28.486Z,0,0.053,23.0,59
2026-07-31T10:00:30.453Z,2026-07-31T10:01:30.453Z,0,0.003,23.0,59
2026-07-10T16:42:35.576Z,2026-07-10T16:43:35.576Z,0,0.003,23.0,59
2026-07-12T05:24:19.223Z,2026-07-12T05:25:19.223Z,1,0.179,23.0,59
2026-07-12T06:43:29.407Z,2026-07-12T06:44:29.407Z,1,0.183,23.0,59
2026-07-12T06:44:29.572Z,2026-07-12T06:45:29.572Z,1,0.033,23.0,59
2026-07-12T19:23:07.164Z,2026-07-12T19:24:07.164Z,0,0.003,23.0,59
2026-07-12T19:32:08.344Z,2026-07-12T19:33:08.344Z,1,0.047,23.0,59
2026-07-13T00:18:45.161Z,2026-07-13T00:19:45.161Z,1,0.0,23.0,59
2026-07-13T00:24:45.947Z,2026-07-13T00:25:45.947Z,0,0.007,23.0,59
2026-07-13T01:05:51.190Z,2026-07-13T01:06:51.190Z,1,0.01,23.0,59
2026-07-13T01:28:54.174Z,2026-07-13T01:29:54.174Z,0,0.003,23.0,59
2026-07-13T01:31:54.566Z,2026-07-13T01:32:54.566Z,1,0.007,23.0,59
2026-07-13T01:32:54.631Z,2026-07-13T01:33:54.631Z,1,0.01,23.0,59
2026-07-13T01:47:56.598Z,2026-07-13T01:48:56.598Z,3,0.086,23.0,59
2026-07-13T01:48:56.762Z,2026-07-13T01:49:56.762Z,0,0.03,23.0,59
2026-07-13T01:49:56.826Z,2026-07-13T01:50:56.826Z,3,0.053,23.0,59
2026-07-13T02:12:59.809Z,2026-07-13T02:13:59.809Z,0,0.003,23.0,59
2026-07-13T02:21:00.825Z,2026-07-13T02:22:00.825Z,0,0.007,23.0,59
2026-07-13T02:26:01.546Z,2026-07-13T02:27:01.546Z,0,0.007,23.0,59
2026-07-13T02:27:01.611Z,2026-07-13T02:28:01.611Z,2,0.0,23.0,59
2026-07-13T02:30:02.005Z,2026-07-13T02:31:02.005Z,1,0.023,23.0,59
2026-07-13T02:35:02.760Z,2026-07-13T02:36:02.760Z,0,0.003,23.0,59
2026-07-13T02:37:02.990Z,2026-07-13T02:38:02.990Z,0,0.003,23.0,59
2026-07-13T02:38:03.154Z,2026-07-13T02:39:03.154Z,0,0.007,23.0,59
2026-07-13T02:39:03.219Z,2026-07-13T02:40:03.219Z,0,0.01,23.0,59
2026-07-13T02:44:03.940Z,2026-07-13T02:45:03.940Z,0,0.003,23.0,59
2026-07-13T02:47:04.233Z,2026-07-13T02:48:04.233Z,0,0.007,23.0,59
2026-07-13T02:57:05.578Z,2026-07-13T02:58:05.578Z,0,0.003,23.0,59
2026-07-13T03:53:12.788Z,2026-07-13T03:54:12.788Z,0,0.003,23.0,59
2026-07-13T03:55:13.016Z,2026-07-13T03:56:13.016Z,0,0.003,23.0,59
2026-07-13T03:56:13.181Z,2026-07-13T03:57:13.181Z,0,0.003,23.0,59
2026-07-13T03:59:13.575Z,2026-07-13T04:00:13.575Z,1,0.017,23.0,59
2026-07-13T04:04:14.197Z,2026-07-13T04:05:14.197Z,0,0.003,23.0,59
2026-07-13T04:08:14.756Z,2026-07-13T04:09:14.756Z,0,0.003,23.0,59
2026-07-13T04:11:15.148Z,2026-07-13T04:12:15.148Z,0,0.007,23.0,59
2026-07-13T04:14:15.542Z,2026-07-13T04:15:15.542Z,0,0.007,23.0,59
2026-07-13T04:32:17.802Z,2026-07-13T04:33:17.802Z,0,0.003,23.0,59
2026-07-13T04:40:18.818Z,2026-07-13T04:41:18.818Z,1,0.01,23.0,59
2026-07-13T04:53:20.555Z,2026-07-13T04:54:20.555Z,0,0.003,23.0,59
2026-07-13T04:54:20.621Z,2026-07-13T04:55:20.621Z,1,0.0,23.0,59
2026-07-13T04:56:20.950Z,2026-07-13T04:57:20.950Z,0,0.003,23.0,59
2026-07-13T04:57:21.013Z,2026-07-13T04:58:21.013Z,0,0.007,23.0,59
2026-07-13T04:58:21.178Z,2026-07-13T04:59:21.178Z,0,0.003,23.0,59
2026-07-13T05:00:21.407Z,2026-07-13T05:01:21.407Z,0,0.007,23.0,59
2026-07-13T05:02:21.637Z,2026-07-13T05:03:21.637Z,0,0.003,23.0,59
2026-07-13T05:03:21.801Z,2026-07-13T05:04:21.801Z,0,0.003,23.0,59
2026-07-13T05:11:22.816Z,2026-07-13T05:12:22.816Z,0,0.013,23.0,59
2026-07-13T05:12:22.980Z,2026-07-13T05:13:22.980Z,0,0.003,23.0,59
2026-07-13T05:37:26.191Z,2026-07-13T05:38:26.191Z,0,0.007,23.0,59
2026-07-13T05:38:26.357Z,2026-07-13T05:39:26.357Z,0,0.003,23.0,59
2026-07-13T05:43:26.979Z,2026-07-13T05:44:26.979Z,0,0.007,23.0,59
2026-07-13T05:57:28.782Z,2026-07-13T05:58:28.782Z,0,0.007,23.0,59
2026-07-13T06:03:29.568Z,2026-07-13T06:04:29.568Z,1,0.027,23.0,59
2026-07-13T06:05:29.796Z,2026-07-13T06:06:29.796Z,1,0.007,23.0,59
2026-07-13T06:08:30.190Z,2026-07-13T06:09:30.190Z,1,0.023,23.0,59
2026-07-13T06:11:30.584Z,2026-07-13T06:12:30.584Z,0,0.003,23.0,59
2026-07-13T06:13:30.812Z,2026-07-13T06:14:30.812Z,0,0.003,23.0,59
2026-07-13T06:14:30.976Z,2026-07-13T06:15:30.976Z,0,0.003,23.0,59
2026-07-13T06:15:31.141Z,2026-07-13T06:16:31.141Z,3,0.017,23.0,59
2026-07-13T06:34:33.565Z,2026-07-13T06:35:33.565Z,0,0.003,23.0,59
2026-07-13T06:48:35.359Z,2026-07-13T06:49:35.359Z,0,0.003,23.0,59
2026-07-13T06:49:35.424Z,2026-07-13T06:50:35.424Z,0,0.003,23.0,59
2026-07-13T06:50:35.588Z,2026-07-13T06:51:35.588Z,2,0.023,23.0,59
2026-07-13T07:02:37.171Z,2026-07-13T07:03:37.171Z,1,0.02,23.0,59
2026-07-13T07:05:37.555Z,2026-07-13T07:06:37.555Z,1,0.0,23.0,59
2026-07-13T07:06:37.619Z,2026-07-13T07:07:37.619Z,1,0.08,23.0,59
2026-07-13T07:08:37.948Z,2026-07-13T07:09:37.948Z,1,0.017,23.0,59
2026-07-13T07:18:39.194Z,2026-07-13T07:19:39.194Z,1,0.037,23.0,59
2026-07-13T07:19:39.358Z,2026-07-13T07:20:39.358Z,0,0.01,23.0,59
2026-07-13T07:20:39.423Z,2026-07-13T07:21:39.423Z,0,0.003,23.0,59
2026-07-13T07:23:39.815Z,2026-07-13T07:24:39.815Z,0,0.003,23.0,59
2026-07-13T07:24:39.980Z,2026-07-13T07:25:39.980Z,1,0.558,23.0,59
2026-07-13T07:25:40.144Z,2026-07-13T07:26:40.144Z,0,0.007,23.0,59
2026-07-13T07:28:40.638Z,2026-07-13T07:29:40.638Z,1,0.007,23.0,59
2026-07-13T07:30:40.967Z,2026-07-13T07:31:40.967Z,3,0.383,23.0,59
2026-07-13T07:31:41.023Z,2026-07-13T07:32:41.023Z,2,1.894,23.0,59
2026-07-13T07:32:41.187Z,2026-07-13T07:33:41.187Z,5,1.91,23.0,59
2026-07-13T07:33:41.351Z,2026-07-13T07:34:41.351Z,3,1.847,23.0,59
2026-07-13T07:34:41.417Z,2026-07-13T07:35:41.417Z,3,0.91,23.0,59
2026-07-13T07:35:41.581Z,2026-07-13T07:36:41.581Z,0,2.003,23.0,59
2026-07-13T07:36:41.637Z,2026-07-13T07:37:41.637Z,0,1.924,23.0,59
2026-07-13T07:37:41.802Z,2026-07-13T07:38:41.802Z,1,1.153,23.0,59
2026-07-13T07:38:41.973Z,2026-07-13T07:39:41.973Z,0,0.897,23.0,59
2026-07-13T07:39:42.138Z,2026-07-13T07:40:42.138Z,4,0.69,23.0,59
2026-07-13T07:40:42.211Z,2026-07-13T07:41:42.211Z,3,0.0,23.0,59
2026-07-13T07:41:42.375Z,2026-07-13T07:42:42.375Z,5,0.053,23.0,59
2026-07-13T07:42:42.431Z,2026-07-13T07:43:42.431Z,1,0.1,23.0,59
2026-07-13T07:44:42.769Z,2026-07-13T07:45:42.769Z,1,0.947,23.0,59
2026-07-13T07:45:42.834Z,2026-07-13T07:46:42.834Z,0,1.0,23.0,59
2026-07-13T07:46:42.997Z,2026-07-13T07:47:42.997Z,0,0.505,23.0,59
2026-07-13T07:50:43.555Z,2026-07-13T07:51:43.555Z,2,0.423,23.0,59
2026-07-13T07:51:43.621Z,2026-07-13T07:52:43.621Z,0,1.0,23.0,59
2026-07-13T07:52:43.785Z,2026-07-13T07:53:43.785Z,0,1.0,23.0,59
2026-07-13T07:53:43.950Z,2026-07-13T07:54:43.950Z,0,1.0,23.0,59
2026-07-13T07:54:44.013Z,2026-07-13T07:55:44.013Z,0,0.973,23.0,59
2026-07-13T08:07:45.752Z,2026-07-13T08:08:45.752Z,0,0.01,23.0,59
2026-07-13T08:08:45.816Z,2026-07-13T08:09:45.816Z,0,0.003,23.0,59
2026-07-13T08:16:46.832Z,2026-07-13T08:17:46.832Z,1,0.007,23.0,59
2026-07-13T08:19:47.226Z,2026-07-13T08:20:47.226Z,0,0.007,23.0,59
2026-07-13T08:21:47.555Z,2026-07-13T08:22:47.555Z,1,0.12,23.0,59
2026-07-13T08:23:47.782Z,2026-07-13T08:24:47.782Z,1,0.013,23.0,59
2026-07-13T08:24:47.947Z,2026-07-13T08:25:47.947Z,0,0.003,23.0,59
2026-07-13T08:30:48.634Z,2026-07-13T08:31:48.634Z,1,0.0,23.0,59
2026-07-13T08:31:48.799Z,2026-07-13T08:32:48.799Z,1,0.0,23.0,59
2026-07-13T08:32:48.963Z,2026-07-13T08:33:48.963Z,0,0.007,23.0,59
2026-07-13T08:34:49.193Z,2026-07-13T08:35:49.193Z,0,0.007,23.0,59
2026-07-13T08:38:49.750Z,2026-07-13T08:39:49.750Z,1,0.017,23.0,59
2026-07-13T08:42:50.207Z,2026-07-13T08:43:50.207Z,1,0.01,23.0,59
2026-07-13T08:43:50.372Z,2026-07-13T08:44:50.372Z,1,0.017,23.0,59
2026-07-13T08:44:50.428Z,2026-07-13T08:45:50.428Z,2,0.302,23.0,59
2026-07-13T08:46:50.766Z,2026-07-13T08:47:50.766Z,0,0.01,23.0,59
2026-07-13T08:48:50.994Z,2026-07-13T08:49:50.994Z,1,0.01,23.0,59
2026-07-13T09:01:52.632Z,2026-07-13T09:02:52.632Z,3,0.003,23.0,59
2026-07-13T19:19:12.035Z,2026-07-13T19:20:12.035Z,1,0.003,23.0,59
2026-07-13T19:20:12.200Z,2026-07-13T19:21:12.200Z,2,0.086,23.0,59
2026-07-13T19:21:12.364Z,2026-07-13T19:22:12.364Z,1,0.013,23.0,59
2026-07-13T19:27:13.151Z,2026-07-13T19:28:13.151Z,0,0.003,23.0,59
2026-07-14T00:21:50.984Z,2026-07-14T00:22:50.984Z,0,0.007,23.0,59
2026-07-14T00:24:51.378Z,2026-07-14T00:25:51.378Z,0,0.007,23.0,59
2026-07-14T00:32:52.394Z,2026-07-14T00:33:52.394Z,1,0.007,23.0,59
2026-07-14T00:43:53.802Z,2026-07-14T00:44:53.802Z,0,0.003,23.0,59
2026-07-14T01:10:57.342Z,2026-07-14T01:11:57.342Z,2,0.633,23.0,59
2026-07-14T01:11:57.407Z,2026-07-14T01:12:57.407Z,4,0.086,23.0,59
2026-07-14T01:12:57.572Z,2026-07-14T01:13:57.572Z,0,0.007,23.0,59
2026-07-14T01:13:57.637Z,2026-07-14T01:14:57.637Z,0,0.003,23.0,59
2026-07-14T01:15:57.964Z,2026-07-14T01:16:57.964Z,0,0.003,23.0,59
2026-07-14T01:18:58.358Z,2026-07-14T01:19:58.358Z,0,0.007,23.0,59
2026-07-14T01:26:59.374Z,2026-07-14T01:27:59.374Z,0,0.007,23.0,59
2026-07-14T01:28:59.602Z,2026-07-14T01:29:59.602Z,1,0.01,23.0,59
2026-07-14T01:40:01.013Z,2026-07-14T01:41:01.013Z,0,0.003,23.0,59
2026-07-14T01:50:02.357Z,2026-07-14T01:51:02.357Z,1,0.013,23.0,59
2026-07-14T01:55:03.003Z,2026-07-14T01:56:03.003Z,0,0.003,23.0,59
2026-07-14T01:56:03.168Z,2026-07-14T01:57:03.168Z,1,0.013,23.0,59
2026-07-14T01:57:03.341Z,2026-07-14T01:58:03.341Z,2,0.043,23.0,59
2026-07-14T02:01:03.790Z,2026-07-14T02:02:03.790Z,0,0.007,23.0,59
2026-07-14T02:02:03.956Z,2026-07-14T02:03:03.956Z,0,0.007,23.0,59
2026-07-14T02:11:05.036Z,2026-07-14T02:12:05.036Z,0,0.003,23.0,59
2026-07-14T02:19:06.151Z,2026-07-14T02:20:06.151Z,0,0.003,23.0,59
2026-07-14T02:27:07.176Z,2026-07-14T02:28:07.176Z,0,0.01,23.0,59
2026-07-14T02:43:09.198Z,2026-07-14T02:44:09.198Z,0,0.003,23.0,59
2026-07-14T02:44:09.362Z,2026-07-14T02:45:09.362Z,0,0.013,23.0,59
2026-07-14T02:45:09.427Z,2026-07-14T02:46:09.427Z,0,0.007,23.0,59
2026-07-14T02:46:09.592Z,2026-07-14T02:47:09.592Z,0,0.01,23.0,59
2026-07-14T02:47:09.756Z,2026-07-14T02:48:09.756Z,0,0.017,23.0,59
2026-07-14T02:48:09.821Z,2026-07-14T02:49:09.821Z,0,0.01,23.0,59
2026-07-14T02:50:10.150Z,2026-07-14T02:51:10.150Z,0,0.01,23.0,59
2026-07-14T02:51:10.213Z,2026-07-14T02:52:10.213Z,0,0.01,23.0,59
2026-07-14T02:57:11.000Z,2026-07-14T02:58:11.000Z,2,0.023,23.0,59
2026-07-14T02:58:11.165Z,2026-07-14T02:59:11.165Z,0,0.007,23.0,59
2026-07-14T02:59:11.230Z,2026-07-14T03:00:11.230Z,0,0.023,23.0,59
2026-07-14T03:00:11.394Z,2026-07-14T03:01:11.394Z,1,0.017,23.0,59
2026-07-14T03:29:15.173Z,2026-07-14T03:30:15.173Z,0,0.003,23.0,59
2026-07-14T03:55:18.540Z,2026-07-14T03:56:18.540Z,0,0.003,23.0,59
2026-07-14T03:59:19.006Z,2026-07-14T04:00:19.006Z,1,0.007,23.0,59
2026-07-14T04:01:19.236Z,2026-07-14T04:02:19.236Z,1,0.007,23.0,59
2026-07-14T04:02:19.391Z,2026-07-14T04:03:19.391Z,2,0.023,23.0,59
2026-07-14T04:03:19.556Z,2026-07-14T04:04:19.556Z,4,0.097,23.0,59
2026-07-14T04:04:19.621Z,2026-07-14T04:05:19.621Z,1,0.017,23.0,59
2026-07-14T04:05:19.786Z,2026-07-14T04:06:19.786Z,3,0.037,23.0,59
2026-07-14T04:09:20.344Z,2026-07-14T04:10:20.344Z,0,0.01,23.0,59
2026-07-14T04:22:21.990Z,2026-07-14T04:23:21.990Z,2,0.02,23.0,59
2026-07-14T04:27:22.612Z,2026-07-14T04:28:22.612Z,0,0.003,23.0,59
2026-07-14T04:35:23.619Z,2026-07-14T04:36:23.619Z,0,0.007,23.0,59
2026-07-14T04:56:26.381Z,2026-07-14T04:57:26.381Z,0,0.007,23.0,59
2026-07-14T05:04:27.390Z,2026-07-14T05:05:27.390Z,0,0.01,23.0,59
2026-07-14T05:06:27.618Z,2026-07-14T05:07:27.618Z,0,0.003,23.0,59
2026-07-14T05:09:28.012Z,2026-07-14T05:10:28.012Z,0,0.003,23.0,59
2026-07-14T05:26:30.217Z,2026-07-14T05:27:30.217Z,0,0.007,23.0,59
2026-07-14T05:31:30.938Z,2026-07-14T05:32:30.938Z,0,0.007,23.0,59
2026-07-14T05:33:31.167Z,2026-07-14T05:34:31.167Z,2,0.007,23.0,59
2026-07-14T05:34:31.223Z,2026-07-14T05:35:31.223Z,3,0.611,23.0,59
2026-07-14T05:35:31.388Z,2026-07-14T05:36:31.388Z,5,0.857,23.0,59
2026-07-14T05:36:31.552Z,2026-07-14T05:37:31.552Z,4,0.323,23.0,59
2026-07-14T05:37:31.617Z,2026-07-14T05:38:31.617Z,0,1.0,23.0,59
2026-07-14T05:38:31.782Z,2026-07-14T05:39:31.782Z,0,1.0,23.0,59
2026-07-14T05:39:31.946Z,2026-07-14T05:40:31.946Z,2,0.82,23.0,59
2026-07-14T05:40:32.010Z,2026-07-14T05:41:32.010Z,2,0.312,23.0,59
2026-07-14T05:41:32.183Z,2026-07-14T05:42:32.183Z,2,0.817,23.0,59
2026-07-14T05:42:32.338Z,2026-07-14T05:43:32.338Z,0,1.0,23.0,59
2026-07-14T05:43:32.404Z,2026-07-14T05:44:32.404Z,0,1.0,23.0,59
2026-07-14T05:44:32.568Z,2026-07-14T05:45:32.568Z,0,1.01,23.0,59
2026-07-14T05:45:32.632Z,2026-07-14T05:46:32.632Z,0,1.0,23.0,59
2026-07-14T05:46:32.796Z,2026-07-14T05:47:32.796Z,0,1.0,23.0,59
2026-07-14T05:47:32.961Z,2026-07-14T05:48:32.961Z,1,0.833,23.0,59
2026-07-14T05:48:33.026Z,2026-07-14T05:49:33.026Z,1,0.741,23.0,59
2026-07-14T05:49:33.190Z,2026-07-14T05:50:33.190Z,1,0.319,23.0,59
2026-07-14T05:50:33.355Z,2026-07-14T05:51:33.355Z,1,0.897,23.0,59
2026-07-14T05:51:33.420Z,2026-07-14T05:52:33.420Z,0,1.0,23.0,59
2026-07-14T05:52:33.584Z,2026-07-14T05:53:33.584Z,0,0.475,23.0,59
2026-07-14T05:54:33.812Z,2026-07-14T05:55:33.812Z,1,0.02,23.0,59
2026-07-14T05:55:33.976Z,2026-07-14T05:56:33.976Z,1,0.023,23.0,59
2026-07-14T05:56:34.141Z,2026-07-14T05:57:34.141Z,1,0.023,23.0,59
2026-07-14T05:57:34.206Z,2026-07-14T05:58:34.206Z,2,0.618,23.0,59
2026-07-14T05:58:34.371Z,2026-07-14T05:59:34.371Z,0,0.573,23.0,59
2026-07-14T05:59:34.434Z,2026-07-14T06:00:34.434Z,3,0.12,23.0,59
2026-07-14T06:04:35.157Z,2026-07-14T06:05:35.157Z,1,0.017,23.0,59
2026-07-14T06:05:35.221Z,2026-07-14T06:06:35.221Z,1,0.047,23.0,59
2026-07-14T06:06:35.385Z,2026-07-14T06:07:35.385Z,3,0.0,23.0,59
2026-07-14T06:08:35.615Z,2026-07-14T06:09:35.615Z,0,0.013,23.0,59
2026-07-14T06:14:36.401Z,2026-07-14T06:15:36.401Z,0,0.003,23.0,59
2026-07-14T06:15:36.566Z,2026-07-14T06:16:36.566Z,1,0.603,23.0,59
2026-07-14T06:27:38.140Z,2026-07-14T06:28:38.140Z,2,0.02,23.0,59
2026-07-14T06:28:38.204Z,2026-07-14T06:29:38.204Z,1,0.033,23.0,59
2026-07-14T06:29:38.368Z,2026-07-14T06:30:38.368Z,0,0.003,23.0,59
2026-07-14T06:30:38.434Z,2026-07-14T06:31:38.434Z,0,0.01,23.0,59
2026-07-14T06:32:38.763Z,2026-07-14T06:33:38.763Z,0,0.003,23.0,59
2026-07-14T06:35:39.164Z,2026-07-14T06:36:39.164Z,1,0.137,23.0,59
2026-07-14T06:36:39.229Z,2026-07-14T06:37:39.229Z,1,0.007,23.0,59
2026-07-14T06:57:41.973Z,2026-07-14T06:58:41.973Z,1,0.02,23.0,59
2026-07-14T07:01:42.431Z,2026-07-14T07:02:42.431Z,1,0.013,23.0,59
2026-07-14T07:06:43.154Z,2026-07-14T07:07:43.154Z,0,0.007,23.0,59
2026-07-14T07:07:43.217Z,2026-07-14T07:08:43.217Z,1,0.007,23.0,59
2026-07-14T07:12:43.940Z,2026-07-14T07:13:43.940Z,0,0.003,23.0,59
2026-07-14T07:13:44.005Z,2026-07-14T07:14:44.005Z,1,0.007,23.0,59
2026-07-14T07:23:45.348Z,2026-07-14T07:24:45.348Z,3,0.067,23.0,59
2026-07-14T07:29:46.036Z,2026-07-14T07:30:46.036Z,0,0.01,23.0,59
2026-07-14T07:32:46.430Z,2026-07-14T07:33:46.430Z,2,0.013,23.0,59
2026-07-14T07:33:46.594Z,2026-07-14T07:34:46.594Z,1,0.01,23.0,59
2026-07-14T07:48:48.561Z,2026-07-14T07:49:48.561Z,0,0.003,23.0,59
2026-07-14T07:51:48.953Z,2026-07-14T07:52:48.953Z,0,0.007,23.0,59
2026-07-14T08:08:51.150Z,2026-07-14T08:09:51.150Z,0,0.003,23.0,59
2026-07-14T08:54:57.015Z,2026-07-14T08:55:57.015Z,1,0.013,23.0,59
2026-07-14T08:56:57.344Z,2026-07-14T08:57:57.344Z,1,0.173,23.0,59
2026-07-14T08:57:57.408Z,2026-07-14T08:58:57.408Z,0,0.096,23.0,59
2026-07-14T09:16:59.834Z,2026-07-14T09:17:59.834Z,0,0.003,23.0,59
2026-07-14T16:30:55.822Z,2026-07-14T16:31:55.822Z,0,0.003,23.0,59
2026-07-14T19:19:17.571Z,2026-07-14T19:20:17.571Z,0,0.003,23.0,59
2026-07-14T19:28:18.750Z,2026-07-14T19:29:18.750Z,1,0.127,23.0,59
2026-07-14T19:29:18.815Z,2026-07-14T19:30:18.815Z,1,0.003,23.0,59
2026-07-14T23:34:50.391Z,2026-07-14T23:35:50.391Z,0,0.003,23.0,59
2026-07-15T00:11:55.375Z,2026-07-15T00:12:55.375Z,1,0.01,23.0,59
2026-07-15T00:14:55.769Z,2026-07-15T00:15:55.769Z,2,0.023,23.0,59
2026-07-15T00:20:56.582Z,2026-07-15T00:21:56.582Z,0,0.003,23.0,59
2026-07-15T00:43:59.563Z,2026-07-15T00:44:59.563Z,0,0.007,23.0,59
2026-07-15T00:55:00.973Z,2026-07-15T00:56:00.973Z,1,0.05,23.0,59
2026-07-15T01:40:55.243Z,2026-07-15T01:41:55.243Z,1,0.01,23.0,59
2026-07-15T01:46:55.927Z,2026-07-15T01:47:55.927Z,0,0.003,23.0,59
2026-07-15T01:50:56.486Z,2026-07-15T01:51:56.486Z,0,0.007,23.0,59
2026-07-15T02:36:02.293Z,2026-07-15T02:37:02.293Z,0,0.007,23.0,59
2026-07-15T02:47:03.694Z,2026-07-15T02:48:03.694Z,1,0.007,23.0,59
2026-07-15T02:50:04.088Z,2026-07-15T02:51:04.088Z,1,0.007,23.0,59
2026-07-15T02:51:04.252Z,2026-07-15T02:52:04.252Z,0,0.01,23.0,59
2026-07-15T02:56:04.881Z,2026-07-15T02:57:04.881Z,0,0.02,23.0,59
2026-07-15T02:58:05.109Z,2026-07-15T02:59:05.109Z,2,0.037,23.0,59
2026-07-15T02:59:05.275Z,2026-07-15T03:00:05.275Z,1,0.013,23.0,59
2026-07-15T03:13:07.076Z,2026-07-15T03:14:07.076Z,0,0.003,23.0,59
2026-07-15T03:23:08.322Z,2026-07-15T03:24:08.322Z,0,0.007,23.0,59
2026-07-15T03:51:11.927Z,2026-07-15T03:52:11.927Z,0,0.003,23.0,59
2026-07-15T03:52:12.092Z,2026-07-15T03:53:12.092Z,0,0.003,23.0,59
2026-07-15T03:57:12.713Z,2026-07-15T03:58:12.713Z,0,0.003,23.0,59
2026-07-15T04:01:13.272Z,2026-07-15T04:02:13.272Z,0,0.003,23.0,59
2026-07-15T04:03:13.493Z,2026-07-15T04:04:13.493Z,0,0.007,23.0,59
2026-07-15T04:04:13.657Z,2026-07-15T04:05:13.657Z,0,0.003,23.0,59
2026-07-15T04:11:14.507Z,2026-07-15T04:12:14.507Z,3,0.013,23.0,59
2026-07-15T04:22:15.924Z,2026-07-15T04:23:15.924Z,0,0.003,23.0,59
2026-07-15T04:23:16.088Z,2026-07-15T04:24:16.088Z,1,0.047,23.0,59
2026-07-15T04:34:17.496Z,2026-07-15T04:35:17.496Z,0,0.003,23.0,59
2026-07-15T04:38:18.055Z,2026-07-15T04:39:18.055Z,1,0.003,23.0,59
2026-07-15T04:39:18.118Z,2026-07-15T04:40:18.118Z,0,0.003,23.0,59
2026-07-15T04:49:19.463Z,2026-07-15T04:50:19.463Z,0,0.007,23.0,59
2026-07-15T04:51:19.691Z,2026-07-15T04:52:19.691Z,1,0.023,23.0,59
2026-07-15T05:03:21.266Z,2026-07-15T05:04:21.266Z,0,0.007,23.0,59
2026-07-15T05:06:21.658Z,2026-07-15T05:07:21.658Z,0,0.013,23.0,59
2026-07-15T05:13:22.509Z,2026-07-15T05:14:22.509Z,0,0.01,23.0,59
2026-07-15T05:14:22.665Z,2026-07-15T05:15:22.665Z,1,0.0,23.0,59
2026-07-15T05:16:22.894Z,2026-07-15T05:17:22.894Z,0,0.007,23.0,59
2026-07-15T05:33:25.091Z,2026-07-15T05:34:25.091Z,1,0.013,23.0,59
2026-07-15T05:34:25.263Z,2026-07-15T05:35:25.263Z,0,0.003,23.0,59
2026-07-15T05:58:28.503Z,2026-07-15T05:59:28.503Z,0,0.007,23.0,59
2026-07-15T06:28:32.437Z,2026-07-15T06:29:32.437Z,1,0.01,23.0,59
2026-07-15T06:31:32.829Z,2026-07-15T06:32:32.829Z,1,0.01,23.0,59
2026-07-15T06:35:33.288Z,2026-07-15T06:36:33.288Z,2,0.023,23.0,59
2026-07-15T06:42:34.240Z,2026-07-15T06:43:34.240Z,0,0.003,23.0,59
2026-07-15T06:45:34.632Z,2026-07-15T06:46:34.632Z,0,0.007,23.0,59
2026-07-15T06:46:34.697Z,2026-07-15T06:47:34.697Z,0,0.003,23.0,59
2026-07-15T06:54:35.713Z,2026-07-15T06:55:35.713Z,0,0.003,23.0,59
2026-07-15T06:56:36.042Z,2026-07-15T06:57:36.042Z,1,0.003,23.0,59
2026-07-15T06:57:36.105Z,2026-07-15T06:58:36.105Z,3,0.385,23.0,59
2026-07-15T07:03:36.892Z,2026-07-15T07:04:36.892Z,0,0.003,23.0,59
2026-07-15T07:06:37.286Z,2026-07-15T07:07:37.286Z,0,0.007,23.0,59
2026-07-15T07:09:37.678Z,2026-07-15T07:10:37.678Z,0,0.003,23.0,59
2026-07-15T07:10:37.844Z,2026-07-15T07:11:37.844Z,0,0.003,23.0,59
2026-07-15T09:23:54.926Z,2026-07-15T09:24:54.926Z,1,0.0,23.0,59
2026-07-15T11:39:12.309Z,2026-07-15T11:40:12.309Z,0,0.003,23.0,59
2026-07-15T18:01:01.467Z,2026-07-15T18:02:01.467Z,0,0.003,23.0,59
2026-07-15T19:19:11.512Z,2026-07-15T19:20:11.512Z,1,0.003,23.0,59
2026-07-15T19:21:11.841Z,2026-07-15T19:22:11.841Z,3,0.01,23.0,59
2026-07-15T23:14:41.845Z,2026-07-15T23:15:41.845Z,0,0.003,23.0,59
2026-07-15T23:15:41.910Z,2026-07-15T23:16:41.910Z,0,0.003,23.0,59
2026-07-15T23:16:42.073Z,2026-07-15T23:17:42.073Z,0,0.495,23.0,59
2026-07-15T23:17:42.239Z,2026-07-15T23:18:42.239Z,0,0.057,23.0,59
2026-07-16T00:50:54.233Z,2026-07-16T00:51:54.233Z,1,0.02,23.0,59
2026-07-16T01:01:55.642Z,2026-07-16T01:02:55.642Z,1,0.007,23.0,59
2026-07-16T01:25:58.690Z,2026-07-16T01:26:58.690Z,0,0.007,23.0,59
2026-07-16T01:48:01.509Z,2026-07-16T01:49:01.509Z,2,0.116,23.0,59
2026-07-16T01:49:01.673Z,2026-07-16T01:50:01.673Z,1,0.027,23.0,59
2026-07-16T01:50:01.836Z,2026-07-16T01:51:01.836Z,1,0.013,23.0,59
2026-07-16T01:56:02.632Z,2026-07-16T01:57:02.632Z,0,0.007,23.0,59
2026-07-16T02:02:03.319Z,2026-07-16T02:03:03.319Z,0,0.007,23.0,59
2026-07-16T02:03:03.483Z,2026-07-16T02:04:03.483Z,0,0.01,23.0,59
2026-07-16T02:04:03.648Z,2026-07-16T02:05:03.648Z,2,0.04,23.0,59
2026-07-16T02:05:03.720Z,2026-07-16T02:06:03.720Z,1,0.033,23.0,59
2026-07-16T02:07:04.049Z,2026-07-16T02:08:04.049Z,1,0.01,23.0,59
2026-07-16T02:51:09.677Z,2026-07-16T02:52:09.677Z,1,0.01,23.0,59
2026-07-16T02:52:09.842Z,2026-07-16T02:53:09.842Z,1,0.013,23.0,59
2026-07-16T02:59:10.694Z,2026-07-16T03:00:10.694Z,0,0.003,23.0,59
2026-07-16T03:00:10.858Z,2026-07-16T03:01:10.858Z,0,0.01,23.0,59
2026-07-16T03:30:14.684Z,2026-07-16T03:31:14.684Z,0,0.003,23.0,59
2026-07-16T03:32:14.913Z,2026-07-16T03:33:14.913Z,0,0.01,23.0,59
2026-07-16T03:42:16.257Z,2026-07-16T03:43:16.257Z,3,0.297,23.0,59
2026-07-16T03:43:16.322Z,2026-07-16T03:44:16.322Z,0,0.066,23.0,59
2026-07-16T03:46:16.714Z,2026-07-16T03:47:16.714Z,1,0.07,23.0,59
2026-07-16T03:47:16.880Z,2026-07-16T03:48:16.880Z,1,0.043,23.0,59
2026-07-16T03:48:17.043Z,2026-07-16T03:49:17.043Z,2,0.11,23.0,59
2026-07-16T03:49:17.108Z,2026-07-16T03:50:17.108Z,2,0.033,23.0,59
2026-07-16T03:54:17.831Z,2026-07-16T03:55:17.831Z,1,0.027,23.0,59
2026-07-16T03:55:17.895Z,2026-07-16T03:56:17.895Z,1,0.09,23.0,59
2026-07-16T03:58:18.289Z,2026-07-16T03:59:18.289Z,1,0.013,23.0,59
2026-07-16T04:02:18.846Z,2026-07-16T04:03:18.846Z,2,0.057,23.0,59
2026-07-16T04:05:19.240Z,2026-07-16T04:06:19.240Z,2,0.043,23.0,59
2026-07-16T04:09:19.697Z,2026-07-16T04:10:19.697Z,1,0.01,23.0,59
2026-07-16T05:12:28.059Z,2026-07-16T05:13:28.059Z,0,0.003,23.0,59
2026-07-16T05:13:28.124Z,2026-07-16T05:14:28.124Z,1,0.007,23.0,59
2026-07-16T05:21:29.239Z,2026-07-16T05:22:29.239Z,1,0.007,23.0,59
2026-07-16T05:36:31.105Z,2026-07-16T05:37:31.105Z,1,0.0,23.0,59
2026-07-16T05:45:32.286Z,2026-07-16T05:46:32.286Z,0,0.003,23.0,59
2026-07-16T05:58:33.924Z,2026-07-16T05:59:33.924Z,0,0.007,23.0,59
2026-07-16T05:59:34.088Z,2026-07-16T06:00:34.088Z,1,0.013,23.0,59
2026-07-16T06:00:34.253Z,2026-07-16T06:01:34.253Z,1,0.023,23.0,59
2026-07-16T06:01:34.316Z,2026-07-16T06:02:34.316Z,1,0.007,23.0,59
2026-07-16T06:05:34.875Z,2026-07-16T06:06:34.875Z,1,0.013,23.0,59
2026-07-16T06:06:35.039Z,2026-07-16T06:07:35.039Z,0,0.003,23.0,59
2026-07-16T06:08:35.269Z,2026-07-16T06:09:35.269Z,1,0.163,23.0,59
2026-07-16T06:09:35.433Z,2026-07-16T06:10:35.433Z,1,0.027,23.0,59
2026-07-16T06:15:36.119Z,2026-07-16T06:16:36.119Z,1,0.023,23.0,59
2026-07-16T06:41:39.496Z,2026-07-16T06:42:39.496Z,0,0.003,23.0,59
2026-07-16T07:03:42.313Z,2026-07-16T07:04:42.313Z,2,0.047,23.0,59
2026-07-16T07:19:44.446Z,2026-07-16T07:20:44.446Z,0,0.007,23.0,59
2026-07-16T07:33:46.247Z,2026-07-16T07:34:46.247Z,0,0.01,23.0,59
2026-07-16T07:59:49.525Z,2026-07-16T08:00:49.525Z,0,0.007,23.0,59
2026-07-16T08:02:49.918Z,2026-07-16T08:03:49.918Z,1,0.047,23.0,59
2026-07-16T08:03:50.082Z,2026-07-16T08:04:50.082Z,1,0.339,23.0,59
2026-07-16T19:17:16.726Z,2026-07-16T19:18:16.726Z,1,0.037,23.0,59
2026-07-16T19:18:16.891Z,2026-07-16T19:19:16.891Z,0,0.013,23.0,59
2026-07-16T19:23:17.513Z,2026-07-16T19:24:17.513Z,1,0.0,23.0,59
2026-07-17T00:13:54.894Z,2026-07-17T00:14:54.894Z,0,0.007,23.0,59
2026-07-17T00:37:58.040Z,2026-07-17T00:38:58.040Z,0,0.003,23.0,59
2026-07-17T01:29:04.628Z,2026-07-17T01:30:04.628Z,0,0.017,23.0,59
2026-07-17T01:30:04.694Z,2026-07-17T01:31:04.694Z,1,0.01,23.0,59
2026-07-17T01:54:07.848Z,2026-07-17T01:55:07.848Z,1,0.043,23.0,59
2026-07-17T03:30:20.236Z,2026-07-17T03:31:20.236Z,1,0.027,23.0,59
2026-07-17T03:31:20.302Z,2026-07-17T03:32:20.302Z,1,0.01,23.0,59
2026-07-17T05:31:35.838Z,2026-07-17T05:32:35.838Z,1,0.007,23.0,59
2026-07-17T05:33:36.065Z,2026-07-17T05:34:36.065Z,1,0.007,23.0,59
2026-07-18T02:27:17.513Z,2026-07-18T02:28:17.513Z,0,0.003,23.0,59
2026-07-18T02:28:17.711Z,2026-07-18T02:29:17.711Z,1,0.033,23.0,59
2026-07-18T02:43:19.678Z,2026-07-18T02:44:19.678Z,1,0.063,23.0,59
2026-07-18T02:46:20.072Z,2026-07-18T02:47:20.072Z,0,0.003,23.0,59
2026-07-18T02:47:20.236Z,2026-07-18T02:48:20.236Z,1,0.02,23.0,59
2026-07-18T02:49:20.464Z,2026-07-18T02:50:20.464Z,1,0.007,23.0,59
2026-07-18T02:50:20.630Z,2026-07-18T02:51:20.630Z,2,0.057,23.0,59
2026-07-18T02:51:20.694Z,2026-07-18T02:52:20.694Z,2,0.053,23.0,59
2026-07-18T02:52:20.858Z,2026-07-18T02:53:20.858Z,3,0.45,23.0,59
2026-07-18T02:57:21.480Z,2026-07-18T02:58:21.480Z,1,0.007,23.0,59
2026-07-18T03:06:22.661Z,2026-07-18T03:07:22.661Z,1,0.017,23.0,59
2026-07-18T03:07:22.724Z,2026-07-18T03:08:22.724Z,2,0.02,23.0,59
2026-07-18T03:08:22.890Z,2026-07-18T03:09:22.890Z,1,0.02,23.0,59
2026-07-18T03:09:23.053Z,2026-07-18T03:10:23.053Z,2,0.02,23.0,59
2026-07-18T03:21:24.528Z,2026-07-18T03:22:24.528Z,1,0.02,23.0,59
2026-07-18T03:22:24.691Z,2026-07-18T03:23:24.691Z,2,0.08,23.0,59
2026-07-18T03:23:24.855Z,2026-07-18T03:24:24.855Z,1,0.023,23.0,59
2026-07-18T03:25:25.085Z,2026-07-18T03:26:25.085Z,0,0.003,23.0,59
2026-07-18T03:33:26.101Z,2026-07-18T03:34:26.101Z,1,0.027,23.0,59
2026-07-18T03:42:27.280Z,2026-07-18T03:43:27.280Z,0,0.01,23.0,59
2026-07-18T03:43:27.446Z,2026-07-18T03:44:27.446Z,0,0.003,23.0,59
2026-07-18T03:44:27.509Z,2026-07-18T03:45:27.509Z,1,0.013,23.0,59
2026-07-18T03:45:27.674Z,2026-07-18T03:46:27.674Z,1,0.02,23.0,59
2026-07-18T03:46:27.838Z,2026-07-18T03:47:27.838Z,1,0.02,23.0,59
2026-07-18T03:47:27.903Z,2026-07-18T03:48:27.903Z,0,0.007,23.0,59
2026-07-18T04:00:29.641Z,2026-07-18T04:01:29.641Z,1,0.07,23.0,59
2026-07-18T04:08:30.657Z,2026-07-18T04:09:30.657Z,1,0.017,23.0,59
2026-07-18T04:09:30.721Z,2026-07-18T04:10:30.721Z,1,0.013,23.0,59
2026-07-18T04:15:31.507Z,2026-07-18T04:16:31.507Z,1,0.01,23.0,59
2026-07-18T04:16:31.673Z,2026-07-18T04:17:31.673Z,2,0.023,23.0,59
2026-07-18T04:17:31.836Z,2026-07-18T04:18:31.836Z,1,0.003,23.0,59
2026-07-18T04:21:32.295Z,2026-07-18T04:22:32.295Z,1,0.003,23.0,59
2026-07-18T04:22:32.460Z,2026-07-18T04:23:32.460Z,1,0.027,23.0,59
2026-07-18T04:24:32.688Z,2026-07-18T04:25:32.688Z,0,0.007,23.0,59
2026-07-18T04:25:32.852Z,2026-07-18T04:26:32.852Z,1,0.0,23.0,59
2026-07-18T04:26:32.917Z,2026-07-18T04:27:32.917Z,3,0.043,23.0,59
2026-07-18T04:30:33.474Z,2026-07-18T04:31:33.474Z,1,0.013,23.0,59
2026-07-18T04:31:33.640Z,2026-07-18T04:32:33.640Z,1,0.013,23.0,59
2026-07-18T04:37:34.326Z,2026-07-18T04:38:34.326Z,5,0.153,23.0,59
2026-07-19T20:13:40.859Z,2026-07-19T20:14:40.859Z,1,0.01,23.0,59
2026-07-19T20:14:40.924Z,2026-07-19T20:15:40.924Z,0,0.003,23.0,59
2026-07-19T23:56:09.453Z,2026-07-19T23:57:09.453Z,0,0.003,23.0,59
2026-07-20T00:35:14.467Z,2026-07-20T00:36:14.467Z,0,0.003,23.0,59
2026-07-20T00:36:14.631Z,2026-07-20T00:37:14.631Z,0,0.003,23.0,59
2026-07-20T01:06:18.466Z,2026-07-20T01:07:18.466Z,0,0.007,23.0,59
2026-07-20T01:07:18.630Z,2026-07-20T01:08:18.630Z,0,0.007,23.0,59
2026-07-20T01:19:20.104Z,2026-07-20T01:20:20.104Z,1,0.01,23.0,59
2026-07-20T01:24:20.726Z,2026-07-20T01:25:20.726Z,0,0.007,23.0,59
2026-07-20T01:34:22.071Z,2026-07-20T01:35:22.071Z,1,0.007,23.0,59
2026-07-20T01:52:24.438Z,2026-07-20T01:53:24.438Z,0,0.013,23.0,59
2026-07-20T02:01:25.519Z,2026-07-20T02:02:25.519Z,1,0.01,23.0,59
2026-07-20T02:05:26.076Z,2026-07-20T02:06:26.076Z,0,0.003,23.0,59
2026-07-20T02:10:26.690Z,2026-07-20T02:11:26.690Z,0,0.003,23.0,59
2026-07-20T02:51:32.033Z,2026-07-20T02:52:32.033Z,0,0.003,23.0,59
2026-07-20T03:35:37.678Z,2026-07-20T03:36:37.678Z,0,0.003,23.0,59
2026-07-20T03:36:37.842Z,2026-07-20T03:37:37.842Z,4,0.097,23.0,59
2026-07-20T03:38:38.072Z,2026-07-20T03:39:38.072Z,1,0.013,23.0,59
2026-07-20T03:43:38.694Z,2026-07-20T03:44:38.694Z,1,0.013,23.0,59
2026-07-20T03:46:39.088Z,2026-07-20T03:47:39.088Z,1,0.027,23.0,59
2026-07-20T04:12:42.463Z,2026-07-20T04:13:42.463Z,1,0.013,23.0,59
2026-07-20T04:16:42.921Z,2026-07-20T04:17:42.921Z,1,0.007,23.0,59
2026-07-20T04:24:44.036Z,2026-07-20T04:25:44.036Z,1,0.03,23.0,59
2026-07-20T04:25:44.109Z,2026-07-20T04:26:44.109Z,1,0.013,23.0,59
2026-07-20T04:26:44.275Z,2026-07-20T04:27:44.275Z,0,0.007,23.0,59
2026-07-20T04:27:44.430Z,2026-07-20T04:28:44.430Z,1,0.02,23.0,59
2026-07-20T04:28:44.503Z,2026-07-20T04:29:44.503Z,1,0.017,23.0,59
2026-07-20T04:29:44.667Z,2026-07-20T04:30:44.667Z,2,0.033,23.0,59
2026-07-20T04:44:46.526Z,2026-07-20T04:45:46.526Z,0,0.007,23.0,59
2026-07-20T04:49:47.249Z,2026-07-20T04:50:47.249Z,1,0.017,23.0,59
2026-07-20T04:50:47.312Z,2026-07-20T04:51:47.312Z,0,0.01,23.0,59
2026-07-20T04:51:47.469Z,2026-07-20T04:52:47.469Z,1,0.14,23.0,59
2026-07-20T04:54:47.862Z,2026-07-20T04:55:47.862Z,1,0.013,23.0,59
2026-07-20T04:55:47.927Z,2026-07-20T04:56:47.927Z,1,0.047,23.0,59
2026-07-20T04:57:48.256Z,2026-07-20T04:58:48.256Z,1,0.023,23.0,59
2026-07-20T04:59:48.493Z,2026-07-20T05:00:48.493Z,0,0.003,23.0,59
2026-07-20T05:10:49.901Z,2026-07-20T05:11:49.901Z,1,0.01,23.0,59
2026-07-20T05:11:50.066Z,2026-07-20T05:12:50.066Z,2,0.053,23.0,59
2026-07-20T05:16:50.688Z,2026-07-20T05:17:50.688Z,1,0.03,23.0,59
2026-07-20T05:17:50.852Z,2026-07-20T05:18:50.852Z,2,0.033,23.0,59
2026-07-20T05:21:51.311Z,2026-07-20T05:22:51.311Z,1,0.017,23.0,59
2026-07-20T06:23:59.306Z,2026-07-20T06:24:59.306Z,2,0.04,23.0,59
2026-07-20T06:24:59.463Z,2026-07-20T06:25:59.463Z,0,0.007,23.0,59
2026-07-20T06:27:59.865Z,2026-07-20T06:28:59.865Z,1,0.05,23.0,59
2026-07-20T06:37:01.045Z,2026-07-20T06:38:01.045Z,1,0.02,23.0,59
2026-07-20T07:06:04.706Z,2026-07-20T07:07:04.706Z,0,0.013,23.0,59
2026-07-20T07:17:06.115Z,2026-07-20T07:18:06.115Z,1,0.007,23.0,59
2026-07-20T07:28:07.523Z,2026-07-20T07:29:07.523Z,0,0.01,23.0,59
2026-07-20T07:36:08.640Z,2026-07-20T07:37:08.640Z,2,0.037,23.0,59
2026-07-20T08:19:14.111Z,2026-07-20T08:20:14.111Z,1,0.013,23.0,59
2026-07-20T08:22:14.505Z,2026-07-20T08:23:14.505Z,0,0.007,23.0,59
2026-07-20T19:19:39.714Z,2026-07-20T19:20:39.714Z,0,0.003,23.0,59
2026-07-20T19:29:41.059Z,2026-07-20T19:30:41.059Z,1,0.01,23.0,59
2026-07-20T19:30:41.124Z,2026-07-20T19:31:41.124Z,0,0.013,23.0,59
2026-07-20T19:33:41.517Z,2026-07-20T19:34:41.517Z,0,0.01,23.0,59
2026-07-21T00:33:20.276Z,2026-07-21T00:34:20.276Z,0,0.003,23.0,59
2026-07-21T00:34:20.440Z,2026-07-21T00:35:20.440Z,1,0.017,23.0,59
2026-07-21T00:37:20.835Z,2026-07-21T00:38:20.835Z,0,0.007,23.0,59
2026-07-21T00:39:21.063Z,2026-07-21T00:40:21.063Z,1,0.007,23.0,59
2026-07-21T00:41:21.292Z,2026-07-21T00:42:21.292Z,1,0.007,23.0,59
2026-07-21T00:56:23.259Z,2026-07-21T00:57:23.259Z,0,0.003,23.0,59
2026-07-21T01:06:24.503Z,2026-07-21T01:07:24.503Z,0,0.007,23.0,59
2026-07-21T01:36:28.438Z,2026-07-21T01:37:28.438Z,0,0.007,23.0,59
2026-07-21T01:43:29.289Z,2026-07-21T01:44:29.289Z,0,0.003,23.0,59
2026-07-21T01:44:29.454Z,2026-07-21T01:45:29.454Z,0,0.007,23.0,59
2026-07-21T01:45:29.526Z,2026-07-21T01:46:29.526Z,1,0.13,23.0,59
2026-07-21T01:46:29.684Z,2026-07-21T01:47:29.684Z,0,0.11,23.0,59
2026-07-21T01:56:31.036Z,2026-07-21T01:57:31.036Z,1,0.003,23.0,59
2026-07-21T02:00:31.519Z,2026-07-21T02:01:31.519Z,0,0.013,23.0,59
2026-07-21T02:05:32.242Z,2026-07-21T02:06:32.242Z,1,0.007,23.0,59
2026-07-21T02:06:32.305Z,2026-07-21T02:07:32.305Z,1,0.017,23.0,59
2026-07-21T02:08:32.634Z,2026-07-21T02:09:32.634Z,1,0.207,23.0,59
2026-07-21T02:09:32.700Z,2026-07-21T02:10:32.700Z,0,0.535,23.0,59
2026-07-21T02:10:32.864Z,2026-07-21T02:11:32.864Z,0,0.753,23.0,59
2026-07-21T02:11:32.928Z,2026-07-21T02:12:32.928Z,0,0.738,23.0,59
2026-07-21T02:12:33.092Z,2026-07-21T02:13:33.092Z,0,0.422,23.0,59
2026-07-21T02:20:34.108Z,2026-07-21T02:21:34.108Z,0,0.003,23.0,59
2026-07-21T02:24:34.665Z,2026-07-21T02:25:34.665Z,1,0.017,23.0,59
2026-07-21T02:25:34.831Z,2026-07-21T02:26:34.831Z,1,0.037,23.0,59
2026-07-21T02:27:35.059Z,2026-07-21T02:28:35.059Z,0,0.047,23.0,59
2026-07-21T02:28:35.124Z,2026-07-21T02:29:35.124Z,0,0.116,23.0,59
2026-07-21T02:29:35.289Z,2026-07-21T02:30:35.289Z,1,0.103,23.0,59
2026-07-21T02:30:35.453Z,2026-07-21T02:31:35.453Z,0,0.55,23.0,59
2026-07-21T02:31:35.517Z,2026-07-21T02:32:35.517Z,0,0.01,23.0,59
2026-07-21T02:32:35.681Z,2026-07-21T02:33:35.681Z,4,0.767,23.0,59
2026-07-21T02:33:35.838Z,2026-07-21T02:34:35.838Z,2,0.31,23.0,59
2026-07-21T02:34:35.911Z,2026-07-21T02:35:35.911Z,2,0.126,23.0,59
2026-07-21T02:35:36.075Z,2026-07-21T02:36:36.075Z,3,0.262,23.0,59
2026-07-21T02:36:36.240Z,2026-07-21T02:37:36.240Z,1,0.073,23.0,59
2026-07-21T02:45:37.319Z,2026-07-21T02:46:37.319Z,0,0.007,23.0,59
2026-07-21T02:49:37.878Z,2026-07-21T02:50:37.878Z,0,0.037,23.0,59
2026-07-21T02:55:38.664Z,2026-07-21T02:56:38.664Z,1,0.087,23.0,59
2026-07-21T02:58:39.058Z,2026-07-21T02:59:39.058Z,2,0.033,23.0,59
2026-07-21T03:00:39.286Z,2026-07-21T03:01:39.286Z,1,0.02,23.0,59
2026-07-21T03:01:39.450Z,2026-07-21T03:02:39.450Z,5,0.253,23.0,59
2026-07-21T03:02:39.515Z,2026-07-21T03:03:39.515Z,1,1.03,23.0,59
2026-07-21T03:03:39.680Z,2026-07-21T03:04:39.680Z,0,1.0,23.0,59
2026-07-21T03:04:39.844Z,2026-07-21T03:05:39.844Z,0,1.0,23.0,59
2026-07-21T03:05:39.908Z,2026-07-21T03:06:39.908Z,0,0.99,23.0,59
2026-07-21T03:06:40.072Z,2026-07-21T03:07:40.072Z,0,1.0,23.0,59
2026-07-21T03:07:40.237Z,2026-07-21T03:08:40.237Z,0,0.993,23.0,59
2026-07-21T03:08:40.302Z,2026-07-21T03:09:40.302Z,1,1.0,23.0,59
2026-07-21T03:09:40.467Z,2026-07-21T03:10:40.467Z,1,0.01,23.0,59
2026-07-21T03:28:42.882Z,2026-07-21T03:29:42.882Z,0,0.01,23.0,59
2026-07-21T03:42:44.686Z,2026-07-21T03:43:44.686Z,3,0.88,23.0,59
2026-07-21T03:43:44.832Z,2026-07-21T03:44:44.832Z,6,2.497,23.0,59
2026-07-21T03:44:44.905Z,2026-07-21T03:45:44.905Z,2,1.369,23.0,59
2026-07-21T03:45:45.071Z,2026-07-21T03:46:45.071Z,1,1.86,23.0,59
2026-07-21T03:46:45.127Z,2026-07-21T03:47:45.127Z,3,1.568,23.0,59
2026-07-21T03:47:45.290Z,2026-07-21T03:48:45.290Z,2,0.654,23.0,59
2026-07-21T03:48:45.463Z,2026-07-21T03:49:45.463Z,2,0.837,23.0,59
2026-07-21T03:49:45.644Z,2026-07-21T03:50:45.644Z,1,0.797,23.0,59
2026-07-21T03:50:45.710Z,2026-07-21T03:51:45.710Z,0,0.505,23.0,59
2026-07-21T03:54:46.267Z,2026-07-21T03:55:46.267Z,1,0.02,23.0,59
2026-07-21T03:58:46.724Z,2026-07-21T03:59:46.724Z,0,0.003,23.0,59
2026-07-21T03:59:46.890Z,2026-07-21T04:00:46.890Z,2,0.02,23.0,59
2026-07-21T04:02:47.282Z,2026-07-21T04:03:47.282Z,1,0.01,23.0,59
2026-07-21T04:03:47.447Z,2026-07-21T04:04:47.447Z,0,0.01,23.0,59
2026-07-21T04:04:47.512Z,2026-07-21T04:05:47.512Z,0,0.01,23.0,59
2026-07-21T04:09:48.233Z,2026-07-21T04:10:48.233Z,1,0.01,23.0,59
2026-07-21T04:10:48.299Z,2026-07-21T04:11:48.299Z,1,0.243,23.0,59
2026-07-21T04:11:48.463Z,2026-07-21T04:12:48.463Z,0,1.006,23.0,59
2026-07-21T04:12:48.519Z,2026-07-21T04:13:48.519Z,0,0.213,23.0,59
2026-07-21T04:14:48.857Z,2026-07-21T04:15:48.857Z,1,0.0,23.0,59
2026-07-21T04:16:49.085Z,2026-07-21T04:17:49.085Z,4,0.027,23.0,59
2026-07-21T04:17:49.250Z,2026-07-21T04:18:49.250Z,4,0.017,23.0,59
2026-07-21T04:18:49.315Z,2026-07-21T04:19:49.315Z,2,0.0,23.0,59
2026-07-21T04:19:49.479Z,2026-07-21T04:20:49.479Z,1,0.007,23.0,59
2026-07-21T04:20:49.644Z,2026-07-21T04:21:49.644Z,2,0.0,23.0,59
2026-07-21T04:21:49.707Z,2026-07-21T04:22:49.707Z,2,0.0,23.0,59
2026-07-21T04:22:49.872Z,2026-07-21T04:23:49.872Z,1,0.007,23.0,59
2026-07-21T04:27:50.494Z,2026-07-21T04:28:50.494Z,3,0.113,23.0,59
2026-07-21T04:29:50.723Z,2026-07-21T04:30:50.723Z,1,0.013,23.0,59
2026-07-21T04:30:50.888Z,2026-07-21T04:31:50.888Z,0,0.066,23.0,59
2026-07-21T04:31:51.052Z,2026-07-21T04:32:51.052Z,1,0.09,23.0,59
2026-07-21T04:41:52.296Z,2026-07-21T04:42:52.296Z,3,0.05,23.0,59
2026-07-21T04:42:52.461Z,2026-07-21T04:43:52.461Z,0,0.04,23.0,59
2026-07-21T04:43:52.526Z,2026-07-21T04:44:52.526Z,1,0.017,23.0,59
2026-07-21T04:47:53.084Z,2026-07-21T04:48:53.084Z,1,0.163,23.0,59
2026-07-21T04:48:53.240Z,2026-07-21T04:49:53.240Z,1,0.807,23.0,59
2026-07-21T04:49:53.305Z,2026-07-21T04:50:53.305Z,1,0.043,23.0,59
2026-07-21T04:57:54.529Z,2026-07-21T04:58:54.529Z,0,0.591,23.0,59
2026-07-21T04:58:54.693Z,2026-07-21T04:59:54.693Z,1,0.279,23.0,59
2026-07-21T04:59:54.858Z,2026-07-21T05:00:54.858Z,2,0.167,23.0,59
2026-07-21T05:00:54.921Z,2026-07-21T05:01:54.921Z,0,0.003,23.0,59
2026-07-21T05:03:55.315Z,2026-07-21T05:04:55.315Z,0,0.11,23.0,59
2026-07-21T05:04:55.480Z,2026-07-21T05:05:55.480Z,0,0.173,23.0,59
2026-07-21T05:05:55.644Z,2026-07-21T05:06:55.644Z,0,0.173,23.0,59
2026-07-21T05:06:55.709Z,2026-07-21T05:07:55.709Z,0,0.083,23.0,59
2026-07-21T05:08:56.038Z,2026-07-21T05:09:56.038Z,1,0.023,23.0,59
2026-07-21T05:15:56.888Z,2026-07-21T05:16:56.888Z,0,0.003,23.0,59
2026-07-21T05:17:57.118Z,2026-07-21T05:18:57.118Z,0,0.103,23.0,59
2026-07-21T05:18:57.282Z,2026-07-21T05:19:57.282Z,0,0.033,23.0,59
2026-07-21T05:28:58.526Z,2026-07-21T05:29:58.526Z,1,0.04,23.0,59
2026-07-21T05:30:58.855Z,2026-07-21T05:31:58.855Z,1,0.593,23.0,59
2026-07-21T05:31:58.911Z,2026-07-21T05:32:58.911Z,2,0.346,23.0,59
2026-07-21T05:32:59.085Z,2026-07-21T05:33:59.085Z,2,0.1,23.0,59
2026-07-21T05:35:59.479Z,2026-07-21T05:36:59.479Z,0,0.01,23.0,59
2026-07-21T05:36:59.642Z,2026-07-21T05:37:59.642Z,1,0.147,23.0,59
2026-07-21T05:37:59.707Z,2026-07-21T05:38:59.707Z,1,0.166,23.0,59
2026-07-21T05:38:59.871Z,2026-07-21T05:39:59.871Z,0,0.023,23.0,59
2026-07-21T05:42:00.265Z,2026-07-21T05:43:00.265Z,0,0.023,23.0,59
2026-07-21T05:43:00.430Z,2026-07-21T05:44:00.430Z,1,0.057,23.0,59
2026-07-21T05:45:00.658Z,2026-07-21T05:46:00.658Z,1,0.033,23.0,59
2026-07-21T05:46:00.723Z,2026-07-21T05:47:00.723Z,0,0.01,23.0,59
2026-07-21T05:49:01.117Z,2026-07-21T05:50:01.117Z,0,0.03,23.0,59
2026-07-21T05:50:01.280Z,2026-07-21T05:51:01.280Z,0,0.04,23.0,59
2026-07-21T05:51:01.446Z,2026-07-21T05:52:01.446Z,0,0.207,23.0,59
2026-07-21T05:52:01.509Z,2026-07-21T05:53:01.509Z,0,0.355,23.0,59
2026-07-21T05:53:01.674Z,2026-07-21T05:54:01.674Z,0,0.429,23.0,59
2026-07-21T05:56:02.068Z,2026-07-21T05:57:02.068Z,1,0.017,23.0,59
2026-07-21T05:57:02.232Z,2026-07-21T05:58:02.232Z,1,0.467,23.0,59
2026-07-21T05:58:02.296Z,2026-07-21T05:59:02.296Z,1,0.781,23.0,59
2026-07-21T05:59:02.460Z,2026-07-21T06:00:02.460Z,1,0.283,23.0,59
2026-07-21T06:00:02.526Z,2026-07-21T06:01:02.526Z,0,1.0,23.0,59
2026-07-21T06:01:02.690Z,2026-07-21T06:02:02.690Z,0,1.0,23.0,59
2026-07-21T06:02:02.855Z,2026-07-21T06:03:02.855Z,4,0.633,23.0,59
2026-07-21T06:03:02.911Z,2026-07-21T06:04:02.911Z,1,2.691,23.0,59
2026-07-21T06:04:03.066Z,2026-07-21T06:05:03.066Z,1,1.817,23.0,59
2026-07-21T06:05:03.240Z,2026-07-21T06:06:03.240Z,1,0.653,23.0,59
2026-07-21T06:06:03.303Z,2026-07-21T06:07:03.303Z,0,0.143,23.0,59
2026-07-21T06:07:03.476Z,2026-07-21T06:08:03.476Z,1,0.375,23.0,59
2026-07-21T06:08:03.641Z,2026-07-21T06:09:03.641Z,0,0.857,23.0,59
2026-07-21T06:09:03.706Z,2026-07-21T06:10:03.706Z,1,0.017,23.0,59
2026-07-21T06:11:04.035Z,2026-07-21T06:12:04.035Z,2,0.133,23.0,59
2026-07-21T06:13:04.263Z,2026-07-21T06:14:04.263Z,1,0.03,23.0,59
2026-07-21T06:14:04.328Z,2026-07-21T06:15:04.328Z,1,0.027,23.0,59
2026-07-21T06:15:04.493Z,2026-07-21T06:16:04.493Z,1,0.296,23.0,59
2026-07-21T06:16:04.657Z,2026-07-21T06:17:04.657Z,0,0.387,23.0,59
2026-07-21T06:17:04.721Z,2026-07-21T06:18:04.721Z,0,0.435,23.0,59
2026-07-21T06:18:04.885Z,2026-07-21T06:19:04.885Z,1,0.043,23.0,59
2026-07-21T06:19:05.051Z,2026-07-21T06:20:05.051Z,7,0.583,23.0,59
2026-07-21T06:20:05.098Z,2026-07-21T06:21:05.098Z,1,0.458,23.0,59
2026-07-21T06:21:05.263Z,2026-07-21T06:22:05.263Z,3,0.555,23.0,59
2026-07-21T06:22:05.444Z,2026-07-21T06:23:05.444Z,0,0.083,23.0,59
2026-07-21T06:24:05.673Z,2026-07-21T06:25:05.673Z,0,0.003,23.0,59
2026-07-21T06:25:05.836Z,2026-07-21T06:26:05.836Z,1,0.377,23.0,59
2026-07-21T06:26:05.901Z,2026-07-21T06:27:05.901Z,0,0.289,23.0,59
2026-07-21T06:27:06.065Z,2026-07-21T06:28:06.065Z,2,0.29,23.0,59
2026-07-21T06:28:06.122Z,2026-07-21T06:29:06.122Z,0,1.002,23.0,59
2026-07-21T06:29:06.295Z,2026-07-21T06:30:06.295Z,0,0.834,23.0,59
2026-07-21T06:30:06.460Z,2026-07-21T06:31:06.460Z,0,1.0,23.0,59
2026-07-21T06:31:06.523Z,2026-07-21T06:32:06.523Z,2,1.159,23.0,59
2026-07-21T06:32:06.688Z,2026-07-21T06:33:06.688Z,1,0.342,23.0,59
2026-07-21T06:33:06.852Z,2026-07-21T06:34:06.852Z,1,0.013,23.0,59
2026-07-21T06:34:06.917Z,2026-07-21T06:35:06.917Z,2,0.04,23.0,59
2026-07-21T06:35:07.082Z,2026-07-21T06:36:07.082Z,0,0.056,23.0,59
2026-07-21T06:36:07.246Z,2026-07-21T06:37:07.246Z,0,0.013,23.0,59
2026-07-21T06:51:09.114Z,2026-07-21T06:52:09.114Z,1,0.143,23.0,59
2026-07-21T06:52:09.278Z,2026-07-21T06:53:09.278Z,0,0.033,23.0,59
2026-07-21T06:53:09.443Z,2026-07-21T06:54:09.443Z,0,0.003,23.0,59
2026-07-21T06:54:09.506Z,2026-07-21T06:55:09.506Z,0,0.007,23.0,59
2026-07-21T06:58:10.065Z,2026-07-21T06:59:10.065Z,0,0.027,23.0,59
2026-07-21T06:59:10.229Z,2026-07-21T07:00:10.229Z,0,0.433,23.0,59
2026-07-21T07:00:10.293Z,2026-07-21T07:01:10.293Z,0,0.249,23.0,59
2026-07-21T07:02:10.523Z,2026-07-21T07:03:10.523Z,0,0.193,23.0,59
2026-07-21T07:03:10.687Z,2026-07-21T07:04:10.687Z,0,0.136,23.0,59
2026-07-21T07:04:10.851Z,2026-07-21T07:05:10.851Z,2,0.533,23.0,59
2026-07-21T07:05:10.915Z,2026-07-21T07:06:10.915Z,0,1.0,23.0,59
2026-07-21T07:06:11.081Z,2026-07-21T07:07:11.081Z,0,0.571,23.0,59
2026-07-21T07:07:11.244Z,2026-07-21T07:08:11.244Z,0,0.03,23.0,59
2026-07-21T07:08:11.309Z,2026-07-21T07:09:11.309Z,1,0.033,23.0,59
2026-07-21T07:09:11.473Z,2026-07-21T07:10:11.473Z,0,0.007,23.0,59
2026-07-21T07:10:11.638Z,2026-07-21T07:11:11.638Z,1,0.473,23.0,59
2026-07-21T07:11:11.703Z,2026-07-21T07:12:11.703Z,1,0.033,23.0,59
2026-07-21T07:12:11.868Z,2026-07-21T07:13:11.868Z,2,0.289,23.0,59
2026-07-21T07:13:12.032Z,2026-07-21T07:14:12.032Z,0,0.23,23.0,59
2026-07-21T07:15:12.260Z,2026-07-21T07:16:12.260Z,0,0.01,23.0,59
2026-07-21T07:16:12.325Z,2026-07-21T07:17:12.325Z,4,0.173,23.0,59
2026-07-21T07:17:12.490Z,2026-07-21T07:18:12.490Z,2,0.03,23.0,59
2026-07-21T07:18:12.654Z,2026-07-21T07:19:12.654Z,4,0.167,23.0,59
2026-07-21T07:19:12.710Z,2026-07-21T07:20:12.710Z,2,0.664,23.0,59
2026-07-21T07:20:12.875Z,2026-07-21T07:21:12.875Z,1,0.08,23.0,59
2026-07-21T07:21:13.039Z,2026-07-21T07:22:13.039Z,1,0.087,23.0,59
2026-07-21T07:22:13.104Z,2026-07-21T07:23:13.104Z,0,0.01,23.0,59
2026-07-21T07:28:13.898Z,2026-07-21T07:29:13.898Z,1,0.01,23.0,59
2026-07-21T07:30:14.128Z,2026-07-21T07:31:14.128Z,0,0.003,23.0,59
2026-07-21T07:31:14.292Z,2026-07-21T07:32:14.292Z,0,0.316,23.0,59
2026-07-21T07:32:14.457Z,2026-07-21T07:33:14.457Z,1,0.013,23.0,59
2026-07-21T07:33:14.522Z,2026-07-21T07:34:14.522Z,0,0.013,23.0,59
2026-07-21T07:45:16.095Z,2026-07-21T07:46:16.095Z,1,0.007,23.0,59
2026-07-21T07:51:16.874Z,2026-07-21T07:52:16.874Z,1,0.013,23.0,59
2026-07-21T07:52:17.038Z,2026-07-21T07:53:17.038Z,0,0.01,23.0,59
2026-07-21T07:54:17.266Z,2026-07-21T07:55:17.266Z,1,0.216,23.0,59
2026-07-21T07:57:17.660Z,2026-07-21T07:58:17.660Z,0,0.083,23.0,59
2026-07-21T08:03:18.447Z,2026-07-21T08:04:18.447Z,0,0.047,23.0,59
2026-07-21T08:04:18.512Z,2026-07-21T08:05:18.512Z,0,0.003,23.0,59
2026-07-21T08:06:18.841Z,2026-07-21T08:07:18.841Z,0,0.01,23.0,59
2026-07-21T08:09:19.233Z,2026-07-21T08:10:19.233Z,1,0.013,23.0,59
2026-07-21T08:10:19.299Z,2026-07-21T08:11:19.299Z,0,0.003,23.0,59
2026-07-21T08:17:20.250Z,2026-07-21T08:18:20.250Z,0,0.003,23.0,59
2026-07-21T08:35:22.510Z,2026-07-21T08:36:22.510Z,1,0.017,23.0,59
2026-07-21T08:47:24.085Z,2026-07-21T08:48:24.085Z,2,0.163,23.0,59
2026-07-21T08:51:24.641Z,2026-07-21T08:52:24.641Z,0,0.123,23.0,59
2026-07-21T09:13:27.460Z,2026-07-21T09:14:27.460Z,1,0.123,23.0,59
2026-07-21T09:14:27.525Z,2026-07-21T09:15:27.525Z,0,0.003,23.0,59
2026-07-21T19:17:45.128Z,2026-07-21T19:18:45.128Z,1,0.003,23.0,59
2026-07-21T23:05:14.443Z,2026-07-21T23:06:14.443Z,0,0.003,23.0,59
2026-07-21T23:07:14.671Z,2026-07-21T23:08:14.671Z,0,0.003,23.0,59
2026-07-21T23:08:14.835Z,2026-07-21T23:09:14.835Z,0,0.003,23.0,59
2026-07-21T23:09:14.901Z,2026-07-21T23:10:14.901Z,0,0.03,23.0,59
2026-07-21T23:10:15.065Z,2026-07-21T23:11:15.065Z,0,0.03,23.0,59
2026-07-21T23:11:15.230Z,2026-07-21T23:12:15.230Z,0,0.02,23.0,59
2026-07-21T23:12:15.293Z,2026-07-21T23:13:15.293Z,0,0.01,23.0,59
2026-07-21T23:13:15.459Z,2026-07-21T23:14:15.459Z,0,0.01,23.0,59
2026-07-21T23:14:15.523Z,2026-07-21T23:15:15.523Z,0,0.04,23.0,59
2026-07-21T23:15:15.687Z,2026-07-21T23:16:15.687Z,0,0.027,23.0,59
2026-07-21T23:16:15.851Z,2026-07-21T23:17:15.851Z,0,0.123,23.0,59
2026-07-21T23:17:15.917Z,2026-07-21T23:18:15.917Z,0,0.013,23.0,59
2026-07-21T23:18:16.081Z,2026-07-21T23:19:16.081Z,1,0.01,23.0,59
2026-07-21T23:19:16.244Z,2026-07-21T23:20:16.244Z,1,0.003,23.0,59
2026-07-21T23:40:18.898Z,2026-07-21T23:41:18.898Z,0,0.003,23.0,59
2026-07-22T00:27:25.029Z,2026-07-22T00:28:25.029Z,0,0.007,23.0,59
2026-07-22T00:29:25.257Z,2026-07-22T00:30:25.257Z,1,0.01,23.0,59
2026-07-22T00:38:26.437Z,2026-07-22T00:39:26.437Z,1,0.007,23.0,59
2026-07-22T00:41:26.832Z,2026-07-22T00:42:26.832Z,0,0.007,23.0,59
2026-07-22T00:50:27.911Z,2026-07-22T00:51:27.911Z,2,0.415,23.0,59
2026-07-22T00:51:28.075Z,2026-07-22T00:52:28.075Z,0,0.023,23.0,59
2026-07-22T00:52:28.240Z,2026-07-22T00:53:28.240Z,1,0.023,23.0,59
2026-07-22T00:53:28.305Z,2026-07-22T00:54:28.305Z,0,0.023,23.0,59
2026-07-22T00:55:28.634Z,2026-07-22T00:56:28.634Z,1,0.02,23.0,59
2026-07-22T00:56:28.698Z,2026-07-22T00:57:28.698Z,0,0.003,23.0,59
2026-07-22T00:58:29.052Z,2026-07-22T00:59:29.052Z,0,0.003,23.0,59
2026-07-22T01:17:31.476Z,2026-07-22T01:18:31.476Z,1,0.01,23.0,59
2026-07-22T01:23:32.263Z,2026-07-22T01:24:32.263Z,2,0.017,23.0,59
2026-07-22T01:51:35.868Z,2026-07-22T01:52:35.868Z,0,0.003,23.0,59
2026-07-22T01:53:36.098Z,2026-07-22T01:54:36.098Z,1,0.013,23.0,59
2026-07-22T01:56:36.490Z,2026-07-22T01:57:36.490Z,1,0.027,23.0,59
2026-07-22T01:58:36.720Z,2026-07-22T01:59:36.720Z,0,0.023,23.0,59
2026-07-22T02:01:37.112Z,2026-07-22T02:02:37.112Z,1,0.023,23.0,59
2026-07-22T02:02:37.278Z,2026-07-22T02:03:37.278Z,0,0.003,23.0,59
2026-07-22T02:04:37.506Z,2026-07-22T02:05:37.506Z,1,0.04,23.0,59
2026-07-22T02:10:38.493Z,2026-07-22T02:11:38.493Z,0,0.007,23.0,59
2026-07-22T02:11:38.657Z,2026-07-22T02:12:38.657Z,3,0.053,23.0,59
2026-07-22T02:12:38.829Z,2026-07-22T02:13:38.829Z,1,0.85,23.0,59
2026-07-22T02:13:38.887Z,2026-07-22T02:14:38.887Z,0,0.983,23.0,59
2026-07-22T02:14:39.051Z,2026-07-22T02:15:39.051Z,0,0.51,23.0,59
2026-07-22T02:15:39.115Z,2026-07-22T02:16:39.115Z,1,0.233,23.0,59
2026-07-22T02:16:39.279Z,2026-07-22T02:17:39.279Z,3,0.369,23.0,59
2026-07-22T02:17:39.444Z,2026-07-22T02:18:39.444Z,4,0.077,23.0,59
2026-07-22T02:18:39.516Z,2026-07-22T02:19:39.516Z,4,0.282,23.0,59
2026-07-22T02:19:39.681Z,2026-07-22T02:20:39.681Z,1,0.033,23.0,59
2026-07-22T02:20:39.845Z,2026-07-22T02:21:39.845Z,1,0.063,23.0,59
2026-07-22T02:33:41.483Z,2026-07-22T02:34:41.483Z,2,0.023,23.0,59
2026-07-22T02:34:41.648Z,2026-07-22T02:35:41.648Z,1,0.467,23.0,59
2026-07-22T02:35:41.713Z,2026-07-22T02:36:41.713Z,2,0.159,23.0,59
2026-07-22T02:36:41.877Z,2026-07-22T02:37:41.877Z,1,0.13,23.0,59
2026-07-22T02:37:42.042Z,2026-07-22T02:38:42.042Z,0,0.023,23.0,59
2026-07-22T02:38:42.105Z,2026-07-22T02:39:42.105Z,1,0.017,23.0,59
2026-07-22T02:39:42.270Z,2026-07-22T02:40:42.270Z,0,0.033,23.0,59
2026-07-22T02:40:42.434Z,2026-07-22T02:41:42.434Z,2,0.043,23.0,59
2026-07-22T02:41:42.500Z,2026-07-22T02:42:42.500Z,1,0.017,23.0,59
2026-07-22T02:53:44.072Z,2026-07-22T02:54:44.072Z,0,0.007,23.0,59
2026-07-22T02:55:44.302Z,2026-07-22T02:56:44.302Z,0,0.007,23.0,59
2026-07-22T02:56:44.467Z,2026-07-22T02:57:44.467Z,2,0.037,23.0,59
2026-07-22T02:57:44.631Z,2026-07-22T02:58:44.631Z,1,0.023,23.0,59
2026-07-22T02:58:44.696Z,2026-07-22T02:59:44.696Z,2,0.027,23.0,59
2026-07-22T03:02:45.253Z,2026-07-22T03:03:45.253Z,0,0.017,23.0,59
2026-07-22T03:03:45.318Z,2026-07-22T03:04:45.318Z,1,0.01,23.0,59
2026-07-22T03:06:45.711Z,2026-07-22T03:07:45.711Z,1,0.027,23.0,59
2026-07-22T03:34:49.316Z,2026-07-22T03:35:49.316Z,1,0.013,23.0,59
2026-07-22T03:35:49.480Z,2026-07-22T03:36:49.480Z,0,0.003,23.0,59
2026-07-22T03:43:50.496Z,2026-07-22T03:44:50.496Z,1,0.017,23.0,59
2026-07-22T03:44:50.653Z,2026-07-22T03:45:50.653Z,1,0.013,23.0,59
2026-07-22T03:48:51.118Z,2026-07-22T03:49:51.118Z,0,0.01,23.0,59
2026-07-22T03:51:51.513Z,2026-07-22T03:52:51.513Z,0,0.003,23.0,59
2026-07-22T03:55:52.071Z,2026-07-22T03:56:52.071Z,2,0.027,23.0,59
2026-07-22T03:58:52.463Z,2026-07-22T03:59:52.463Z,2,0.06,23.0,59
2026-07-22T04:06:53.480Z,2026-07-22T04:07:53.480Z,0,0.003,23.0,59
2026-07-22T04:09:53.872Z,2026-07-22T04:10:53.872Z,3,0.04,23.0,59
2026-07-22T04:10:54.038Z,2026-07-22T04:11:54.038Z,0,0.04,23.0,59
2026-07-22T04:15:54.660Z,2026-07-22T04:16:54.660Z,2,0.02,23.0,59
2026-07-22T04:16:54.724Z,2026-07-22T04:17:54.724Z,2,0.04,23.0,59
2026-07-22T04:17:54.888Z,2026-07-22T04:18:54.888Z,3,0.133,23.0,59
2026-07-22T04:23:55.676Z,2026-07-22T04:24:55.676Z,0,0.003,23.0,59
2026-07-22T04:29:56.463Z,2026-07-22T04:30:56.463Z,2,0.063,23.0,59
2026-07-22T04:33:56.921Z,2026-07-22T04:34:56.921Z,1,0.023,23.0,59
2026-07-22T04:35:57.250Z,2026-07-22T04:36:57.250Z,1,0.03,23.0,59
2026-07-22T04:36:57.313Z,2026-07-22T04:37:57.313Z,0,0.007,23.0,59
2026-07-22T04:38:57.642Z,2026-07-22T04:39:57.642Z,0,0.007,23.0,59
2026-07-22T04:40:57.871Z,2026-07-22T04:41:57.871Z,0,0.013,23.0,59
2026-07-22T04:41:58.036Z,2026-07-22T04:42:58.036Z,1,0.013,23.0,59
2026-07-22T04:49:59.052Z,2026-07-22T04:50:59.052Z,1,0.017,23.0,59
2026-07-22T04:52:59.446Z,2026-07-22T04:53:59.446Z,2,0.03,23.0,59
2026-07-22T05:13:02.035Z,2026-07-22T05:14:02.035Z,1,0.027,23.0,59
2026-07-22T05:17:02.493Z,2026-07-22T05:18:02.493Z,0,0.007,23.0,59
2026-07-22T05:20:02.887Z,2026-07-22T05:21:02.887Z,2,0.027,23.0,59
2026-07-22T05:21:03.051Z,2026-07-22T05:22:03.051Z,0,0.007,23.0,59
2026-07-22T05:22:03.115Z,2026-07-22T05:23:03.115Z,2,0.08,23.0,59
2026-07-22T05:24:03.444Z,2026-07-22T05:25:03.444Z,0,0.003,23.0,59
2026-07-22T05:25:03.509Z,2026-07-22T05:26:03.509Z,0,0.007,23.0,59
2026-07-22T05:28:03.901Z,2026-07-22T05:29:03.901Z,1,0.02,23.0,59
2026-07-22T05:29:04.066Z,2026-07-22T05:30:04.066Z,1,0.01,23.0,59
2026-07-22T05:30:04.122Z,2026-07-22T05:31:04.122Z,0,0.01,23.0,59
2026-07-22T05:31:04.288Z,2026-07-22T05:32:04.288Z,0,0.007,23.0,59
2026-07-22T05:33:04.516Z,2026-07-22T05:34:04.516Z,0,0.007,23.0,59
2026-07-22T05:34:04.680Z,2026-07-22T05:35:04.680Z,0,0.189,23.0,59
2026-07-22T05:35:04.845Z,2026-07-22T05:36:04.845Z,0,0.02,23.0,59
2026-07-22T05:46:06.263Z,2026-07-22T05:47:06.263Z,0,0.003,23.0,59
2026-07-22T05:49:06.648Z,2026-07-22T05:50:06.648Z,1,0.013,23.0,59
2026-07-22T05:54:07.279Z,2026-07-22T05:55:07.279Z,1,0.017,23.0,59
2026-07-22T05:56:07.507Z,2026-07-22T05:57:07.507Z,0,0.007,23.0,59
2026-07-22T05:57:07.671Z,2026-07-22T05:58:07.671Z,0,0.007,23.0,59
2026-07-22T05:58:07.836Z,2026-07-22T05:59:07.836Z,2,0.013,23.0,59
2026-07-22T06:00:08.065Z,2026-07-22T06:01:08.065Z,1,0.007,23.0,59
2026-07-22T06:02:08.295Z,2026-07-22T06:03:08.295Z,0,0.003,23.0,59
2026-07-22T06:03:08.459Z,2026-07-22T06:04:08.459Z,0,0.007,23.0,59
2026-07-22T06:05:08.687Z,2026-07-22T06:06:08.687Z,0,0.01,23.0,59
2026-07-22T06:06:08.852Z,2026-07-22T06:07:08.852Z,2,0.003,23.0,59
2026-07-22T06:07:08.908Z,2026-07-22T06:08:08.908Z,2,0.0,23.0,59
2026-07-22T06:10:09.311Z,2026-07-22T06:11:09.311Z,1,0.03,23.0,59
2026-07-22T06:17:10.262Z,2026-07-22T06:18:10.262Z,2,0.023,23.0,59
2026-07-22T06:18:10.325Z,2026-07-22T06:19:10.325Z,2,0.027,23.0,59
2026-07-22T06:24:11.112Z,2026-07-22T06:25:11.112Z,2,0.03,23.0,59
2026-07-22T06:30:11.900Z,2026-07-22T06:31:11.900Z,1,0.023,23.0,59
2026-07-22T06:31:12.065Z,2026-07-22T06:32:12.065Z,1,0.02,23.0,59
2026-07-22T06:59:15.661Z,2026-07-22T07:00:15.661Z,1,0.013,23.0,59
2026-07-22T07:00:15.726Z,2026-07-22T07:01:15.726Z,1,0.043,23.0,59
2026-07-22T07:01:15.890Z,2026-07-22T07:02:15.890Z,0,0.01,23.0,59
2026-07-22T07:06:16.513Z,2026-07-22T07:07:16.513Z,1,0.013,23.0,59
2026-07-22T07:26:19.101Z,2026-07-22T07:27:19.101Z,0,0.007,23.0,59
2026-07-22T07:28:19.430Z,2026-07-22T07:29:19.430Z,1,0.01,23.0,59
2026-07-22T07:35:20.282Z,2026-07-22T07:36:20.282Z,0,0.01,23.0,59
2026-07-22T08:23:26.476Z,2026-07-22T08:24:26.476Z,0,0.007,23.0,59
2026-07-22T08:25:26.704Z,2026-07-22T08:26:26.704Z,0,0.003,23.0,59
2026-07-22T08:35:28.049Z,2026-07-22T08:36:28.049Z,0,0.003,23.0,59
2026-07-22T19:13:50.108Z,2026-07-22T19:14:50.108Z,1,0.0,23.0,59
2026-07-22T19:16:50.503Z,2026-07-22T19:17:50.503Z,1,0.01,23.0,59
2026-07-22T19:17:50.667Z,2026-07-22T19:18:50.667Z,1,0.01,23.0,59
2026-07-22T19:18:50.832Z,2026-07-22T19:19:50.832Z,1,0.033,23.0,59
2026-07-22T19:19:50.895Z,2026-07-22T19:20:50.895Z,0,0.003,23.0,59
2026-07-22T19:22:51.289Z,2026-07-22T19:23:51.289Z,0,0.053,23.0,59
2026-07-22T19:23:51.453Z,2026-07-22T19:24:51.453Z,1,0.087,23.0,59
2026-07-22T19:24:51.517Z,2026-07-22T19:25:51.517Z,2,0.027,23.0,59
2026-07-22T19:27:51.911Z,2026-07-22T19:28:51.911Z,3,0.153,23.0,59
2026-07-22T19:28:52.075Z,2026-07-22T19:29:52.075Z,0,0.01,23.0,59
2026-07-22T19:31:52.469Z,2026-07-22T19:32:52.469Z,0,0.003,23.0,59
2026-07-22T23:13:20.897Z,2026-07-22T23:14:20.897Z,0,0.003,23.0,59
2026-07-22T23:32:23.322Z,2026-07-22T23:33:23.322Z,1,0.007,23.0,59
2026-07-22T23:36:23.880Z,2026-07-22T23:37:23.880Z,0,0.007,23.0,59
2026-07-22T23:45:25.059Z,2026-07-22T23:46:25.059Z,1,0.01,23.0,59
2026-07-23T00:32:31.089Z,2026-07-23T00:33:31.089Z,1,0.0,23.0,59
2026-07-23T00:33:31.255Z,2026-07-23T00:34:31.255Z,3,0.013,23.0,59
2026-07-23T00:34:31.319Z,2026-07-23T00:35:31.319Z,6,0.003,23.0,59
2026-07-23T00:37:31.713Z,2026-07-23T00:38:31.713Z,2,0.0,23.0,59
2026-07-23T00:56:34.237Z,2026-07-23T00:57:34.237Z,1,0.01,23.0,59
2026-07-23T01:18:37.055Z,2026-07-23T01:19:37.055Z,0,0.007,23.0,59
2026-07-23T01:34:39.086Z,2026-07-23T01:35:39.086Z,1,0.007,23.0,59
2026-07-23T01:35:39.250Z,2026-07-23T01:36:39.250Z,1,0.007,23.0,59
2026-07-23T01:56:41.904Z,2026-07-23T01:57:41.904Z,0,0.661,23.0,59
2026-07-23T01:57:42.069Z,2026-07-23T01:58:42.069Z,0,1.0,23.0,59
2026-07-23T01:58:42.233Z,2026-07-23T01:59:42.233Z,2,0.257,23.0,59
2026-07-23T02:23:45.446Z,2026-07-23T02:24:45.446Z,0,0.003,23.0,59
2026-07-23T02:41:47.707Z,2026-07-23T02:42:47.707Z,1,0.12,23.0,59
2026-07-23T02:42:47.871Z,2026-07-23T02:43:47.871Z,0,0.093,23.0,59
2026-07-23T04:03:58.293Z,2026-07-23T04:04:58.293Z,0,0.003,23.0,59
2026-07-23T04:20:00.325Z,2026-07-23T04:21:00.325Z,2,0.007,23.0,59
2026-07-23T05:03:05.898Z,2026-07-23T05:04:05.898Z,1,0.007,23.0,59
2026-07-23T05:17:07.700Z,2026-07-23T05:18:07.700Z,1,0.01,23.0,59
2026-07-23T05:25:08.716Z,2026-07-23T05:26:08.716Z,1,0.003,23.0,59
2026-07-23T05:34:09.895Z,2026-07-23T05:35:09.895Z,1,0.01,23.0,59
2026-07-23T05:40:10.683Z,2026-07-23T05:41:10.683Z,0,0.003,23.0,59
2026-07-23T06:39:18.286Z,2026-07-23T06:40:18.286Z,1,0.007,23.0,59
2026-07-23T07:52:27.691Z,2026-07-23T07:53:27.691Z,0,0.007,23.0,59
2026-07-23T07:54:27.921Z,2026-07-23T07:55:27.921Z,0,0.003,23.0,59
2026-07-23T08:57:36.081Z,2026-07-23T08:58:36.081Z,0,0.003,23.0,59
2026-07-23T08:58:36.244Z,2026-07-23T08:59:36.244Z,0,0.003,23.0,59
2026-07-23T09:06:37.260Z,2026-07-23T09:07:37.260Z,1,0.01,23.0,59
2026-07-23T09:13:38.111Z,2026-07-23T09:14:38.111Z,2,0.02,23.0,59
2026-07-23T09:15:38.440Z,2026-07-23T09:16:38.440Z,2,0.007,23.0,59
2026-07-23T09:16:38.505Z,2026-07-23T09:17:38.505Z,5,0.0,23.0,59
2026-07-23T09:17:38.670Z,2026-07-23T09:18:38.670Z,3,0.003,23.0,59
2026-07-23T09:18:38.834Z,2026-07-23T09:19:38.834Z,2,0.0,23.0,59
2026-07-23T09:19:38.898Z,2026-07-23T09:20:38.898Z,1,0.0,23.0,59
2026-07-23T09:20:39.062Z,2026-07-23T09:21:39.062Z,2,0.027,23.0,59
2026-07-23T09:21:39.128Z,2026-07-23T09:22:39.128Z,0,0.007,23.0,59
2026-07-23T19:19:56.232Z,2026-07-23T19:20:56.232Z,2,0.007,23.0,59
2026-07-23T19:20:56.296Z,2026-07-23T19:21:56.296Z,0,0.003,23.0,59
2026-07-23T23:03:24.890Z,2026-07-23T23:04:24.890Z,0,0.003,23.0,59
2026-07-23T23:07:25.447Z,2026-07-23T23:08:25.447Z,0,0.007,23.0,59
2026-07-23T23:08:25.512Z,2026-07-23T23:09:25.512Z,0,0.007,23.0,59
2026-07-23T23:09:25.677Z,2026-07-23T23:10:25.677Z,0,0.017,23.0,59
2026-07-23T23:10:25.841Z,2026-07-23T23:11:25.841Z,0,0.003,23.0,59
2026-07-23T23:12:26.069Z,2026-07-23T23:13:26.069Z,0,0.05,23.0,59
2026-07-23T23:13:26.234Z,2026-07-23T23:14:26.234Z,0,0.123,23.0,59
2026-07-23T23:14:26.299Z,2026-07-23T23:15:26.299Z,0,0.003,23.0,59
2026-07-23T23:20:27.085Z,2026-07-23T23:21:27.085Z,0,0.017,23.0,59
2026-07-23T23:21:27.250Z,2026-07-23T23:22:27.250Z,0,0.013,23.0,59
2026-07-24T00:17:34.460Z,2026-07-24T00:18:34.460Z,0,0.007,23.0,59
2026-07-24T00:21:34.918Z,2026-07-24T00:22:34.918Z,0,0.007,23.0,59
2026-07-24T00:23:35.247Z,2026-07-24T00:24:35.247Z,0,0.01,23.0,59
2026-07-24T01:19:42.456Z,2026-07-24T01:20:42.456Z,2,0.023,23.0,59
2026-07-24T01:44:45.676Z,2026-07-24T01:45:45.676Z,1,0.007,23.0,59
2026-07-24T01:59:47.642Z,2026-07-24T02:00:47.642Z,1,0.03,23.0,59
2026-07-24T02:21:50.461Z,2026-07-24T02:22:50.461Z,1,0.007,23.0,59
2026-07-24T02:23:50.690Z,2026-07-24T02:24:50.690Z,0,0.007,23.0,59
2026-07-24T02:56:54.927Z,2026-07-24T02:57:54.927Z,1,0.033,23.0,59
2026-07-24T03:25:58.697Z,2026-07-24T03:26:58.697Z,1,0.239,23.0,59
2026-07-24T03:27:58.926Z,2026-07-24T03:28:58.926Z,0,0.01,23.0,59
2026-07-24T03:28:59.091Z,2026-07-24T03:29:59.091Z,1,0.017,23.0,59
2026-07-24T03:33:59.713Z,2026-07-24T03:34:59.713Z,2,0.01,23.0,59
2026-07-24T03:34:59.868Z,2026-07-24T03:35:59.868Z,2,0.02,23.0,59
2026-07-24T03:40:00.492Z,2026-07-24T03:41:00.492Z,0,0.007,23.0,59
2026-07-24T03:41:00.655Z,2026-07-24T03:42:00.655Z,1,0.01,23.0,59
2026-07-24T03:45:01.114Z,2026-07-24T03:46:01.114Z,1,0.01,23.0,59
2026-07-24T03:46:01.269Z,2026-07-24T03:47:01.269Z,0,0.007,23.0,59
2026-07-24T03:49:01.664Z,2026-07-24T03:50:01.664Z,0,0.007,23.0,59
2026-07-24T04:19:05.497Z,2026-07-24T04:20:05.497Z,2,0.017,23.0,59
2026-07-24T04:31:07.072Z,2026-07-24T04:32:07.072Z,2,0.03,23.0,59
2026-07-24T04:38:07.923Z,2026-07-24T04:39:07.923Z,2,0.003,23.0,59
2026-07-24T05:16:12.872Z,2026-07-24T05:17:12.872Z,1,0.007,23.0,59
2026-07-24T05:17:13.036Z,2026-07-24T05:18:13.036Z,0,0.007,23.0,59
2026-07-24T07:10:27.720Z,2026-07-24T07:11:27.720Z,1,0.033,23.0,59
2026-07-24T07:29:30.246Z,2026-07-24T07:30:30.246Z,1,0.01,23.0,59
2026-07-24T08:21:36.897Z,2026-07-24T08:22:36.897Z,1,0.023,23.0,59
2026-07-24T09:36:46.631Z,2026-07-24T09:37:46.631Z,0,0.007,23.0,59
2026-07-24T23:02:30.861Z,2026-07-24T23:03:30.861Z,0,0.003,23.0,59
2026-07-24T23:03:30.926Z,2026-07-24T23:04:30.926Z,0,0.017,23.0,59
2026-07-24T23:04:31.089Z,2026-07-24T23:05:31.089Z,0,0.007,23.0,59
2026-07-24T23:05:31.255Z,2026-07-24T23:06:31.255Z,0,0.033,23.0,59
2026-07-24T23:06:31.319Z,2026-07-24T23:07:31.319Z,0,0.017,23.0,59
2026-07-24T23:07:31.483Z,2026-07-24T23:08:31.483Z,0,0.003,23.0,59
2026-07-24T23:08:31.648Z,2026-07-24T23:09:31.648Z,0,0.037,23.0,59
2026-07-24T23:09:31.713Z,2026-07-24T23:10:31.713Z,0,0.017,23.0,59
2026-07-24T23:10:31.877Z,2026-07-24T23:11:31.877Z,0,0.136,23.0,59
2026-07-24T23:11:32.040Z,2026-07-24T23:12:32.040Z,0,0.073,23.0,59
2026-07-24T23:12:32.105Z,2026-07-24T23:13:32.105Z,0,0.14,23.0,59
2026-07-24T23:13:32.269Z,2026-07-24T23:14:32.269Z,0,0.07,23.0,59
2026-07-24T23:14:32.434Z,2026-07-24T23:15:32.434Z,0,0.09,23.0,59
2026-07-24T23:15:32.499Z,2026-07-24T23:16:32.499Z,0,0.279,23.0,59
2026-07-24T23:16:32.664Z,2026-07-24T23:17:32.664Z,0,0.07,23.0,59
2026-07-24T23:17:32.727Z,2026-07-24T23:18:32.727Z,0,0.007,23.0,59
2026-07-24T23:18:32.892Z,2026-07-24T23:19:32.892Z,0,0.226,23.0,59
2026-07-24T23:19:33.056Z,2026-07-24T23:20:33.056Z,0,0.113,23.0,59
2026-07-24T23:21:33.286Z,2026-07-24T23:22:33.286Z,0,0.06,23.0,59
2026-07-24T23:22:33.450Z,2026-07-24T23:23:33.450Z,0,0.213,23.0,59
2026-07-25T09:19:50.661Z,2026-07-25T09:20:50.661Z,0,0.003,23.0,59
2026-07-25T09:21:50.891Z,2026-07-25T09:22:50.891Z,0,0.013,23.0,59
2026-07-25T09:22:51.055Z,2026-07-25T09:23:51.055Z,0,0.003,23.0,59
2026-07-25T09:23:51.118Z,2026-07-25T09:24:51.118Z,0,0.007,23.0,59
2026-07-25T09:24:51.283Z,2026-07-25T09:25:51.283Z,0,0.003,23.0,59
2026-07-25T09:29:51.905Z,2026-07-25T09:30:51.905Z,0,0.003,23.0,59
2026-07-25T09:30:52.069Z,2026-07-25T09:31:52.069Z,0,0.007,23.0,59
2026-07-25T09:34:52.528Z,2026-07-25T09:35:52.528Z,0,0.003,23.0,59
2026-07-25T09:43:53.707Z,2026-07-25T09:44:53.707Z,0,0.003,23.0,59
2026-07-25T23:11:37.667Z,2026-07-25T23:12:37.667Z,0,0.003,23.0,59
2026-07-25T23:17:38.453Z,2026-07-25T23:18:38.453Z,0,0.01,23.0,59
2026-07-25T23:18:38.519Z,2026-07-25T23:19:38.519Z,0,0.003,23.0,59
2026-07-25T23:19:38.683Z,2026-07-25T23:20:38.683Z,0,0.017,23.0,59
2026-07-25T23:20:38.848Z,2026-07-25T23:21:38.848Z,0,0.01,23.0,59
2026-07-25T23:21:38.911Z,2026-07-25T23:22:38.911Z,0,0.013,23.0,59
2026-07-25T23:23:39.240Z,2026-07-25T23:24:39.240Z,0,0.007,23.0,59
2026-07-25T23:24:39.305Z,2026-07-25T23:25:39.305Z,0,0.06,23.0,59
2026-07-25T23:25:39.470Z,2026-07-25T23:26:39.470Z,0,0.04,23.0,59
2026-07-25T23:26:39.634Z,2026-07-25T23:27:39.634Z,0,0.047,23.0,59
2026-07-25T23:27:39.698Z,2026-07-25T23:28:39.698Z,1,0.056,23.0,59
2026-07-25T23:28:39.862Z,2026-07-25T23:29:39.862Z,0,0.037,23.0,59
2026-07-25T23:29:39.927Z,2026-07-25T23:30:39.927Z,0,0.023,23.0,59
2026-07-25T23:30:40.092Z,2026-07-25T23:31:40.092Z,0,0.003,23.0,59
2026-07-25T23:32:40.321Z,2026-07-25T23:33:40.321Z,0,0.013,23.0,59
2026-07-25T23:35:40.714Z,2026-07-25T23:36:40.714Z,0,0.01,23.0,59
2026-07-25T23:49:42.516Z,2026-07-25T23:50:42.516Z,0,0.003,23.0,59
2026-07-25T23:50:42.680Z,2026-07-25T23:51:42.680Z,0,0.385,23.0,59
2026-07-26T00:00:43.926Z,2026-07-26T00:01:43.926Z,0,0.003,23.0,59
2026-07-26T00:03:44.319Z,2026-07-26T00:04:44.319Z,0,0.033,23.0,59
2026-07-26T00:04:44.483Z,2026-07-26T00:05:44.483Z,0,0.01,23.0,59
2026-07-26T00:05:44.648Z,2026-07-26T00:06:44.648Z,0,0.01,23.0,59
2026-07-26T00:06:44.713Z,2026-07-26T00:07:44.713Z,0,0.007,23.0,59
2026-07-26T00:07:44.877Z,2026-07-26T00:08:44.877Z,0,0.01,23.0,59
2026-07-26T00:08:45.042Z,2026-07-26T00:09:45.042Z,0,0.05,23.0,59
2026-07-26T00:09:45.105Z,2026-07-26T00:10:45.105Z,0,0.033,23.0,59
2026-07-26T00:10:45.270Z,2026-07-26T00:11:45.270Z,0,0.07,23.0,59
2026-07-26T00:11:45.434Z,2026-07-26T00:12:45.434Z,0,0.037,23.0,59
2026-07-26T00:12:45.499Z,2026-07-26T00:13:45.499Z,0,0.007,23.0,59
2026-07-26T09:18:56.325Z,2026-07-26T09:19:56.325Z,0,0.02,23.0,59
2026-07-26T09:21:56.719Z,2026-07-26T09:22:56.719Z,0,0.02,23.0,59
2026-07-26T09:22:56.882Z,2026-07-26T09:23:56.882Z,0,0.053,23.0,59
2026-07-26T09:25:57.276Z,2026-07-26T09:26:57.276Z,0,0.123,23.0,59
2026-07-26T09:26:57.440Z,2026-07-26T09:27:57.440Z,0,0.033,23.0,59
2026-07-26T09:27:57.506Z,2026-07-26T09:28:57.506Z,0,0.07,23.0,59
2026-07-26T09:28:57.670Z,2026-07-26T09:29:57.670Z,0,0.033,23.0,59
2026-07-26T09:29:57.835Z,2026-07-26T09:30:57.835Z,0,0.113,23.0,59
2026-07-26T09:30:57.898Z,2026-07-26T09:31:57.898Z,0,0.037,23.0,59
2026-07-26T09:31:58.063Z,2026-07-26T09:32:58.063Z,0,0.06,23.0,59
2026-07-26T09:32:58.128Z,2026-07-26T09:33:58.128Z,0,0.04,23.0,59
2026-07-26T09:34:58.457Z,2026-07-26T09:35:58.457Z,0,0.047,23.0,59
2026-07-26T09:35:58.520Z,2026-07-26T09:36:58.520Z,0,0.013,23.0,59
2026-07-26T09:36:58.686Z,2026-07-26T09:37:58.686Z,0,0.007,23.0,59
2026-07-26T09:37:58.849Z,2026-07-26T09:38:58.849Z,0,0.003,23.0,59
2026-07-26T09:40:59.243Z,2026-07-26T09:41:59.243Z,0,0.003,23.0,59
2026-07-26T19:28:15.039Z,2026-07-26T19:29:15.039Z,1,0.017,23.0,59
2026-07-26T19:30:15.267Z,2026-07-26T19:31:15.267Z,0,0.01,23.0,59
2026-07-26T23:01:42.450Z,2026-07-26T23:02:42.450Z,0,0.013,23.0,59
2026-07-26T23:02:42.515Z,2026-07-26T23:03:42.515Z,0,0.023,23.0,59
2026-07-26T23:03:42.680Z,2026-07-26T23:04:42.680Z,0,0.01,23.0,59
2026-07-26T23:04:42.844Z,2026-07-26T23:05:42.844Z,0,0.037,23.0,59
2026-07-26T23:05:42.908Z,2026-07-26T23:06:42.908Z,0,0.05,23.0,59
2026-07-26T23:06:43.072Z,2026-07-26T23:07:43.072Z,0,0.01,23.0,59
2026-07-26T23:07:43.237Z,2026-07-26T23:08:43.237Z,0,0.03,23.0,59
2026-07-26T23:08:43.302Z,2026-07-26T23:09:43.302Z,0,0.03,23.0,59
2026-07-26T23:09:43.467Z,2026-07-26T23:10:43.467Z,0,0.05,23.0,59
2026-07-26T23:10:43.631Z,2026-07-26T23:11:43.631Z,0,0.073,23.0,59
2026-07-26T23:11:43.696Z,2026-07-26T23:12:43.696Z,0,0.236,23.0,59
2026-07-26T23:12:43.859Z,2026-07-26T23:13:43.859Z,0,0.283,23.0,59
2026-07-26T23:13:43.924Z,2026-07-26T23:14:43.924Z,0,0.05,23.0,59
2026-07-26T23:57:49.661Z,2026-07-26T23:58:49.661Z,1,0.02,23.0,59
2026-07-26T23:58:49.726Z,2026-07-26T23:59:49.726Z,0,0.003,23.0,59
2026-07-27T00:05:50.677Z,2026-07-27T00:06:50.677Z,0,0.01,23.0,59
2026-07-27T00:37:54.838Z,2026-07-27T00:38:54.838Z,1,0.007,23.0,59
2026-07-27T00:41:55.296Z,2026-07-27T00:42:55.296Z,1,0.01,23.0,59
2026-07-27T00:50:56.477Z,2026-07-27T00:51:56.477Z,0,0.017,23.0,59
2026-07-27T00:55:57.099Z,2026-07-27T00:56:57.099Z,0,0.007,23.0,59
2026-07-27T00:56:57.263Z,2026-07-27T00:57:57.263Z,1,0.01,23.0,59
2026-07-27T00:58:57.493Z,2026-07-27T00:59:57.493Z,0,0.003,23.0,59
2026-07-27T00:59:57.683Z,2026-07-27T01:00:57.683Z,0,0.003,23.0,59
2026-07-27T01:09:58.927Z,2026-07-27T01:10:58.927Z,1,0.007,23.0,59
2026-07-27T01:10:59.091Z,2026-07-27T01:11:59.091Z,0,0.01,23.0,59
2026-07-27T01:16:59.878Z,2026-07-27T01:17:59.878Z,0,0.003,23.0,59
2026-07-27T01:21:00.436Z,2026-07-27T01:22:00.436Z,1,0.013,23.0,59
2026-07-27T01:28:01.286Z,2026-07-27T01:29:01.286Z,0,0.01,23.0,59
2026-07-27T01:38:02.631Z,2026-07-27T01:39:02.631Z,0,0.003,23.0,59
2026-07-27T01:43:03.253Z,2026-07-27T01:44:03.253Z,1,0.013,23.0,59
2026-07-27T01:48:03.875Z,2026-07-27T01:49:03.875Z,2,0.203,23.0,59
2026-07-27T01:49:04.049Z,2026-07-27T01:50:04.049Z,1,0.54,23.0,59
2026-07-27T01:50:04.105Z,2026-07-27T01:51:04.105Z,0,0.997,23.0,59
2026-07-27T01:51:04.269Z,2026-07-27T01:52:04.269Z,0,0.671,23.0,59
2026-07-27T02:07:06.309Z,2026-07-27T02:08:06.309Z,0,0.007,23.0,59
2026-07-27T02:09:06.637Z,2026-07-27T02:10:06.637Z,0,0.003,23.0,59
2026-07-27T02:12:07.030Z,2026-07-27T02:13:07.030Z,0,0.013,23.0,59
2026-07-27T02:13:07.095Z,2026-07-27T02:14:07.095Z,1,0.708,23.0,59
2026-07-27T02:14:07.252Z,2026-07-27T02:15:07.252Z,0,0.01,23.0,59
2026-07-27T02:21:08.111Z,2026-07-27T02:22:08.111Z,1,0.013,23.0,59
2026-07-27T02:27:08.888Z,2026-07-27T02:28:08.888Z,0,0.003,23.0,59
2026-07-27T02:28:09.053Z,2026-07-27T02:29:09.053Z,1,0.01,23.0,59
2026-07-27T02:30:09.282Z,2026-07-27T02:31:09.282Z,0,0.01,23.0,59
2026-07-27T02:31:09.456Z,2026-07-27T02:32:09.456Z,1,0.003,23.0,59
2026-07-27T02:36:10.078Z,2026-07-27T02:37:10.078Z,1,0.007,23.0,59
2026-07-27T02:37:10.242Z,2026-07-27T02:38:10.242Z,0,0.01,23.0,59
2026-07-27T02:38:10.306Z,2026-07-27T02:39:10.306Z,1,0.013,23.0,59
2026-07-27T02:42:10.865Z,2026-07-27T02:43:10.865Z,0,0.007,23.0,59
2026-07-27T02:53:12.273Z,2026-07-27T02:54:12.273Z,1,0.003,23.0,59
2026-07-27T02:54:12.437Z,2026-07-27T02:55:12.437Z,1,0.0,23.0,59
2026-07-27T02:57:12.832Z,2026-07-27T02:58:12.832Z,2,0.003,23.0,59
2026-07-27T02:58:12.888Z,2026-07-27T02:59:12.888Z,1,0.0,23.0,59
2026-07-27T03:00:13.125Z,2026-07-27T03:01:13.125Z,5,0.073,23.0,59
2026-07-27T03:01:13.289Z,2026-07-27T03:02:13.289Z,2,0.083,23.0,59
2026-07-27T03:02:13.446Z,2026-07-27T03:03:13.446Z,1,0.283,23.0,59
2026-07-27T03:03:13.509Z,2026-07-27T03:04:13.509Z,1,0.973,23.0,59
2026-07-27T03:04:13.674Z,2026-07-27T03:05:13.674Z,0,0.987,23.0,59
2026-07-27T03:05:13.838Z,2026-07-27T03:06:13.838Z,0,0.793,23.0,59
2026-07-27T03:06:13.911Z,2026-07-27T03:07:13.911Z,3,0.08,23.0,59
2026-07-27T03:07:14.075Z,2026-07-27T03:08:14.075Z,2,0.0,23.0,59
2026-07-27T03:08:14.240Z,2026-07-27T03:09:14.240Z,3,0.03,23.0,59
2026-07-27T03:09:14.305Z,2026-07-27T03:10:14.305Z,2,0.0,23.0,59
2026-07-27T03:10:14.470Z,2026-07-27T03:11:14.470Z,2,0.0,23.0,59
2026-07-27T03:11:14.634Z,2026-07-27T03:12:14.634Z,2,0.003,23.0,59
2026-07-27T03:12:14.698Z,2026-07-27T03:13:14.698Z,1,0.003,23.0,59
2026-07-27T03:20:15.713Z,2026-07-27T03:21:15.713Z,0,0.003,23.0,59
2026-07-27T03:23:16.108Z,2026-07-27T03:24:16.108Z,1,0.01,23.0,59
2026-07-27T03:24:16.272Z,2026-07-27T03:25:16.272Z,1,0.0,23.0,59
2026-07-27T03:27:16.664Z,2026-07-27T03:28:16.664Z,0,0.017,23.0,59
2026-07-27T03:28:16.829Z,2026-07-27T03:29:16.829Z,2,0.353,23.0,59
2026-07-27T03:29:16.894Z,2026-07-27T03:30:16.894Z,1,0.007,23.0,59
2026-07-27T03:32:17.288Z,2026-07-27T03:33:17.288Z,1,0.013,23.0,59
2026-07-27T03:36:17.845Z,2026-07-27T03:37:17.845Z,1,0.017,23.0,59
2026-07-27T03:56:20.434Z,2026-07-27T03:57:20.434Z,2,0.03,23.0,59
2026-07-27T03:57:20.499Z,2026-07-27T03:58:20.499Z,1,0.03,23.0,59
2026-07-27T03:58:20.663Z,2026-07-27T03:59:20.663Z,1,0.013,23.0,59
2026-07-27T03:59:20.727Z,2026-07-27T04:00:20.727Z,1,0.01,23.0,59
2026-07-27T04:00:20.891Z,2026-07-27T04:01:20.891Z,1,0.013,23.0,59
2026-07-27T04:01:21.056Z,2026-07-27T04:02:21.056Z,2,0.007,23.0,59
2026-07-27T04:03:21.285Z,2026-07-27T04:04:21.285Z,2,0.083,23.0,59
2026-07-27T04:04:21.450Z,2026-07-27T04:05:21.450Z,0,0.027,23.0,59
2026-07-27T04:05:21.515Z,2026-07-27T04:06:21.515Z,1,0.013,23.0,59
2026-07-27T04:07:21.842Z,2026-07-27T04:08:21.842Z,1,0.03,23.0,59
2026-07-27T04:08:21.907Z,2026-07-27T04:09:21.907Z,0,0.013,23.0,59
2026-07-27T04:09:22.072Z,2026-07-27T04:10:22.072Z,1,0.03,23.0,59
2026-07-27T04:10:22.236Z,2026-07-27T04:11:22.236Z,1,0.013,23.0,59
2026-07-27T04:11:22.301Z,2026-07-27T04:12:22.301Z,1,0.01,23.0,59
2026-07-27T04:12:22.464Z,2026-07-27T04:13:22.464Z,3,0.023,23.0,59
2026-07-27T04:13:22.630Z,2026-07-27T04:14:22.630Z,2,0.0,23.0,59
2026-07-27T04:14:22.694Z,2026-07-27T04:15:22.694Z,1,0.0,23.0,59
2026-07-27T04:15:22.858Z,2026-07-27T04:16:22.858Z,1,0.0,23.0,59
2026-07-27T04:16:22.923Z,2026-07-27T04:17:22.923Z,3,0.033,23.0,59
2026-07-27T04:17:23.088Z,2026-07-27T04:18:23.088Z,1,0.013,23.0,59
2026-07-27T04:22:23.710Z,2026-07-27T04:23:23.710Z,0,0.003,23.0,59
2026-07-27T04:25:24.102Z,2026-07-27T04:26:24.102Z,2,0.013,23.0,59
2026-07-27T04:26:24.267Z,2026-07-27T04:27:24.267Z,1,0.017,23.0,59
2026-07-27T04:27:24.431Z,2026-07-27T04:28:24.431Z,3,0.017,23.0,59
2026-07-27T04:29:24.661Z,2026-07-27T04:30:24.661Z,6,0.093,23.0,59
2026-07-27T04:30:24.726Z,2026-07-27T04:31:24.726Z,0,0.013,23.0,59
2026-07-27T04:31:24.890Z,2026-07-27T04:32:24.890Z,0,0.003,23.0,59
2026-07-27T04:32:25.055Z,2026-07-27T04:33:25.055Z,1,0.013,23.0,59
2026-07-27T04:33:25.118Z,2026-07-27T04:34:25.118Z,1,0.017,23.0,59
2026-07-27T04:34:25.282Z,2026-07-27T04:35:25.282Z,2,0.017,23.0,59
2026-07-27T04:36:25.513Z,2026-07-27T04:37:25.513Z,3,0.053,23.0,59
2026-07-27T04:37:25.677Z,2026-07-27T04:38:25.677Z,0,0.01,23.0,59
2026-07-27T04:38:25.841Z,2026-07-27T04:39:25.841Z,1,0.003,23.0,59
2026-07-27T04:39:25.905Z,2026-07-27T04:40:25.905Z,2,0.01,23.0,59
2026-07-27T04:41:26.234Z,2026-07-27T04:42:26.234Z,0,0.01,23.0,59
2026-07-27T04:42:26.299Z,2026-07-27T04:43:26.299Z,0,0.007,23.0,59
2026-07-27T04:43:26.463Z,2026-07-27T04:44:26.463Z,0,0.003,23.0,59
2026-07-27T04:45:26.693Z,2026-07-27T04:46:26.693Z,0,0.007,23.0,59
2026-07-27T04:47:26.921Z,2026-07-27T04:48:26.921Z,2,0.05,23.0,59
2026-07-27T04:48:27.085Z,2026-07-27T04:49:27.085Z,4,0.096,23.0,59
2026-07-27T04:49:27.250Z,2026-07-27T04:50:27.250Z,3,0.107,23.0,59
2026-07-27T04:50:27.315Z,2026-07-27T04:51:27.315Z,1,0.156,23.0,59
2026-07-27T04:51:27.480Z,2026-07-27T04:52:27.480Z,1,0.096,23.0,59
2026-07-27T04:52:27.644Z,2026-07-27T04:53:27.644Z,1,0.037,23.0,59
2026-07-27T04:53:27.709Z,2026-07-27T04:54:27.709Z,1,0.033,23.0,59
2026-07-27T04:54:27.872Z,2026-07-27T04:55:27.872Z,2,0.027,23.0,59
2026-07-27T04:55:28.038Z,2026-07-27T04:56:28.038Z,0,0.017,23.0,59
2026-07-27T04:57:28.266Z,2026-07-27T04:58:28.266Z,2,0.013,23.0,59
2026-07-27T04:58:28.430Z,2026-07-27T04:59:28.430Z,4,0.107,23.0,59
2026-07-27T04:59:28.496Z,2026-07-27T05:00:28.496Z,1,0.0,23.0,59
2026-07-27T05:00:28.660Z,2026-07-27T05:01:28.660Z,1,0.013,23.0,59
2026-07-27T05:01:28.723Z,2026-07-27T05:02:28.723Z,0,0.02,23.0,59
2026-07-27T05:02:28.888Z,2026-07-27T05:03:28.888Z,2,0.017,23.0,59
2026-07-27T05:03:29.052Z,2026-07-27T05:04:29.052Z,3,0.25,23.0,59
2026-07-27T05:04:29.118Z,2026-07-27T05:05:29.118Z,7,0.568,23.0,59
2026-07-27T05:05:29.282Z,2026-07-27T05:06:29.282Z,3,0.173,23.0,59
2026-07-27T05:06:29.437Z,2026-07-27T05:07:29.437Z,0,0.077,23.0,59
2026-07-27T05:07:29.510Z,2026-07-27T05:08:29.510Z,4,0.465,23.0,59
2026-07-27T05:08:29.676Z,2026-07-27T05:09:29.676Z,2,0.083,23.0,59
2026-07-27T05:09:29.839Z,2026-07-27T05:10:29.839Z,2,0.13,23.0,59
2026-07-27T05:10:29.904Z,2026-07-27T05:11:29.904Z,2,0.169,23.0,59
2026-07-27T05:11:30.069Z,2026-07-27T05:12:30.069Z,3,0.169,23.0,59
2026-07-27T05:12:30.233Z,2026-07-27T05:13:30.233Z,2,0.183,23.0,59
2026-07-27T05:13:30.298Z,2026-07-27T05:14:30.298Z,0,0.007,23.0,59
2026-07-27T05:20:31.249Z,2026-07-27T05:21:31.249Z,1,0.007,23.0,59
2026-07-27T05:21:31.313Z,2026-07-27T05:22:31.313Z,0,0.007,23.0,59
2026-07-27T05:30:32.493Z,2026-07-27T05:31:32.493Z,0,0.007,23.0,59
2026-07-27T05:33:32.888Z,2026-07-27T05:34:32.888Z,0,0.003,23.0,59
2026-07-27T06:08:37.444Z,2026-07-27T06:09:37.444Z,0,0.003,23.0,59
2026-07-27T06:28:39.926Z,2026-07-27T06:29:39.926Z,1,0.053,23.0,59
2026-07-27T06:29:40.089Z,2026-07-27T06:30:40.089Z,1,0.007,23.0,59
2026-07-27T06:31:40.319Z,2026-07-27T06:32:40.319Z,1,0.043,23.0,59
2026-07-27T06:32:40.483Z,2026-07-27T06:33:40.483Z,1,0.053,23.0,59
2026-07-27T06:33:40.648Z,2026-07-27T06:34:40.648Z,3,0.25,23.0,59
2026-07-27T06:34:40.713Z,2026-07-27T06:35:40.713Z,0,1.953,23.0,59
2026-07-27T06:35:40.877Z,2026-07-27T06:36:40.877Z,2,0.525,23.0,59
2026-07-27T06:36:41.049Z,2026-07-27T06:37:41.049Z,1,0.013,23.0,59
2026-07-27T06:37:41.114Z,2026-07-27T06:38:41.114Z,1,0.01,23.0,59
2026-07-27T06:38:41.279Z,2026-07-27T06:39:41.279Z,1,0.013,23.0,59
2026-07-27T06:39:41.434Z,2026-07-27T06:40:41.434Z,1,0.127,23.0,59
2026-07-27T06:40:41.500Z,2026-07-27T06:41:41.500Z,1,0.07,23.0,59
2026-07-27T06:41:41.671Z,2026-07-27T06:42:41.671Z,0,0.007,23.0,59
2026-07-27T06:42:41.836Z,2026-07-27T06:43:41.836Z,2,0.033,23.0,59
2026-07-27T06:44:42.056Z,2026-07-27T06:45:42.056Z,1,0.017,23.0,59
2026-07-27T06:45:42.121Z,2026-07-27T06:46:42.121Z,5,0.186,23.0,59
2026-07-27T06:46:42.286Z,2026-07-27T06:47:42.286Z,1,0.02,23.0,59
2026-07-27T06:51:42.908Z,2026-07-27T06:52:42.908Z,1,0.003,23.0,59
2026-07-27T06:52:43.072Z,2026-07-27T06:53:43.072Z,2,0.027,23.0,59
2026-07-27T06:54:43.302Z,2026-07-27T06:55:43.302Z,3,0.023,23.0,59
2026-07-27T06:55:43.467Z,2026-07-27T06:56:43.467Z,0,0.003,23.0,59
2026-07-27T06:57:43.696Z,2026-07-27T06:58:43.696Z,2,0.02,23.0,59
2026-07-27T06:58:43.859Z,2026-07-27T06:59:43.859Z,1,0.0,23.0,59
2026-07-27T06:59:43.924Z,2026-07-27T07:00:43.924Z,2,0.007,23.0,59
2026-07-27T07:01:44.253Z,2026-07-27T07:02:44.253Z,0,0.003,23.0,59
2026-07-27T07:04:44.647Z,2026-07-27T07:05:44.647Z,0,0.003,23.0,59
2026-07-27T07:05:44.710Z,2026-07-27T07:06:44.710Z,1,0.01,23.0,59
2026-07-27T07:13:45.726Z,2026-07-27T07:14:45.726Z,1,0.01,23.0,59
2026-07-27T07:14:45.891Z,2026-07-27T07:15:45.891Z,3,0.007,23.0,59
2026-07-27T07:20:46.677Z,2026-07-27T07:21:46.677Z,1,0.007,23.0,59
2026-07-27T07:21:46.842Z,2026-07-27T07:22:46.842Z,1,0.007,23.0,59
2026-07-27T07:28:47.694Z,2026-07-27T07:29:47.694Z,2,0.02,23.0,59
2026-07-27T07:32:48.252Z,2026-07-27T07:33:48.252Z,0,0.003,23.0,59
2026-07-27T07:36:48.710Z,2026-07-27T07:37:48.710Z,1,0.01,23.0,59
2026-07-27T07:39:49.102Z,2026-07-27T07:40:49.102Z,0,0.01,23.0,59
2026-07-27T07:46:50.055Z,2026-07-27T07:47:50.055Z,1,0.017,23.0,59
2026-07-27T07:48:50.283Z,2026-07-27T07:49:50.283Z,1,0.013,23.0,59
2026-07-27T07:55:51.234Z,2026-07-27T07:56:51.234Z,1,0.003,23.0,59
2026-07-27T08:06:52.644Z,2026-07-27T08:07:52.644Z,2,0.003,23.0,59
2026-07-27T08:08:52.872Z,2026-07-27T08:09:52.872Z,2,0.01,23.0,59
2026-07-27T08:11:53.266Z,2026-07-27T08:12:53.266Z,1,0.0,23.0,59
2026-07-27T08:24:54.904Z,2026-07-27T08:25:54.904Z,6,0.0,23.0,59
2026-07-27T08:25:55.069Z,2026-07-27T08:26:55.069Z,1,0.033,23.0,59
2026-07-27T08:33:56.085Z,2026-07-27T08:34:56.085Z,1,0.0,23.0,59
2026-07-27T08:35:56.312Z,2026-07-27T08:36:56.312Z,0,0.003,23.0,59
2026-07-27T08:37:56.641Z,2026-07-27T08:38:56.641Z,2,0.01,23.0,59
2026-07-27T08:52:58.509Z,2026-07-27T08:53:58.509Z,1,0.033,23.0,59
2026-07-27T08:54:58.838Z,2026-07-27T08:55:58.838Z,2,0.033,23.0,59
2026-07-27T17:25:04.526Z,2026-07-27T17:26:04.526Z,0,0.003,23.0,59
2026-07-27T18:28:12.687Z,2026-07-27T18:29:12.687Z,0,0.003,23.0,59
2026-07-27T19:12:18.440Z,2026-07-27T19:13:18.440Z,1,0.003,23.0,59
2026-07-27T19:13:18.506Z,2026-07-27T19:14:18.506Z,2,0.017,23.0,59
2026-07-27T22:56:47.861Z,2026-07-27T22:57:47.861Z,0,0.003,23.0,59
2026-07-27T22:57:47.927Z,2026-07-27T22:58:47.927Z,0,0.003,23.0,59
2026-07-27T22:58:48.091Z,2026-07-27T22:59:48.091Z,0,0.003,23.0,59
2026-07-27T22:59:48.256Z,2026-07-27T23:00:48.256Z,0,0.01,23.0,59
2026-07-27T23:00:48.319Z,2026-07-27T23:01:48.319Z,0,0.003,23.0,59
2026-07-27T23:01:48.484Z,2026-07-27T23:02:48.484Z,0,0.003,23.0,59
2026-07-27T23:02:48.648Z,2026-07-27T23:03:48.648Z,0,0.013,23.0,59
2026-07-27T23:08:49.436Z,2026-07-27T23:09:49.436Z,0,0.003,23.0,59
2026-07-27T23:33:52.647Z,2026-07-27T23:34:52.647Z,0,0.003,23.0,59
2026-07-27T23:38:53.269Z,2026-07-27T23:39:53.269Z,0,0.007,23.0,59
2026-07-27T23:57:55.694Z,2026-07-27T23:58:55.694Z,1,0.01,23.0,59
2026-07-28T00:14:57.891Z,2026-07-28T00:15:57.891Z,1,0.033,23.0,59
2026-07-28T00:15:58.055Z,2026-07-28T00:16:58.055Z,0,0.003,23.0,59
2026-07-28T00:16:58.118Z,2026-07-28T00:17:58.118Z,0,0.003,23.0,59
2026-07-28T00:42:01.430Z,2026-07-28T00:43:01.430Z,1,0.007,23.0,59
2026-07-28T00:47:02.052Z,2026-07-28T00:48:02.052Z,4,0.22,23.0,59
2026-07-28T00:48:02.118Z,2026-07-28T00:49:02.118Z,1,0.05,23.0,59
2026-07-28T00:49:02.282Z,2026-07-28T00:50:02.282Z,2,0.206,23.0,59
2026-07-28T00:55:03.069Z,2026-07-28T00:56:03.069Z,1,0.01,23.0,59
2026-07-28T00:57:03.298Z,2026-07-28T00:58:03.298Z,0,0.003,23.0,59
2026-07-28T00:58:03.461Z,2026-07-28T00:59:03.461Z,1,0.007,23.0,59
2026-07-28T01:11:05.101Z,2026-07-28T01:12:05.101Z,0,0.007,23.0,59
2026-07-28T01:14:05.493Z,2026-07-28T01:15:05.493Z,1,0.013,23.0,59
2026-07-28T01:20:06.280Z,2026-07-28T01:21:06.280Z,2,0.06,23.0,59
2026-07-28T01:25:06.903Z,2026-07-28T01:26:06.903Z,3,0.01,23.0,59
2026-07-28T01:26:07.066Z,2026-07-28T01:27:07.066Z,1,0.01,23.0,59
2026-07-28T01:49:10.058Z,2026-07-28T01:50:10.058Z,1,0.03,23.0,59
2026-07-28T01:51:10.286Z,2026-07-28T01:52:10.286Z,2,0.05,23.0,59
2026-07-28T01:53:10.516Z,2026-07-28T01:54:10.516Z,0,0.003,23.0,59
2026-07-28T01:56:10.910Z,2026-07-28T01:57:10.910Z,4,0.136,23.0,59
2026-07-28T01:57:11.073Z,2026-07-28T01:58:11.073Z,1,0.017,23.0,59
2026-07-28T01:58:11.239Z,2026-07-28T01:59:11.239Z,2,0.043,23.0,59
2026-07-28T01:59:11.302Z,2026-07-28T02:00:11.302Z,2,0.04,23.0,59
2026-07-28T02:01:11.631Z,2026-07-28T02:02:11.631Z,1,0.023,23.0,59
2026-07-28T02:07:12.319Z,2026-07-28T02:08:12.319Z,1,0.02,23.0,59
2026-07-28T02:28:15.072Z,2026-07-28T02:29:15.072Z,0,0.003,23.0,59
2026-07-28T02:29:15.236Z,2026-07-28T02:30:15.236Z,0,0.003,23.0,59
2026-07-28T02:45:17.269Z,2026-07-28T02:46:17.269Z,2,0.01,23.0,59
2026-07-28T02:48:17.661Z,2026-07-28T02:49:17.661Z,2,0.043,23.0,59
2026-07-28T02:52:18.119Z,2026-07-28T02:53:18.119Z,17,1.638,23.0,59
2026-07-28T02:53:18.276Z,2026-07-28T02:54:18.276Z,2,1.093,23.0,59
2026-07-28T02:54:18.440Z,2026-07-28T02:55:18.440Z,7,1.053,23.0,59
2026-07-28T02:55:18.505Z,2026-07-28T02:56:18.505Z,3,1.997,23.0,59
2026-07-28T02:56:18.670Z,2026-07-28T02:57:18.670Z,1,2.003,23.0,59
2026-07-28T02:57:18.834Z,2026-07-28T02:58:18.834Z,0,2.0,23.0,59
2026-07-28T02:58:18.898Z,2026-07-28T02:59:18.898Z,1,2.0,23.0,59
2026-07-28T02:59:19.062Z,2026-07-28T03:00:19.062Z,3,0.721,23.0,59
2026-07-28T03:00:19.236Z,2026-07-28T03:01:19.236Z,7,0.603,23.0,59
2026-07-28T03:01:19.292Z,2026-07-28T03:02:19.292Z,7,0.163,23.0,59
2026-07-28T03:02:19.464Z,2026-07-28T03:03:19.464Z,4,0.047,23.0,59
2026-07-28T03:03:19.520Z,2026-07-28T03:04:19.520Z,3,0.066,23.0,59
2026-07-28T03:04:19.686Z,2026-07-28T03:05:19.686Z,3,0.047,23.0,59
2026-07-28T03:05:19.849Z,2026-07-28T03:06:19.849Z,7,0.023,23.0,59
2026-07-28T03:06:19.914Z,2026-07-28T03:07:19.914Z,7,0.037,23.0,59
2026-07-28T03:07:20.078Z,2026-07-28T03:08:20.078Z,3,0.037,23.0,59
2026-07-28T03:08:20.243Z,2026-07-28T03:09:20.243Z,3,0.053,23.0,59
2026-07-28T03:09:20.308Z,2026-07-28T03:10:20.308Z,4,0.399,23.0,59
2026-07-28T03:10:20.471Z,2026-07-28T03:11:20.471Z,2,0.0,23.0,59
2026-07-28T03:11:20.637Z,2026-07-28T03:12:20.637Z,3,0.013,23.0,59
2026-07-28T03:12:20.700Z,2026-07-28T03:13:20.700Z,3,0.292,23.0,59
2026-07-28T03:13:20.865Z,2026-07-28T03:14:20.865Z,10,0.06,23.0,59
2026-07-28T03:14:21.029Z,2026-07-28T03:15:21.029Z,7,0.047,23.0,59
2026-07-28T03:15:21.095Z,2026-07-28T03:16:21.095Z,6,0.063,23.0,59
2026-07-28T03:16:21.259Z,2026-07-28T03:17:21.259Z,11,0.247,23.0,59
2026-07-28T03:17:21.323Z,2026-07-28T03:18:21.323Z,9,0.033,23.0,59
2026-07-28T03:18:21.487Z,2026-07-28T03:19:21.487Z,13,0.103,23.0,59
2026-07-28T03:19:21.653Z,2026-07-28T03:20:21.653Z,14,0.1,23.0,59
2026-07-28T03:20:21.717Z,2026-07-28T03:21:21.717Z,7,0.392,23.0,59
2026-07-28T03:21:21.881Z,2026-07-28T03:22:21.881Z,2,0.439,23.0,59
2026-07-28T03:22:22.046Z,2026-07-28T03:23:22.046Z,3,0.59,23.0,59
2026-07-28T03:23:22.111Z,2026-07-28T03:24:22.111Z,4,0.478,23.0,59
2026-07-28T03:24:22.275Z,2026-07-28T03:25:22.275Z,4,0.276,23.0,59
2026-07-28T03:25:22.438Z,2026-07-28T03:26:22.438Z,11,0.383,23.0,59
2026-07-28T03:26:22.503Z,2026-07-28T03:27:22.503Z,9,0.631,23.0,59
2026-07-28T03:27:22.667Z,2026-07-28T03:28:22.667Z,14,1.691,23.0,59
2026-07-28T03:28:22.832Z,2026-07-28T03:29:22.832Z,13,0.71,23.0,59
2026-07-28T03:29:22.897Z,2026-07-28T03:30:22.897Z,6,0.907,23.0,59
2026-07-28T03:30:23.062Z,2026-07-28T03:31:23.062Z,8,1.067,23.0,59
2026-07-28T03:31:23.125Z,2026-07-28T03:32:23.125Z,8,0.877,23.0,59
2026-07-28T03:32:23.290Z,2026-07-28T03:33:23.290Z,6,1.02,23.0,59
2026-07-28T03:33:23.454Z,2026-07-28T03:34:23.454Z,1,1.34,23.0,59
2026-07-28T03:34:23.519Z,2026-07-28T03:35:23.519Z,7,0.704,23.0,59
2026-07-28T03:35:23.684Z,2026-07-28T03:36:23.684Z,1,0.571,23.0,59
2026-07-28T03:36:23.848Z,2026-07-28T03:37:23.848Z,4,0.917,23.0,59
2026-07-28T03:37:23.913Z,2026-07-28T03:38:23.913Z,2,0.346,23.0,59
2026-07-28T03:38:24.076Z,2026-07-28T03:39:24.076Z,4,0.9,23.0,59
2026-07-28T03:39:24.242Z,2026-07-28T03:40:24.242Z,9,1.263,23.0,59
2026-07-28T03:40:24.305Z,2026-07-28T03:41:24.305Z,11,0.9,23.0,59
2026-07-28T03:41:24.470Z,2026-07-28T03:42:24.470Z,4,1.179,23.0,59
2026-07-28T03:42:24.634Z,2026-07-28T03:43:24.634Z,1,0.64,23.0,59
2026-07-28T03:43:24.700Z,2026-07-28T03:44:24.700Z,3,0.256,23.0,59
2026-07-28T03:44:24.864Z,2026-07-28T03:45:24.864Z,4,0.223,23.0,59
2026-07-28T03:45:24.928Z,2026-07-28T03:46:24.928Z,6,0.126,23.0,59
2026-07-28T03:46:25.092Z,2026-07-28T03:47:25.092Z,2,0.216,23.0,59
2026-07-28T03:47:25.257Z,2026-07-28T03:48:25.257Z,5,0.817,23.0,59
2026-07-28T03:48:25.322Z,2026-07-28T03:49:25.322Z,8,0.223,23.0,59
2026-07-28T03:49:25.486Z,2026-07-28T03:50:25.486Z,7,0.166,23.0,59
2026-07-28T03:50:25.651Z,2026-07-28T03:51:25.651Z,3,0.403,23.0,59
2026-07-28T03:51:25.716Z,2026-07-28T03:52:25.716Z,7,0.681,23.0,59
2026-07-28T03:52:25.880Z,2026-07-28T03:53:25.880Z,7,0.884,23.0,59
2026-07-28T03:53:26.045Z,2026-07-28T03:54:26.045Z,6,0.387,23.0,59
2026-07-28T03:54:26.108Z,2026-07-28T03:55:26.108Z,3,0.259,23.0,59
2026-07-28T03:55:26.273Z,2026-07-28T03:56:26.273Z,4,0.179,23.0,59
2026-07-28T03:56:26.437Z,2026-07-28T03:57:26.437Z,4,0.237,23.0,59
2026-07-28T03:57:26.503Z,2026-07-28T03:58:26.503Z,2,0.203,23.0,59
2026-07-28T03:58:26.667Z,2026-07-28T03:59:26.667Z,10,0.219,23.0,59
2026-07-28T03:59:26.831Z,2026-07-28T04:00:26.831Z,5,0.12,23.0,59
2026-07-28T04:00:26.904Z,2026-07-28T04:01:26.904Z,2,0.233,23.0,59
2026-07-28T04:01:27.069Z,2026-07-28T04:02:27.069Z,4,0.183,23.0,59
2026-07-28T04:02:27.233Z,2026-07-28T04:03:27.233Z,1,0.16,23.0,59
2026-07-28T04:03:27.298Z,2026-07-28T04:04:27.298Z,0,0.027,23.0,59
2026-07-28T04:05:27.526Z,2026-07-28T04:06:27.526Z,1,0.047,23.0,59
2026-07-28T04:06:27.690Z,2026-07-28T04:07:27.690Z,2,0.103,23.0,59
2026-07-28T04:07:27.855Z,2026-07-28T04:08:27.855Z,0,0.003,23.0,59
2026-07-28T04:08:27.920Z,2026-07-28T04:09:27.920Z,0,0.309,23.0,59
2026-07-28T04:09:28.085Z,2026-07-28T04:10:28.085Z,0,0.013,23.0,59
2026-07-28T04:10:28.249Z,2026-07-28T04:11:28.249Z,0,0.003,23.0,59
2026-07-28T04:11:28.313Z,2026-07-28T04:12:28.313Z,0,0.003,23.0,59
2026-07-28T04:13:28.641Z,2026-07-28T04:14:28.641Z,0,0.003,23.0,59
2026-07-28T04:15:28.871Z,2026-07-28T04:16:28.871Z,1,0.01,23.0,59
2026-07-28T04:16:29.036Z,2026-07-28T04:17:29.036Z,0,0.007,23.0,59
2026-07-28T04:17:29.099Z,2026-07-28T04:18:29.099Z,1,0.605,23.0,59
2026-07-28T04:18:29.265Z,2026-07-28T04:19:29.265Z,2,0.169,23.0,59
2026-07-28T04:19:29.428Z,2026-07-28T04:20:29.428Z,1,0.073,23.0,59
2026-07-28T04:20:29.493Z,2026-07-28T04:21:29.493Z,1,0.033,23.0,59
2026-07-28T04:24:30.052Z,2026-07-28T04:25:30.052Z,2,0.22,23.0,59
2026-07-28T04:25:30.115Z,2026-07-28T04:26:30.115Z,0,0.043,23.0,59
2026-07-28T04:26:30.289Z,2026-07-28T04:27:30.289Z,1,0.013,23.0,59
2026-07-28T04:28:30.517Z,2026-07-28T04:29:30.517Z,1,0.007,23.0,59
2026-07-28T04:30:30.846Z,2026-07-28T04:31:30.846Z,0,0.003,23.0,59
2026-07-28T04:34:31.305Z,2026-07-28T04:35:31.305Z,0,0.003,23.0,59
2026-07-28T04:35:31.469Z,2026-07-28T04:36:31.469Z,4,0.087,23.0,59
2026-07-28T04:44:32.650Z,2026-07-28T04:45:32.650Z,1,0.013,23.0,59
2026-07-28T04:45:32.713Z,2026-07-28T04:46:32.713Z,3,0.286,23.0,59
2026-07-28T04:46:32.878Z,2026-07-28T04:47:32.878Z,0,0.94,23.0,59
2026-07-28T04:47:33.042Z,2026-07-28T04:48:33.042Z,0,0.683,23.0,59
2026-07-28T04:48:33.108Z,2026-07-28T04:49:33.108Z,1,0.867,23.0,59
2026-07-28T04:49:33.272Z,2026-07-28T04:50:33.272Z,1,0.425,23.0,59
2026-07-28T04:50:33.437Z,2026-07-28T04:51:33.437Z,0,0.51,23.0,59
2026-07-28T04:51:33.500Z,2026-07-28T04:52:33.500Z,1,0.116,23.0,59
2026-07-28T04:52:33.665Z,2026-07-28T04:53:33.665Z,0,0.226,23.0,59
2026-07-28T04:58:34.453Z,2026-07-28T04:59:34.453Z,1,0.1,23.0,59
2026-07-28T04:59:34.516Z,2026-07-28T05:00:34.516Z,2,0.01,23.0,59
2026-07-28T05:00:34.673Z,2026-07-28T05:01:34.673Z,5,0.336,23.0,59
2026-07-28T05:01:34.838Z,2026-07-28T05:02:34.838Z,1,0.067,23.0,59
2026-07-28T05:02:34.911Z,2026-07-28T05:03:34.911Z,0,0.01,23.0,59
2026-07-28T05:09:35.861Z,2026-07-28T05:10:35.861Z,0,0.007,23.0,59
2026-07-28T05:12:36.255Z,2026-07-28T05:13:36.255Z,2,0.017,23.0,59
2026-07-28T05:13:36.319Z,2026-07-28T05:14:36.319Z,0,0.003,23.0,59
2026-07-28T05:22:37.492Z,2026-07-28T05:23:37.492Z,0,0.007,23.0,59
2026-07-28T05:34:39.065Z,2026-07-28T05:35:39.065Z,1,0.01,23.0,59
2026-07-28T05:40:39.861Z,2026-07-28T05:41:39.861Z,1,0.007,23.0,59
2026-07-28T05:48:40.868Z,2026-07-28T05:49:40.868Z,0,0.003,23.0,59
2026-07-28T05:50:41.096Z,2026-07-28T05:51:41.096Z,1,0.007,23.0,59
2026-07-28T05:51:41.260Z,2026-07-28T05:52:41.260Z,1,0.01,23.0,59
2026-07-28T05:55:41.727Z,2026-07-28T05:56:41.727Z,2,0.093,23.0,59
2026-07-28T06:00:42.450Z,2026-07-28T06:01:42.450Z,1,0.007,23.0,59
2026-07-28T06:01:42.506Z,2026-07-28T06:02:42.506Z,2,0.199,23.0,59
2026-07-28T06:02:42.670Z,2026-07-28T06:03:42.670Z,0,0.01,23.0,59
2026-07-28T06:10:43.686Z,2026-07-28T06:11:43.686Z,1,0.01,23.0,59
2026-07-28T06:11:43.851Z,2026-07-28T06:12:43.851Z,2,0.103,23.0,59
2026-07-28T06:17:44.637Z,2026-07-28T06:18:44.637Z,0,0.007,23.0,59
2026-07-28T06:19:44.867Z,2026-07-28T06:20:44.867Z,0,0.01,23.0,59
2026-07-28T06:20:45.030Z,2026-07-28T06:21:45.030Z,1,0.043,23.0,59
2026-07-28T06:32:46.505Z,2026-07-28T06:33:46.505Z,1,0.056,23.0,59
2026-07-28T06:39:47.456Z,2026-07-28T06:40:47.456Z,0,0.003,23.0,59
2026-07-28T06:40:47.519Z,2026-07-28T06:41:47.519Z,0,0.003,23.0,59
2026-07-28T06:45:48.233Z,2026-07-28T06:46:48.233Z,1,0.0,23.0,59
2026-07-28T06:46:48.298Z,2026-07-28T06:47:48.298Z,0,0.339,23.0,59
2026-07-28T06:49:48.691Z,2026-07-28T06:50:48.691Z,1,0.0,23.0,59
2026-07-28T06:59:50.236Z,2026-07-28T07:00:50.236Z,0,0.007,23.0,59
2026-07-28T07:00:50.309Z,2026-07-28T07:01:50.309Z,3,0.08,23.0,59
2026-07-28T07:02:50.630Z,2026-07-28T07:03:50.630Z,1,0.01,23.0,59
2026-07-28T07:03:50.694Z,2026-07-28T07:04:50.694Z,1,0.01,23.0,59
2026-07-28T07:08:51.315Z,2026-07-28T07:09:51.315Z,1,0.0,23.0,59
2026-07-28T07:10:51.644Z,2026-07-28T07:11:51.644Z,1,0.0,23.0,59
2026-07-28T07:11:51.717Z,2026-07-28T07:12:51.717Z,1,0.156,23.0,59
2026-07-28T07:12:51.881Z,2026-07-28T07:13:51.881Z,0,0.003,23.0,59
2026-07-28T07:14:52.111Z,2026-07-28T07:15:52.111Z,0,0.007,23.0,59
2026-07-28T07:44:56.036Z,2026-07-28T07:45:56.036Z,0,0.01,23.0,59
2026-07-28T07:45:56.101Z,2026-07-28T07:46:56.101Z,1,0.013,23.0,59
2026-07-28T07:47:56.430Z,2026-07-28T07:48:56.430Z,2,0.0,23.0,59
2026-07-28T07:51:56.888Z,2026-07-28T07:52:56.888Z,0,0.003,23.0,59
2026-07-28T07:58:57.838Z,2026-07-28T07:59:57.838Z,1,0.01,23.0,59
2026-07-28T08:05:58.690Z,2026-07-28T08:06:58.690Z,1,0.007,23.0,59
2026-07-28T09:24:08.717Z,2026-07-28T09:25:08.717Z,0,0.003,23.0,59
2026-07-28T09:25:08.881Z,2026-07-28T09:26:08.881Z,1,0.013,23.0,59
2026-07-28T10:52:20.089Z,2026-07-28T10:53:20.089Z,0,0.003,23.0,59
2026-07-28T11:07:22.056Z,2026-07-28T11:08:22.056Z,0,0.003,23.0,59
2026-07-28T11:22:23.923Z,2026-07-28T11:23:23.923Z,0,0.003,23.0,59
2026-07-28T11:24:24.252Z,2026-07-28T11:25:24.252Z,0,0.003,23.0,59
2026-07-28T11:50:27.529Z,2026-07-28T11:51:27.529Z,0,0.003,23.0,59
2026-07-28T11:56:28.315Z,2026-07-28T11:57:28.315Z,0,0.003,23.0,59
2026-07-28T12:03:29.266Z,2026-07-28T12:04:29.266Z,0,0.003,23.0,59
2026-07-28T12:13:30.510Z,2026-07-28T12:14:30.510Z,0,0.003,23.0,59
2026-07-28T13:51:43.230Z,2026-07-28T13:52:43.230Z,0,0.003,23.0,59
2026-07-28T13:57:43.917Z,2026-07-28T13:58:43.917Z,0,0.003,23.0,59
2026-07-28T15:50:58.500Z,2026-07-28T15:51:58.500Z,0,0.003,23.0,59
2026-07-28T15:51:58.665Z,2026-07-28T15:52:58.665Z,0,0.003,23.0,59
2026-07-28T15:57:59.453Z,2026-07-28T15:58:59.453Z,0,0.003,23.0,59
2026-07-28T16:27:03.122Z,2026-07-28T16:28:03.122Z,0,0.003,23.0,59
2026-07-28T16:28:03.286Z,2026-07-28T16:29:03.286Z,0,0.003,23.0,59
2026-07-28T16:30:03.516Z,2026-07-28T16:31:03.516Z,0,0.003,23.0,59
2026-07-28T16:35:04.237Z,2026-07-28T16:36:04.237Z,0,0.003,23.0,59
2026-07-28T16:38:04.631Z,2026-07-28T16:39:04.631Z,0,0.003,23.0,59
2026-07-28T16:45:05.483Z,2026-07-28T16:46:05.483Z,0,0.003,23.0,59
2026-07-28T16:46:05.648Z,2026-07-28T16:47:05.648Z,0,0.003,23.0,59
2026-07-28T16:47:05.711Z,2026-07-28T16:48:05.711Z,0,0.003,23.0,59
2026-07-28T16:59:07.286Z,2026-07-28T17:00:07.286Z,0,0.003,23.0,59
2026-07-28T17:12:08.924Z,2026-07-28T17:13:08.924Z,0,0.003,23.0,59
2026-07-28T17:19:09.875Z,2026-07-28T17:20:09.875Z,0,0.003,23.0,59
2026-07-28T17:40:12.628Z,2026-07-28T17:41:12.628Z,0,0.003,23.0,59
2026-07-28T17:50:13.874Z,2026-07-28T17:51:13.874Z,0,0.003,23.0,59
2026-07-28T18:09:16.299Z,2026-07-28T18:10:16.299Z,0,0.003,23.0,59
2026-07-28T18:13:16.857Z,2026-07-28T18:14:16.857Z,0,0.003,23.0,59
2026-07-28T18:18:17.479Z,2026-07-28T18:19:17.479Z,0,0.007,23.0,59
2026-07-28T18:37:19.904Z,2026-07-28T18:38:19.904Z,0,0.003,23.0,59
2026-07-28T18:38:20.069Z,2026-07-28T18:39:20.069Z,0,0.003,23.0,59
2026-07-28T18:39:20.233Z,2026-07-28T18:40:20.233Z,0,0.007,23.0,59
2026-07-28T18:44:20.855Z,2026-07-28T18:45:20.855Z,0,0.003,23.0,59
2026-07-28T18:45:20.920Z,2026-07-28T18:46:20.920Z,0,0.003,23.0,59
2026-07-28T18:46:21.084Z,2026-07-28T18:47:21.084Z,0,0.003,23.0,59
2026-07-28T19:22:25.721Z,2026-07-28T19:23:25.721Z,0,0.007,23.0,59
2026-07-28T19:23:25.885Z,2026-07-28T19:24:25.885Z,1,0.176,23.0,59
2026-07-28T19:24:26.051Z,2026-07-28T19:25:26.051Z,2,0.103,23.0,59
2026-07-28T19:25:26.115Z,2026-07-28T19:26:26.115Z,2,0.0,23.0,59
2026-07-28T19:27:26.444Z,2026-07-28T19:28:26.444Z,0,0.01,23.0,59
2026-07-28T19:28:26.509Z,2026-07-28T19:29:26.509Z,0,0.003,23.0,59
2026-07-28T19:29:26.673Z,2026-07-28T19:30:26.673Z,1,0.06,23.0,59
2026-07-28T19:30:26.836Z,2026-07-28T19:31:26.836Z,2,0.063,23.0,59
2026-07-28T19:31:26.901Z,2026-07-28T19:32:26.901Z,0,0.003,23.0,59
2026-07-28T19:32:27.065Z,2026-07-28T19:33:27.065Z,1,0.007,23.0,59
2026-07-28T19:33:27.230Z,2026-07-28T19:34:27.230Z,2,0.0,23.0,59
2026-07-28T19:34:27.295Z,2026-07-28T19:35:27.295Z,1,0.056,23.0,59
2026-07-28T19:35:27.460Z,2026-07-28T19:36:27.460Z,1,0.03,23.0,59
2026-07-28T21:10:39.665Z,2026-07-28T21:11:39.665Z,0,0.003,23.0,59
2026-07-28T21:38:43.269Z,2026-07-28T21:39:43.269Z,0,0.003,23.0,59
2026-07-28T21:47:44.450Z,2026-07-28T21:48:44.450Z,0,0.003,23.0,59
2026-07-28T21:58:45.858Z,2026-07-28T21:59:45.858Z,0,0.003,23.0,59
2026-07-28T22:23:49.071Z,2026-07-28T22:24:49.071Z,0,0.007,23.0,59
2026-07-28T22:30:49.921Z,2026-07-28T22:31:49.921Z,0,0.003,23.0,59
2026-07-28T22:32:50.250Z,2026-07-28T22:33:50.250Z,0,0.003,23.0,59
2026-07-28T22:50:52.512Z,2026-07-28T22:51:52.512Z,0,0.003,23.0,59
2026-07-28T22:53:52.904Z,2026-07-28T22:54:52.904Z,0,0.01,23.0,59
2026-07-28T23:38:58.707Z,2026-07-28T23:39:58.707Z,0,0.007,23.0,59
2026-07-29T00:13:03.098Z,2026-07-29T00:14:03.098Z,0,0.007,23.0,59
2026-07-29T00:35:05.917Z,2026-07-29T00:36:05.917Z,1,0.013,23.0,59
2026-07-29T01:01:09.292Z,2026-07-29T01:02:09.292Z,1,0.013,23.0,59
2026-07-29T01:22:12.072Z,2026-07-29T01:23:12.072Z,1,0.01,23.0,59
2026-07-29T01:25:12.466Z,2026-07-29T01:26:12.466Z,1,0.0,23.0,59
2026-07-29T01:26:12.630Z,2026-07-29T01:27:12.630Z,1,0.007,23.0,59
2026-07-29T01:28:12.858Z,2026-07-29T01:29:12.858Z,4,0.063,23.0,59
2026-07-29T01:29:12.924Z,2026-07-29T01:30:12.924Z,1,0.007,23.0,59
2026-07-29T01:55:16.308Z,2026-07-29T01:56:16.308Z,0,0.007,23.0,59
2026-07-29T01:56:16.471Z,2026-07-29T01:57:16.471Z,0,0.003,23.0,59
2026-07-29T02:06:17.717Z,2026-07-29T02:07:17.717Z,2,0.15,23.0,59
2026-07-29T02:07:17.872Z,2026-07-29T02:08:17.872Z,2,0.435,23.0,59
2026-07-29T02:18:19.282Z,2026-07-29T02:19:19.282Z,0,0.007,23.0,59
2026-07-29T02:24:20.078Z,2026-07-29T02:25:20.078Z,0,0.003,23.0,59
2026-07-29T02:34:21.322Z,2026-07-29T02:35:21.322Z,2,0.01,23.0,59
2026-07-29T03:05:25.321Z,2026-07-29T03:06:25.321Z,0,0.003,23.0,59
2026-07-29T03:48:30.892Z,2026-07-29T03:49:30.892Z,0,0.003,23.0,59
2026-07-29T04:01:32.631Z,2026-07-29T04:02:32.631Z,1,0.02,23.0,59
2026-07-29T04:02:32.687Z,2026-07-29T04:03:32.687Z,0,0.003,23.0,59
2026-07-29T04:09:33.647Z,2026-07-29T04:10:33.647Z,1,0.12,23.0,59
2026-07-29T04:36:37.086Z,2026-07-29T04:37:37.086Z,0,0.003,23.0,59
2026-07-29T04:42:37.874Z,2026-07-29T04:43:37.874Z,0,0.003,23.0,59
2026-07-29T04:43:38.038Z,2026-07-29T04:44:38.038Z,0,0.003,23.0,59
2026-07-29T04:48:38.661Z,2026-07-29T04:49:38.661Z,1,0.027,23.0,59
2026-07-29T04:59:40.069Z,2026-07-29T05:00:40.069Z,1,0.027,23.0,59
2026-07-29T05:12:41.707Z,2026-07-29T05:13:41.707Z,0,0.003,23.0,59
2026-07-29T05:14:42.036Z,2026-07-29T05:15:42.036Z,0,0.01,23.0,59
2026-07-29T05:15:42.101Z,2026-07-29T05:16:42.101Z,1,0.123,23.0,59
2026-07-29T05:16:42.256Z,2026-07-29T05:17:42.256Z,0,0.262,23.0,59
2026-07-29T05:20:42.714Z,2026-07-29T05:21:42.714Z,2,0.0,23.0,59
2026-07-29T05:21:42.888Z,2026-07-29T05:22:42.888Z,1,0.023,23.0,59
2026-07-29T05:29:43.904Z,2026-07-29T05:30:43.904Z,0,0.01,23.0,59
2026-07-29T05:35:44.690Z,2026-07-29T05:36:44.690Z,2,0.056,23.0,59
2026-07-29T05:36:44.846Z,2026-07-29T05:37:44.846Z,0,0.003,23.0,59
2026-07-29T05:37:44.918Z,2026-07-29T05:38:44.918Z,1,0.0,23.0,59
2026-07-29T05:42:45.641Z,2026-07-29T05:43:45.641Z,1,0.033,23.0,59
2026-07-29T05:46:46.098Z,2026-07-29T05:47:46.098Z,0,0.007,23.0,59
2026-07-29T05:48:46.328Z,2026-07-29T05:49:46.328Z,0,0.01,23.0,59
2026-07-29T05:49:46.493Z,2026-07-29T05:50:46.493Z,1,0.007,23.0,59
2026-07-29T05:50:46.657Z,2026-07-29T05:51:46.657Z,1,0.013,23.0,59
2026-07-29T05:55:47.279Z,2026-07-29T05:56:47.279Z,2,0.043,23.0,59
2026-07-29T05:56:47.444Z,2026-07-29T05:57:47.444Z,0,0.007,23.0,59
2026-07-29T05:58:47.673Z,2026-07-29T05:59:47.673Z,0,0.02,23.0,59
2026-07-29T06:00:47.901Z,2026-07-29T06:01:47.901Z,0,0.01,23.0,59
2026-07-29T06:08:48.917Z,2026-07-29T06:09:48.917Z,0,0.003,23.0,59
2026-07-29T06:12:49.476Z,2026-07-29T06:13:49.476Z,0,0.003,23.0,59
2026-07-29T06:18:50.262Z,2026-07-29T06:19:50.262Z,0,0.007,23.0,59
2026-07-29T06:20:50.490Z,2026-07-29T06:21:50.490Z,0,0.003,23.0,59
2026-07-29T06:23:50.875Z,2026-07-29T06:24:50.875Z,1,0.04,23.0,59
2026-07-29T06:27:51.443Z,2026-07-29T06:28:51.443Z,0,0.007,23.0,59
2026-07-29T06:30:51.835Z,2026-07-29T06:31:51.835Z,2,0.19,23.0,59
2026-07-29T06:31:51.891Z,2026-07-29T06:32:51.891Z,0,0.721,23.0,59
2026-07-29T06:41:53.244Z,2026-07-29T06:42:53.244Z,2,0.007,23.0,59
2026-07-29T06:43:53.466Z,2026-07-29T06:44:53.466Z,0,0.003,23.0,59
2026-07-29T06:48:54.088Z,2026-07-29T06:49:54.088Z,1,0.003,23.0,59
2026-07-29T06:51:54.480Z,2026-07-29T06:52:54.480Z,0,0.003,23.0,59
2026-07-29T07:08:56.677Z,2026-07-29T07:09:56.677Z,0,0.003,23.0,59
2026-07-29T07:10:56.905Z,2026-07-29T07:11:56.905Z,1,0.01,23.0,59
2026-07-29T07:29:59.430Z,2026-07-29T07:30:59.430Z,0,0.01,23.0,59
2026-07-29T07:51:02.085Z,2026-07-29T07:52:02.085Z,0,0.01,23.0,59
2026-07-29T07:52:02.249Z,2026-07-29T07:53:02.249Z,0,0.003,23.0,59
2026-07-29T10:59:26.480Z,2026-07-29T11:00:26.480Z,0,0.003,23.0,59
2026-07-29T12:11:35.921Z,2026-07-29T12:12:35.921Z,0,0.003,23.0,59
2026-07-29T14:43:55.522Z,2026-07-29T14:44:55.522Z,0,0.003,23.0,59
2026-07-29T15:27:01.094Z,2026-07-29T15:28:01.094Z,0,0.003,23.0,59
2026-07-29T16:35:09.878Z,2026-07-29T16:36:09.878Z,0,0.003,23.0,59
2026-07-29T18:57:28.250Z,2026-07-29T18:58:28.250Z,0,0.007,23.0,59
2026-07-29T19:19:31.068Z,2026-07-29T19:20:31.068Z,0,0.007,23.0,59
2026-07-29T19:22:31.461Z,2026-07-29T19:23:31.461Z,1,0.003,23.0,59
2026-07-29T19:25:31.855Z,2026-07-29T19:26:31.855Z,1,0.02,23.0,59
2026-07-29T19:28:32.247Z,2026-07-29T19:29:32.247Z,4,0.15,23.0,59
2026-07-29T19:29:32.312Z,2026-07-29T19:30:32.312Z,1,0.013,23.0,59
2026-07-29T22:01:51.894Z,2026-07-29T22:02:51.894Z,0,0.003,23.0,59
2026-07-29T22:37:56.516Z,2026-07-29T22:38:56.516Z,0,0.003,23.0,59
2026-07-29T23:06:00.121Z,2026-07-29T23:07:00.121Z,0,0.017,23.0,59
2026-07-29T23:07:00.285Z,2026-07-29T23:08:00.285Z,0,0.007,23.0,59
2026-07-29T23:08:00.450Z,2026-07-29T23:09:00.450Z,0,0.027,23.0,59
2026-07-29T23:09:00.513Z,2026-07-29T23:10:00.513Z,0,0.017,23.0,59
2026-07-29T23:10:00.678Z,2026-07-29T23:11:00.678Z,0,0.007,23.0,59
2026-07-29T23:14:01.236Z,2026-07-29T23:15:01.236Z,0,0.003,23.0,59
2026-07-30T00:19:09.526Z,2026-07-30T00:20:09.526Z,1,0.023,23.0,59
2026-07-30T00:20:09.690Z,2026-07-30T00:21:09.690Z,1,0.01,23.0,59
2026-07-30T00:40:12.280Z,2026-07-30T00:41:12.280Z,1,0.05,23.0,59
2026-07-30T00:43:12.674Z,2026-07-30T00:44:12.674Z,1,0.03,23.0,59
2026-07-30T00:45:12.903Z,2026-07-30T00:46:12.903Z,0,0.003,23.0,59
2026-07-30T00:48:13.296Z,2026-07-30T00:49:13.296Z,0,0.01,23.0,59
2026-07-30T00:50:13.525Z,2026-07-30T00:51:13.525Z,1,0.017,23.0,59
2026-07-30T00:58:14.641Z,2026-07-30T00:59:14.641Z,2,0.04,23.0,59
2026-07-30T01:00:14.869Z,2026-07-30T01:01:14.869Z,0,0.01,23.0,59
2026-07-30T01:07:15.720Z,2026-07-30T01:08:15.720Z,0,0.007,23.0,59
2026-07-30T01:08:15.885Z,2026-07-30T01:09:15.885Z,0,0.007,23.0,59
2026-07-30T01:12:16.444Z,2026-07-30T01:13:16.444Z,1,0.01,23.0,59
2026-07-30T01:16:16.901Z,2026-07-30T01:17:16.901Z,1,0.0,23.0,59
2026-07-30T01:47:20.900Z,2026-07-30T01:48:20.900Z,1,0.01,23.0,59
2026-07-30T01:58:22.509Z,2026-07-30T01:59:22.509Z,1,0.03,23.0,59
2026-07-30T01:59:22.673Z,2026-07-30T02:00:22.673Z,1,0.03,23.0,59
2026-07-30T02:17:25.033Z,2026-07-30T02:18:25.033Z,0,0.003,23.0,59
2026-07-30T02:58:30.278Z,2026-07-30T02:59:30.278Z,1,0.023,23.0,59
2026-07-30T02:59:30.441Z,2026-07-30T03:00:30.441Z,1,0.033,23.0,59
2026-07-30T03:00:30.506Z,2026-07-30T03:01:30.506Z,1,0.07,23.0,59
2026-07-30T03:01:30.671Z,2026-07-30T03:02:30.671Z,2,0.1,23.0,59
2026-07-30T03:02:30.835Z,2026-07-30T03:03:30.835Z,3,0.207,23.0,59
2026-07-30T03:09:31.687Z,2026-07-30T03:10:31.687Z,2,0.05,23.0,59
2026-07-30T03:10:31.851Z,2026-07-30T03:11:31.851Z,0,0.01,23.0,59
2026-07-30T03:23:33.489Z,2026-07-30T03:24:33.489Z,1,0.007,23.0,59
2026-07-30T03:27:34.046Z,2026-07-30T03:28:34.046Z,1,0.003,23.0,59
2026-07-30T03:30:34.440Z,2026-07-30T03:31:34.440Z,0,0.003,23.0,59
2026-07-30T03:33:34.834Z,2026-07-30T03:34:34.834Z,1,0.013,23.0,59
2026-07-30T03:45:36.308Z,2026-07-30T03:46:36.308Z,1,0.01,23.0,59
2026-07-30T03:46:36.471Z,2026-07-30T03:47:36.471Z,4,0.08,23.0,59
2026-07-30T03:59:38.109Z,2026-07-30T04:00:38.109Z,2,0.02,23.0,59
2026-07-30T04:00:38.275Z,2026-07-30T04:01:38.275Z,1,0.266,23.0,59
2026-07-30T04:02:38.503Z,2026-07-30T04:03:38.503Z,5,0.169,23.0,59
2026-07-30T04:04:38.832Z,2026-07-30T04:05:38.832Z,1,0.02,23.0,59
2026-07-30T04:05:38.897Z,2026-07-30T04:06:38.897Z,2,0.043,23.0,59
2026-07-30T04:06:39.062Z,2026-07-30T04:07:39.062Z,2,0.027,23.0,59
2026-07-30T04:09:39.454Z,2026-07-30T04:10:39.454Z,3,0.01,23.0,59
2026-07-30T04:56:45.484Z,2026-07-30T04:57:45.484Z,2,0.037,23.0,59
2026-07-30T04:57:45.648Z,2026-07-30T04:58:45.648Z,1,0.007,23.0,59
2026-07-30T05:07:46.894Z,2026-07-30T05:08:46.894Z,0,0.007,23.0,59
2026-07-30T05:12:47.516Z,2026-07-30T05:13:47.516Z,2,0.01,23.0,59
2026-07-30T05:13:47.680Z,2026-07-30T05:14:47.680Z,1,0.186,23.0,59
2026-07-30T05:24:49.089Z,2026-07-30T05:25:49.089Z,1,0.003,23.0,59
2026-07-30T05:25:49.253Z,2026-07-30T05:26:49.253Z,2,0.03,23.0,59
2026-07-30T05:27:49.483Z,2026-07-30T05:28:49.483Z,2,0.03,23.0,59
2026-07-30T05:28:49.647Z,2026-07-30T05:29:49.647Z,1,0.04,23.0,59
2026-07-30T05:30:49.875Z,2026-07-30T05:31:49.875Z,2,0.053,23.0,59
2026-07-30T05:32:50.105Z,2026-07-30T05:33:50.105Z,1,0.017,23.0,59
2026-07-30T05:38:50.891Z,2026-07-30T05:39:50.891Z,0,0.003,23.0,59
2026-07-30T05:42:51.450Z,2026-07-30T05:43:51.450Z,2,0.01,23.0,59
2026-07-30T05:44:51.678Z,2026-07-30T05:45:51.678Z,1,0.199,23.0,59
2026-07-30T05:45:51.842Z,2026-07-30T05:46:51.842Z,1,0.77,23.0,59
2026-07-30T05:46:51.907Z,2026-07-30T05:47:51.907Z,0,0.01,23.0,59
2026-07-30T05:47:52.072Z,2026-07-30T05:48:52.072Z,2,0.01,23.0,59
2026-07-30T05:59:53.644Z,2026-07-30T06:00:53.644Z,1,0.01,23.0,59
2026-07-30T06:01:53.874Z,2026-07-30T06:02:53.874Z,0,0.007,23.0,59
2026-07-30T06:02:54.039Z,2026-07-30T06:03:54.039Z,1,0.01,23.0,59
2026-07-30T07:01:01.477Z,2026-07-30T07:02:01.477Z,0,0.007,23.0,59
2026-07-30T07:02:01.641Z,2026-07-30T07:03:01.641Z,1,0.007,23.0,59
2026-07-30T07:10:02.858Z,2026-07-30T07:11:02.858Z,3,0.243,23.0,59
2026-07-30T07:13:03.250Z,2026-07-30T07:14:03.250Z,0,0.113,23.0,59
2026-07-30T07:15:03.480Z,2026-07-30T07:16:03.480Z,0,0.013,23.0,59
2026-07-30T07:16:03.644Z,2026-07-30T07:17:03.644Z,2,0.133,23.0,59
2026-07-30T07:20:04.102Z,2026-07-30T07:21:04.102Z,1,0.01,23.0,59
2026-07-30T07:28:05.118Z,2026-07-30T07:29:05.118Z,1,0.013,23.0,59
2026-07-30T07:29:05.282Z,2026-07-30T07:30:05.282Z,1,0.013,23.0,59
2026-07-30T07:35:06.069Z,2026-07-30T07:36:06.069Z,3,0.03,23.0,59
2026-07-30T07:36:06.233Z,2026-07-30T07:37:06.233Z,2,0.02,23.0,59
2026-07-30T07:48:07.707Z,2026-07-30T07:49:07.707Z,2,0.063,23.0,59
2026-07-30T07:49:07.871Z,2026-07-30T07:50:07.871Z,2,0.043,23.0,59
2026-07-30T07:50:08.036Z,2026-07-30T07:51:08.036Z,1,0.16,23.0,59
2026-07-30T08:14:11.084Z,2026-07-30T08:15:11.084Z,0,0.007,23.0,59
2026-07-30T11:41:37.727Z,2026-07-30T11:42:37.727Z,0,0.003,23.0,59
2026-07-30T12:05:40.875Z,2026-07-30T12:06:40.875Z,0,0.003,23.0,59
2026-07-30T13:37:52.706Z,2026-07-30T13:38:52.706Z,0,0.003,23.0,59
2026-07-30T15:14:05.095Z,2026-07-30T15:15:05.095Z,0,0.003,23.0,59
2026-07-30T15:59:10.898Z,2026-07-30T16:00:10.898Z,0,0.003,23.0,59
2026-07-30T18:54:33.678Z,2026-07-30T18:55:33.678Z,0,0.003,23.0,59
2026-07-30T19:22:37.301Z,2026-07-30T19:23:37.301Z,1,0.003,23.0,59
2026-07-30T19:24:37.630Z,2026-07-30T19:25:37.630Z,1,0.0,23.0,59
2026-07-30T19:25:37.694Z,2026-07-30T19:26:37.694Z,2,0.066,23.0,59
2026-07-30T19:26:37.858Z,2026-07-30T19:27:37.858Z,1,0.0,23.0,59
2026-07-30T19:27:37.923Z,2026-07-30T19:28:37.923Z,1,0.007,23.0,59
2026-07-30T22:24:00.651Z,2026-07-30T22:25:00.651Z,0,0.003,23.0,59
2026-07-30T22:35:02.061Z,2026-07-30T22:36:02.061Z,0,0.003,23.0,59
2026-07-30T22:46:03.470Z,2026-07-30T22:47:03.470Z,0,0.003,23.0,59
2026-07-30T22:47:03.634Z,2026-07-30T22:48:03.634Z,0,0.003,23.0,59
2026-07-30T22:54:04.484Z,2026-07-30T22:55:04.484Z,0,0.003,23.0,59
2026-07-30T23:03:05.665Z,2026-07-30T23:04:05.665Z,0,0.05,23.0,59
2026-07-30T23:04:05.829Z,2026-07-30T23:05:05.829Z,0,0.003,23.0,59
2026-07-30T23:59:12.875Z,2026-07-31T00:00:12.875Z,1,0.01,23.0,59
2026-07-31T00:05:13.661Z,2026-07-31T00:06:13.661Z,0,0.003,23.0,59
2026-07-31T00:28:16.644Z,2026-07-31T00:29:16.644Z,2,0.0,23.0,59
2026-07-31T01:02:21.036Z,2026-07-31T01:03:21.036Z,0,0.007,23.0,59
2026-07-31T01:14:22.510Z,2026-07-31T01:15:22.510Z,0,0.007,23.0,59
2026-07-31T01:16:22.839Z,2026-07-31T01:17:22.839Z,0,0.003,23.0,59
2026-07-31T01:18:23.069Z,2026-07-31T01:19:23.069Z,0,0.003,23.0,59
2026-07-31T01:19:23.233Z,2026-07-31T01:20:23.233Z,0,0.007,23.0,59
2026-07-31T01:49:27.065Z,2026-07-31T01:50:27.065Z,1,0.01,23.0,59
2026-07-31T01:50:27.230Z,2026-07-31T01:51:27.230Z,1,0.007,23.0,59
2026-07-31T02:19:30.900Z,2026-07-31T02:20:30.900Z,1,0.017,23.0,59
2026-07-31T02:31:32.497Z,2026-07-31T02:32:32.497Z,0,0.007,23.0,59
2026-07-31T02:35:33.055Z,2026-07-31T02:36:33.055Z,0,0.01,23.0,59
2026-07-31T02:52:35.252Z,2026-07-31T02:53:35.252Z,0,0.01,23.0,59
2026-07-31T02:58:36.039Z,2026-07-31T02:59:36.039Z,0,0.01,23.0,59
2026-07-31T02:59:36.102Z,2026-07-31T03:00:36.102Z,0,0.007,23.0,59
2026-07-31T03:14:38.069Z,2026-07-31T03:15:38.069Z,1,0.01,23.0,59
2026-07-31T03:46:42.233Z,2026-07-31T03:47:42.233Z,1,0.007,23.0,59
2026-07-31T03:49:42.526Z,2026-07-31T03:50:42.526Z,1,0.01,23.0,59
2026-07-31T03:52:42.920Z,2026-07-31T03:53:42.920Z,0,0.007,23.0,59
2026-07-31T04:17:46.431Z,2026-07-31T04:18:46.431Z,3,0.263,23.0,59
2026-07-31T04:18:46.496Z,2026-07-31T04:19:46.496Z,2,0.15,23.0,59
2026-07-31T04:22:47.053Z,2026-07-31T04:23:47.053Z,2,0.023,23.0,59
2026-07-31T04:23:47.118Z,2026-07-31T04:24:47.118Z,0,0.003,23.0,59
2026-07-31T04:25:47.447Z,2026-07-31T04:26:47.447Z,1,0.013,23.0,59
2026-07-31T04:26:47.512Z,2026-07-31T04:27:47.512Z,1,0.017,23.0,59
2026-07-31T04:27:47.677Z,2026-07-31T04:28:47.677Z,0,0.003,23.0,59
2026-07-31T04:28:47.841Z,2026-07-31T04:29:47.841Z,1,0.01,23.0,59
2026-07-31T04:31:48.233Z,2026-07-31T04:32:48.233Z,1,0.007,23.0,59
2026-07-31T05:05:52.526Z,2026-07-31T05:06:52.526Z,1,0.033,23.0,59
2026-07-31T05:21:54.657Z,2026-07-31T05:22:54.657Z,1,0.007,23.0,59
2026-07-31T05:22:54.723Z,2026-07-31T05:23:54.723Z,0,0.007,23.0,59
2026-07-31T05:33:56.232Z,2026-07-31T05:34:56.232Z,0,0.007,23.0,59
2026-07-31T05:35:56.460Z,2026-07-31T05:36:56.460Z,2,0.033,23.0,59
2026-07-31T05:36:56.526Z,2026-07-31T05:37:56.526Z,0,0.01,23.0,59
2026-07-31T05:50:58.328Z,2026-07-31T05:51:58.328Z,1,0.013,23.0,59
2026-07-31T06:27:03.049Z,2026-07-31T06:28:03.049Z,1,0.01,23.0,59
2026-07-31T07:15:09.243Z,2026-07-31T07:16:09.243Z,1,0.017,23.0,59
2026-07-31T09:43:28.257Z,2026-07-31T09:44:28.257Z,0,0.05,23.0,59
2026-07-31T09:44:28.322Z,2026-07-31T09:45:28.322Z,0,0.249,23.0,59
2026-07-31T09:45:28.486Z,2026-07-31T09:46:28.486Z,0,0.053,23.0,59
2026-07-31T10:00:30.453Z,2026-07-31T10:01:30.453Z,0,0.003,23.0,59
