timestamp_start,timestamp_end,entrances,avg_occupancy,temp_c,humidity_pct
2026-04-30T19:15:54.874Z,2026-04-30T19:16:54.874Z,1,0.173,20.94,51
2026-04-30T19:16:54.938Z,2026-04-30T19:17:54.938Z,7,0.472,20.94,51
2026-04-30T19:17:55.102Z,2026-04-30T19:18:55.102Z,0,0.017,20.94,51
2026-04-30T19:18:55.167Z,2026-04-30T19:19:55.167Z,2,0.103,20.94,51
2026-05-01T06:12:19.302Z,2026-05-01T06:13:19.302Z,0,0.003,20.94,51
2026-05-01T06:37:22.513Z,2026-05-01T06:38:22.513Z,0,0.02,20.94,51
2026-05-01T06:38:22.678Z,2026-05-01T06:39:22.678Z,0,0.227,20.94,51
2026-05-01T06:39:22.743Z,2026-05-01T06:40:22.743Z,0,0.309,20.94,51
2026-05-01T06:41:23.072Z,2026-05-01T06:42:23.072Z,0,0.053,20.94,51
2026-05-01T06:42:23.137Z,2026-05-01T06:43:23.137Z,0,0.037,20.94,51
2026-05-01T06:43:23.301Z,2026-05-01T06:44:23.301Z,0,0.003,20.94,51
2026-05-01T23:36:33.684Z,2026-05-01T23:37:33.684Z,0,0.113,20.94,51
2026-05-02T05:41:20.750Z,2026-05-02T05:42:20.750Z,0,0.013,20.94,51
2026-05-03T05:48:26.944Z,2026-05-03T05:49:26.944Z,0,0.213,20.94,51
2026-05-03T06:27:31.959Z,2026-05-03T06:28:31.959Z,0,0.023,20.94,51
2026-05-03T06:29:32.288Z,2026-05-03T06:30:32.288Z,1,0.053,20.94,51
2026-05-03T06:30:32.352Z,2026-05-03T06:31:32.352Z,0,0.05,20.94,51
2026-05-03T19:11:10.289Z,2026-05-03T19:12:10.289Z,1,0.33,20.94,51
2026-05-03T19:12:10.354Z,2026-05-03T19:13:10.354Z,6,0.309,20.94,51
2026-05-04T01:07:56.150Z,2026-05-04T01:08:56.150Z,1,0.316,20.94,51
2026-05-04T01:11:56.707Z,2026-05-04T01:12:56.707Z,2,0.12,20.94,51
2026-05-04T01:12:56.872Z,2026-05-04T01:13:56.872Z,2,0.03,20.94,51
2026-05-04T01:13:56.937Z,2026-05-04T01:14:56.937Z,1,0.033,20.94,51
2026-05-04T01:14:57.092Z,2026-05-04T01:15:57.092Z,0,0.007,20.94,51
2026-05-04T01:24:58.338Z,2026-05-04T01:25:58.338Z,0,0.007,20.94,51
2026-05-04T01:25:58.502Z,2026-05-04T01:26:58.502Z,0,0.027,20.94,51
2026-05-04T01:39:00.140Z,2026-05-04T01:40:00.140Z,0,0.017,20.94,51
2026-05-04T01:40:00.305Z,2026-05-04T01:41:00.305Z,1,0.023,20.94,51
2026-05-04T01:51:01.713Z,2026-05-04T01:52:01.713Z,1,0.066,20.94,51
2026-05-04T01:52:01.878Z,2026-05-04T01:53:01.878Z,2,0.537,20.94,51
2026-05-04T01:53:01.943Z,2026-05-04T01:54:01.943Z,1,0.03,20.94,51
2026-05-04T02:11:04.302Z,2026-05-04T02:12:04.302Z,1,0.177,20.94,51
2026-05-04T02:12:04.367Z,2026-05-04T02:13:04.367Z,1,0.233,20.94,51
2026-05-04T02:17:05.089Z,2026-05-04T02:18:05.089Z,1,0.163,20.94,51
2026-05-04T02:18:05.154Z,2026-05-04T02:19:05.154Z,1,0.096,20.94,51
2026-05-04T02:19:05.326Z,2026-05-04T02:20:05.326Z,0,0.013,20.94,51
2026-05-04T02:20:05.490Z,2026-05-04T02:21:05.490Z,2,0.05,20.94,51
2026-05-04T02:22:05.720Z,2026-05-04T02:23:05.720Z,0,0.007,20.94,51
2026-05-04T02:27:06.342Z,2026-05-04T02:28:06.342Z,1,0.073,20.94,51
2026-05-04T02:31:06.900Z,2026-05-04T02:32:06.900Z,0,0.023,20.94,51
2026-05-04T02:32:06.964Z,2026-05-04T02:33:06.964Z,0,0.03,20.94,51
2026-05-04T03:03:11.071Z,2026-05-04T03:04:11.071Z,0,0.033,20.94,51
2026-05-04T03:11:12.086Z,2026-05-04T03:12:12.086Z,2,0.087,20.94,51
2026-05-04T03:13:12.315Z,2026-05-04T03:14:12.315Z,1,0.083,20.94,51
2026-05-04T03:23:13.559Z,2026-05-04T03:24:13.559Z,2,0.05,20.94,51
2026-05-04T03:26:13.953Z,2026-05-04T03:27:13.953Z,1,0.096,20.94,51
2026-05-04T03:27:14.118Z,2026-05-04T03:28:14.118Z,0,1.047,20.94,51
2026-05-04T03:28:14.282Z,2026-05-04T03:29:14.282Z,0,1.0,20.94,51
2026-05-04T03:29:14.338Z,2026-05-04T03:30:14.338Z,0,0.781,20.94,51
2026-05-04T03:33:14.895Z,2026-05-04T03:34:14.895Z,1,0.05,20.94,51
2026-05-04T03:34:14.960Z,2026-05-04T03:35:14.960Z,0,0.03,20.94,51
2026-05-04T04:08:19.351Z,2026-05-04T04:09:19.351Z,1,0.053,20.94,51
2026-05-04T04:09:19.516Z,2026-05-04T04:10:19.516Z,0,0.209,20.94,51
2026-05-04T04:13:20.073Z,2026-05-04T04:14:20.073Z,0,0.067,20.94,51
2026-05-04T04:14:20.138Z,2026-05-04T04:15:20.138Z,0,0.01,20.94,51
2026-05-04T04:33:22.555Z,2026-05-04T04:34:22.555Z,0,0.003,20.94,51
2026-05-04T05:10:27.539Z,2026-05-04T05:11:27.539Z,2,0.103,20.94,51
2026-05-04T05:16:28.325Z,2026-05-04T05:17:28.325Z,2,0.043,20.94,51
2026-05-04T05:17:28.490Z,2026-05-04T05:18:28.490Z,2,0.173,20.94,51
2026-05-04T05:20:28.884Z,2026-05-04T05:21:28.884Z,1,0.12,20.94,51
2026-05-04T05:25:29.506Z,2026-05-04T05:26:29.506Z,1,0.043,20.94,51
2026-05-04T05:33:30.522Z,2026-05-04T05:34:30.522Z,3,0.468,20.94,51
2026-05-04T05:34:30.687Z,2026-05-04T05:35:30.687Z,0,0.143,20.94,51
2026-05-04T05:38:31.144Z,2026-05-04T05:39:31.144Z,2,0.08,20.94,51
2026-05-04T05:41:31.538Z,2026-05-04T05:42:31.538Z,2,0.073,20.94,51
2026-05-04T05:43:31.766Z,2026-05-04T05:44:31.766Z,1,0.093,20.94,51
2026-05-04T05:47:32.325Z,2026-05-04T05:48:32.325Z,0,0.003,20.94,51
2026-05-04T05:50:32.717Z,2026-05-04T05:51:32.717Z,3,0.136,20.94,51
2026-05-04T05:51:32.882Z,2026-05-04T05:52:32.882Z,0,0.02,20.94,51
2026-05-04T05:52:32.947Z,2026-05-04T05:53:32.947Z,1,0.003,20.94,51
2026-05-04T05:57:33.569Z,2026-05-04T05:58:33.569Z,2,0.047,20.94,51
2026-05-04T05:58:33.733Z,2026-05-04T05:59:33.733Z,0,0.007,20.94,51
2026-05-04T05:59:33.898Z,2026-05-04T06:00:33.898Z,2,0.013,20.94,51
2026-05-04T06:00:33.963Z,2026-05-04T06:01:33.963Z,2,0.013,20.94,51
2026-05-04T06:01:34.127Z,2026-05-04T06:02:34.127Z,4,0.113,20.94,51
2026-05-04T06:03:34.355Z,2026-05-04T06:04:34.355Z,1,0.04,20.94,51
2026-05-04T06:04:34.520Z,2026-05-04T06:05:34.520Z,1,0.013,20.94,51
2026-05-04T06:05:34.684Z,2026-05-04T06:06:34.684Z,5,0.227,20.94,51
2026-05-04T06:06:34.750Z,2026-05-04T06:07:34.750Z,1,0.066,20.94,51
2026-05-04T06:07:34.914Z,2026-05-04T06:08:34.914Z,1,0.03,20.94,51
2026-05-04T06:08:35.078Z,2026-05-04T06:09:35.078Z,1,0.333,20.94,51
2026-05-04T06:09:35.142Z,2026-05-04T06:10:35.142Z,3,0.668,20.94,51
2026-05-04T06:12:35.536Z,2026-05-04T06:13:35.536Z,1,0.193,20.94,51
2026-05-04T06:13:35.700Z,2026-05-04T06:14:35.700Z,0,0.003,20.94,51
2026-05-04T06:28:37.568Z,2026-05-04T06:29:37.568Z,0,0.013,20.94,51
2026-05-04T06:29:37.732Z,2026-05-04T06:30:37.732Z,2,0.043,20.94,51
2026-05-04T06:30:37.897Z,2026-05-04T06:31:37.897Z,4,0.077,20.94,51
2026-05-04T06:31:37.960Z,2026-05-04T06:32:37.960Z,2,0.086,20.94,51
2026-05-04T06:32:38.125Z,2026-05-04T06:33:38.125Z,2,0.056,20.94,51
2026-05-04T06:35:38.519Z,2026-05-04T06:36:38.519Z,3,0.133,20.94,51
2026-05-04T06:36:38.684Z,2026-05-04T06:37:38.684Z,0,0.03,20.94,51
2026-05-04T06:37:38.747Z,2026-05-04T06:38:38.747Z,0,0.023,20.94,51
2026-05-04T06:38:38.913Z,2026-05-04T06:39:38.913Z,0,0.047,20.94,51
2026-05-04T06:39:39.076Z,2026-05-04T06:40:39.076Z,0,0.387,20.94,51
2026-05-04T06:40:39.141Z,2026-05-04T06:41:39.141Z,0,0.116,20.94,51
2026-05-04T06:41:39.305Z,2026-05-04T06:42:39.305Z,0,0.452,20.94,51
2026-05-04T06:42:39.470Z,2026-05-04T06:43:39.470Z,1,0.847,20.94,51
2026-05-04T06:43:39.535Z,2026-05-04T06:44:39.535Z,1,0.578,20.94,51
2026-05-04T06:44:39.698Z,2026-05-04T06:45:39.698Z,2,0.413,20.94,51
2026-05-04T06:45:39.763Z,2026-05-04T06:46:39.763Z,2,0.219,20.94,51
2026-05-04T06:46:39.927Z,2026-05-04T06:47:39.927Z,0,0.372,20.94,51
2026-05-04T06:47:40.092Z,2026-05-04T06:48:40.092Z,0,0.75,20.94,51
2026-05-04T06:48:40.157Z,2026-05-04T06:49:40.157Z,0,0.551,20.94,51
2026-05-04T06:49:40.322Z,2026-05-04T06:50:40.322Z,0,0.711,20.94,51
2026-05-04T06:50:40.486Z,2026-05-04T06:51:40.486Z,1,0.763,20.94,51
2026-05-04T06:51:40.551Z,2026-05-04T06:52:40.551Z,0,0.306,20.94,51
2026-05-04T06:52:40.714Z,2026-05-04T06:53:40.714Z,0,0.05,20.94,51
2026-05-04T06:53:40.880Z,2026-05-04T06:54:40.880Z,0,0.17,20.94,51
2026-05-04T06:54:40.944Z,2026-05-04T06:55:40.944Z,0,0.372,20.94,51
2026-05-04T06:55:41.108Z,2026-05-04T06:56:41.108Z,0,0.728,20.94,51
2026-05-04T06:56:41.273Z,2026-05-04T06:57:41.273Z,0,0.847,20.94,51
2026-05-04T06:57:41.338Z,2026-05-04T06:58:41.338Z,1,0.581,20.94,51
2026-05-04T06:58:41.502Z,2026-05-04T06:59:41.502Z,0,0.037,20.94,51
2026-05-04T06:59:41.565Z,2026-05-04T07:00:41.565Z,0,0.017,20.94,51
2026-05-04T07:00:41.730Z,2026-05-04T07:01:41.730Z,0,0.086,20.94,51
2026-05-04T07:01:41.894Z,2026-05-04T07:02:41.894Z,0,0.147,20.94,51
2026-05-04T07:02:41.960Z,2026-05-04T07:03:41.960Z,2,0.186,20.94,51
2026-05-04T07:03:42.124Z,2026-05-04T07:04:42.124Z,1,0.326,20.94,51
2026-05-04T07:04:42.289Z,2026-05-04T07:05:42.289Z,0,0.037,20.94,51
2026-05-04T07:05:42.352Z,2026-05-04T07:06:42.352Z,0,0.199,20.94,51
2026-05-04T07:06:42.517Z,2026-05-04T07:07:42.517Z,0,0.309,20.94,51
2026-05-04T07:07:42.681Z,2026-05-04T07:08:42.681Z,0,0.203,20.94,51
2026-05-04T07:08:42.746Z,2026-05-04T07:09:42.746Z,0,0.056,20.94,51
2026-05-04T07:09:42.911Z,2026-05-04T07:10:42.911Z,0,0.123,20.94,51
2026-05-04T07:10:43.075Z,2026-05-04T07:11:43.075Z,0,0.237,20.94,51
2026-05-04T07:11:43.140Z,2026-05-04T07:12:43.140Z,0,0.674,20.94,51
2026-05-04T07:12:43.305Z,2026-05-04T07:13:43.305Z,0,0.343,20.94,51
2026-05-04T07:13:43.368Z,2026-05-04T07:14:43.368Z,0,0.189,20.94,51
2026-05-04T07:14:43.533Z,2026-05-04T07:15:43.533Z,0,0.093,20.94,51
2026-05-04T07:15:43.697Z,2026-05-04T07:16:43.697Z,1,0.653,20.94,51
2026-05-04T07:16:43.763Z,2026-05-04T07:17:43.763Z,4,1.113,20.94,51
2026-05-04T07:17:43.927Z,2026-05-04T07:18:43.927Z,3,1.09,20.94,51
2026-05-04T07:18:44.091Z,2026-05-04T07:19:44.091Z,2,1.18,20.94,51
2026-05-04T07:19:44.155Z,2026-05-04T07:20:44.155Z,3,1.492,20.94,51
2026-05-04T07:20:44.319Z,2026-05-04T07:21:44.319Z,2,0.907,20.94,51
2026-05-04T07:21:44.484Z,2026-05-04T07:22:44.484Z,5,1.66,20.94,51
2026-05-04T07:22:44.549Z,2026-05-04T07:23:44.549Z,5,1.316,20.94,51
2026-05-04T07:23:44.713Z,2026-05-04T07:24:44.713Z,3,0.993,20.94,51
2026-05-04T07:24:44.878Z,2026-05-04T07:25:44.878Z,7,1.38,20.94,51
2026-05-04T07:25:44.943Z,2026-05-04T07:26:44.943Z,12,1.678,20.94,51
2026-05-04T07:26:45.107Z,2026-05-04T07:27:45.107Z,2,1.385,20.94,51
2026-05-04T07:27:45.272Z,2026-05-04T07:28:45.272Z,5,2.097,20.94,51
2026-05-04T07:28:45.335Z,2026-05-04T07:29:45.335Z,11,1.548,20.94,51
2026-05-04T07:29:45.500Z,2026-05-04T07:30:45.500Z,8,1.393,20.94,51
2026-05-04T07:30:45.565Z,2026-05-04T07:31:45.565Z,7,1.658,20.94,51
2026-05-04T07:31:45.729Z,2026-05-04T07:32:45.729Z,4,1.611,20.94,51
2026-05-04T07:32:45.894Z,2026-05-04T07:33:45.894Z,6,1.23,20.94,51
2026-05-04T07:33:45.957Z,2026-05-04T07:34:45.957Z,1,0.963,20.94,51
2026-05-04T07:34:46.122Z,2026-05-04T07:35:46.122Z,2,1.196,20.94,51
2026-05-04T07:35:46.286Z,2026-05-04T07:36:46.286Z,2,1.03,20.94,51
2026-05-04T07:36:46.351Z,2026-05-04T07:37:46.351Z,4,1.282,20.94,51
2026-05-04T07:37:46.516Z,2026-05-04T07:38:46.516Z,3,1.116,20.94,51
2026-05-04T07:38:46.680Z,2026-05-04T07:39:46.680Z,6,1.25,20.94,51
2026-05-04T07:39:46.744Z,2026-05-04T07:40:46.744Z,4,1.339,20.94,51
2026-05-04T07:40:46.908Z,2026-05-04T07:41:46.908Z,4,1.256,20.94,51
2026-05-04T07:41:47.073Z,2026-05-04T07:42:47.073Z,0,1.27,20.94,51
2026-05-04T07:42:47.138Z,2026-05-04T07:43:47.138Z,4,1.0,20.94,51
2026-05-04T07:43:47.302Z,2026-05-04T07:44:47.302Z,0,0.963,20.94,51
2026-05-04T07:44:47.367Z,2026-05-04T07:45:47.367Z,8,0.598,20.94,51
2026-05-04T07:45:47.532Z,2026-05-04T07:46:47.532Z,0,0.063,20.94,51
2026-05-04T07:46:47.696Z,2026-05-04T07:47:47.696Z,2,0.237,20.94,51
2026-05-04T07:47:47.760Z,2026-05-04T07:48:47.760Z,2,0.289,20.94,51
2026-05-04T07:48:47.924Z,2026-05-04T07:49:47.924Z,2,0.193,20.94,51
2026-05-04T07:49:48.089Z,2026-05-04T07:50:48.089Z,1,0.043,20.94,51
2026-05-04T07:50:48.154Z,2026-05-04T07:51:48.154Z,0,0.066,20.94,51
2026-05-04T07:51:48.318Z,2026-05-04T07:52:48.318Z,1,0.09,20.94,51
2026-05-04T07:52:48.483Z,2026-05-04T07:53:48.483Z,0,0.12,20.94,51
2026-05-04T07:53:48.546Z,2026-05-04T07:54:48.546Z,0,0.037,20.94,51
2026-05-04T07:54:48.711Z,2026-05-04T07:55:48.711Z,0,0.262,20.94,51
2026-05-04T07:55:48.875Z,2026-05-04T07:56:48.875Z,0,0.33,20.94,51
2026-05-04T07:56:48.940Z,2026-05-04T07:57:48.940Z,0,0.027,20.94,51
2026-05-04T07:57:49.105Z,2026-05-04T07:58:49.105Z,0,0.013,20.94,51
2026-05-04T07:58:49.170Z,2026-05-04T07:59:49.170Z,0,0.189,20.94,51
2026-05-04T07:59:49.334Z,2026-05-04T08:00:49.334Z,1,0.163,20.94,51
2026-05-04T08:00:49.499Z,2026-05-04T08:01:49.499Z,2,0.06,20.94,51
2026-05-04T08:02:49.726Z,2026-05-04T08:03:49.726Z,0,0.013,20.94,51
2026-05-04T08:03:49.891Z,2026-05-04T08:04:49.891Z,0,0.05,20.94,51
2026-05-04T08:04:49.956Z,2026-05-04T08:05:49.956Z,1,0.073,20.94,51
2026-05-04T08:05:50.121Z,2026-05-04T08:06:50.121Z,1,0.037,20.94,51
2026-05-04T08:06:50.285Z,2026-05-04T08:07:50.285Z,1,0.1,20.94,51
2026-05-04T08:07:50.349Z,2026-05-04T08:08:50.349Z,1,0.405,20.94,51
2026-05-04T08:08:50.513Z,2026-05-04T08:09:50.513Z,0,0.196,20.94,51
2026-05-04T08:09:50.678Z,2026-05-04T08:10:50.678Z,0,0.553,20.94,51
2026-05-04T08:10:50.743Z,2026-05-04T08:11:50.743Z,2,0.764,20.94,51
2026-05-04T08:11:50.907Z,2026-05-04T08:12:50.907Z,3,0.738,20.94,51
2026-05-04T08:12:51.072Z,2026-05-04T08:13:51.072Z,0,0.76,20.94,51
2026-05-04T08:13:51.137Z,2026-05-04T08:14:51.137Z,1,0.076,20.94,51
2026-05-04T08:14:51.301Z,2026-05-04T08:15:51.301Z,0,0.15,20.94,51
2026-05-04T08:16:51.529Z,2026-05-04T08:17:51.529Z,0,0.003,20.94,51
2026-05-04T08:17:51.694Z,2026-05-04T08:18:51.694Z,0,0.157,20.94,51
2026-05-04T08:18:51.759Z,2026-05-04T08:19:51.759Z,0,0.073,20.94,51
2026-05-04T08:19:51.923Z,2026-05-04T08:20:51.923Z,2,0.412,20.94,51
2026-05-04T08:20:52.088Z,2026-05-04T08:21:52.088Z,1,0.41,20.94,51
2026-05-04T08:21:52.151Z,2026-05-04T08:22:52.151Z,0,0.163,20.94,51
2026-05-04T08:22:52.316Z,2026-05-04T08:23:52.316Z,0,0.296,20.94,51
2026-05-04T08:23:52.480Z,2026-05-04T08:24:52.480Z,0,0.29,20.94,51
2026-05-04T08:24:52.545Z,2026-05-04T08:25:52.545Z,0,0.449,20.94,51
2026-05-04T08:25:52.710Z,2026-05-04T08:26:52.710Z,0,0.542,20.94,51
2026-05-04T08:26:52.874Z,2026-05-04T08:27:52.874Z,0,0.283,20.94,51
2026-05-04T08:27:52.938Z,2026-05-04T08:28:52.938Z,1,0.262,20.94,51
2026-05-04T08:28:53.102Z,2026-05-04T08:29:53.102Z,3,0.8,20.94,51
2026-05-04T08:29:53.167Z,2026-05-04T08:30:53.167Z,1,0.791,20.94,51
2026-05-04T08:30:53.332Z,2026-05-04T08:31:53.332Z,1,0.884,20.94,51
2026-05-04T08:31:53.496Z,2026-05-04T08:32:53.496Z,0,0.79,20.94,51
2026-05-04T08:32:53.561Z,2026-05-04T08:33:53.561Z,1,0.455,20.94,51
2026-05-04T08:33:53.726Z,2026-05-04T08:34:53.726Z,0,0.402,20.94,51
2026-05-04T08:34:53.890Z,2026-05-04T08:35:53.890Z,3,0.207,20.94,51
2026-05-04T08:35:53.953Z,2026-05-04T08:36:53.953Z,1,0.176,20.94,51
2026-05-04T08:36:54.118Z,2026-05-04T08:37:54.118Z,0,0.352,20.94,51
2026-05-04T08:37:54.283Z,2026-05-04T08:38:54.283Z,0,0.777,20.94,51
2026-05-04T08:38:54.348Z,2026-05-04T08:39:54.348Z,2,0.701,20.94,51
2026-05-04T08:39:54.512Z,2026-05-04T08:40:54.512Z,3,0.944,20.94,51
2026-05-04T08:40:54.677Z,2026-05-04T08:41:54.677Z,4,0.277,20.94,51
2026-05-04T08:41:54.740Z,2026-05-04T08:42:54.740Z,1,0.04,20.94,51
2026-05-04T08:42:54.905Z,2026-05-04T08:43:54.905Z,2,0.257,20.94,51
2026-05-04T08:43:54.970Z,2026-05-04T08:44:54.970Z,0,0.186,20.94,51
2026-05-04T08:44:55.134Z,2026-05-04T08:45:55.134Z,0,0.017,20.94,51
2026-05-04T08:46:55.362Z,2026-05-04T08:47:55.362Z,0,0.007,20.94,51
2026-05-04T08:48:55.691Z,2026-05-04T08:49:55.691Z,0,0.003,20.94,51
2026-05-04T08:50:55.921Z,2026-05-04T08:51:55.921Z,0,0.02,20.94,51
2026-05-04T09:08:58.280Z,2026-05-04T09:09:58.280Z,0,0.007,20.94,51
2026-05-04T09:09:58.345Z,2026-05-04T09:10:58.345Z,0,0.053,20.94,51
2026-05-04T09:10:58.509Z,2026-05-04T09:11:58.509Z,0,0.01,20.94,51
2026-05-04T09:11:58.674Z,2026-05-04T09:12:58.674Z,0,0.01,20.94,51
2026-05-04T09:19:59.690Z,2026-05-04T09:20:59.690Z,0,0.003,20.94,51
2026-05-04T09:20:59.755Z,2026-05-04T09:21:59.755Z,0,0.01,20.94,51
2026-05-04T09:21:59.918Z,2026-05-04T09:22:59.918Z,0,0.003,20.94,51
2026-05-04T09:25:00.312Z,2026-05-04T09:26:00.312Z,0,0.003,20.94,51
2026-05-04T09:30:00.934Z,2026-05-04T09:31:00.934Z,0,0.023,20.94,51
2026-05-04T09:32:01.163Z,2026-05-04T09:33:01.163Z,0,0.03,20.94,51
2026-05-04T09:33:01.328Z,2026-05-04T09:34:01.328Z,0,0.02,20.94,51
2026-05-04T09:34:01.492Z,2026-05-04T09:35:01.492Z,0,0.007,20.94,51
2026-05-04T09:35:01.556Z,2026-05-04T09:36:01.556Z,0,0.007,20.94,51
2026-05-04T10:05:05.490Z,2026-05-04T10:06:05.490Z,1,0.057,20.94,51
2026-05-04T10:50:11.289Z,2026-05-04T10:51:11.289Z,0,0.003,20.94,51
2026-05-04T11:26:15.910Z,2026-05-04T11:27:15.910Z,2,0.03,20.94,51
2026-05-04T19:16:16.338Z,2026-05-04T19:17:16.338Z,1,0.0,20.94,51
2026-05-04T19:17:16.502Z,2026-05-04T19:18:16.502Z,3,0.317,20.94,51
2026-05-04T23:10:46.538Z,2026-05-04T23:11:46.538Z,0,0.007,20.94,51
2026-05-04T23:11:46.684Z,2026-05-04T23:12:46.684Z,0,0.02,20.94,51
2026-05-04T23:12:46.750Z,2026-05-04T23:13:46.750Z,0,0.076,20.94,51
2026-05-04T23:13:46.914Z,2026-05-04T23:14:46.914Z,0,0.15,20.94,51
2026-05-04T23:14:47.078Z,2026-05-04T23:15:47.078Z,0,0.067,20.94,51
2026-05-04T23:15:47.142Z,2026-05-04T23:16:47.142Z,0,0.083,20.94,51
2026-05-04T23:16:47.308Z,2026-05-04T23:17:47.308Z,0,0.226,20.94,51
2026-05-04T23:17:47.471Z,2026-05-04T23:18:47.471Z,0,0.143,20.94,51
2026-05-04T23:18:47.536Z,2026-05-04T23:19:47.536Z,0,0.03,20.94,51
2026-05-04T23:19:47.700Z,2026-05-04T23:20:47.700Z,0,0.053,20.94,51
2026-05-04T23:20:47.766Z,2026-05-04T23:21:47.766Z,0,0.037,20.94,51
2026-05-04T23:21:47.930Z,2026-05-04T23:22:47.930Z,0,0.063,20.94,51
2026-05-04T23:22:48.094Z,2026-05-04T23:23:48.094Z,0,0.08,20.94,51
2026-05-04T23:23:48.158Z,2026-05-04T23:24:48.158Z,0,0.09,20.94,51
2026-05-04T23:24:48.322Z,2026-05-04T23:25:48.322Z,0,0.06,20.94,51
2026-05-04T23:25:48.487Z,2026-05-04T23:26:48.487Z,0,0.077,20.94,51
2026-05-04T23:26:48.552Z,2026-05-04T23:27:48.552Z,0,0.096,20.94,51
2026-05-04T23:27:48.717Z,2026-05-04T23:28:48.717Z,0,0.003,20.94,51
2026-05-04T23:28:48.881Z,2026-05-04T23:29:48.881Z,0,0.003,20.94,51
2026-05-04T23:29:48.946Z,2026-05-04T23:30:48.946Z,0,0.003,20.94,51
2026-05-04T23:31:49.275Z,2026-05-04T23:32:49.275Z,0,0.007,20.94,51
2026-05-04T23:33:49.503Z,2026-05-04T23:34:49.503Z,0,0.02,20.94,51
2026-05-05T01:08:01.760Z,2026-05-05T01:09:01.760Z,1,0.379,20.94,51
2026-05-05T01:31:04.743Z,2026-05-05T01:32:04.743Z,2,0.266,20.94,51
2026-05-05T02:15:24.369Z,2026-05-05T02:16:24.369Z,1,0.033,20.94,51
2026-05-05T02:29:26.272Z,2026-05-05T02:30:26.272Z,1,0.047,20.94,51
2026-05-05T02:30:26.336Z,2026-05-05T02:31:26.336Z,1,0.013,20.94,51
2026-05-05T02:33:26.730Z,2026-05-05T02:34:26.730Z,0,0.017,20.94,51
2026-05-05T02:35:26.959Z,2026-05-05T02:36:26.959Z,0,0.02,20.94,51
2026-05-05T02:36:27.122Z,2026-05-05T02:37:27.122Z,0,0.017,20.94,51
2026-05-05T02:37:27.288Z,2026-05-05T02:38:27.288Z,0,0.04,20.94,51
2026-05-05T02:38:27.351Z,2026-05-05T02:39:27.351Z,0,0.01,20.94,51
2026-05-05T02:40:27.680Z,2026-05-05T02:41:27.680Z,0,0.007,20.94,51
2026-05-05T02:47:28.532Z,2026-05-05T02:48:28.532Z,0,0.007,20.94,51
2026-05-05T02:50:28.924Z,2026-05-05T02:51:28.924Z,0,0.007,20.94,51
2026-05-05T02:57:29.875Z,2026-05-05T02:58:29.875Z,0,0.04,20.94,51
2026-05-05T03:03:30.562Z,2026-05-05T03:04:30.562Z,2,0.096,20.94,51
2026-05-05T03:08:31.285Z,2026-05-05T03:09:31.285Z,4,0.15,20.94,51
2026-05-05T03:09:31.349Z,2026-05-05T03:10:31.349Z,3,0.289,20.94,51
2026-05-05T03:10:31.513Z,2026-05-05T03:11:31.513Z,3,0.777,20.94,51
2026-05-05T03:11:31.677Z,2026-05-05T03:12:31.677Z,2,0.863,20.94,51
2026-05-05T03:12:31.743Z,2026-05-05T03:13:31.743Z,1,0.681,20.94,51
2026-05-05T03:13:31.907Z,2026-05-05T03:14:31.907Z,4,1.056,20.94,51
2026-05-05T03:14:32.072Z,2026-05-05T03:15:32.072Z,3,0.687,20.94,51
2026-05-05T03:15:32.135Z,2026-05-05T03:16:32.135Z,0,0.08,20.94,51
2026-05-05T03:16:32.301Z,2026-05-05T03:17:32.301Z,1,0.087,20.94,51
2026-05-05T03:17:32.365Z,2026-05-05T03:18:32.365Z,0,0.086,20.94,51
2026-05-05T03:18:32.529Z,2026-05-05T03:19:32.529Z,0,0.047,20.94,51
2026-05-05T03:19:32.694Z,2026-05-05T03:20:32.694Z,0,0.007,20.94,51
2026-05-05T03:20:32.759Z,2026-05-05T03:21:32.759Z,0,0.007,20.94,51
2026-05-05T03:21:32.923Z,2026-05-05T03:22:32.923Z,2,0.306,20.94,51
2026-05-05T03:22:33.086Z,2026-05-05T03:23:33.086Z,2,0.087,20.94,51
2026-05-05T03:27:33.710Z,2026-05-05T03:28:33.710Z,0,0.003,20.94,51
2026-05-05T03:43:35.740Z,2026-05-05T03:44:35.740Z,0,0.013,20.94,51
2026-05-05T03:44:35.904Z,2026-05-05T03:45:35.904Z,1,0.013,20.94,51
2026-05-05T03:46:36.134Z,2026-05-05T03:47:36.134Z,0,0.01,20.94,51
2026-05-05T04:14:39.739Z,2026-05-05T04:15:39.739Z,2,0.113,20.94,51
2026-05-05T04:28:41.540Z,2026-05-05T04:29:41.540Z,1,0.03,20.94,51
2026-05-05T04:34:42.328Z,2026-05-05T04:35:42.328Z,0,0.007,20.94,51
2026-05-05T04:35:42.493Z,2026-05-05T04:36:42.493Z,0,0.01,20.94,51
2026-05-05T04:38:42.885Z,2026-05-05T04:39:42.885Z,1,0.017,20.94,51
2026-05-05T04:40:43.115Z,2026-05-05T04:41:43.115Z,0,0.007,20.94,51
2026-05-05T04:41:43.279Z,2026-05-05T04:42:43.279Z,2,0.047,20.94,51
2026-05-05T04:42:43.344Z,2026-05-05T04:43:43.344Z,1,0.033,20.94,51
2026-05-05T04:43:43.507Z,2026-05-05T04:44:43.507Z,0,0.013,20.94,51
2026-05-05T04:45:43.736Z,2026-05-05T04:46:43.736Z,1,0.053,20.94,51
2026-05-05T04:46:43.901Z,2026-05-05T04:47:43.901Z,2,0.043,20.94,51
2026-05-05T04:47:43.966Z,2026-05-05T04:48:43.966Z,0,0.003,20.94,51
2026-05-05T05:42:12.533Z,2026-05-05T05:43:12.533Z,1,0.02,20.94,51
2026-05-05T05:58:14.565Z,2026-05-05T05:59:14.565Z,0,0.003,20.94,51
2026-05-05T06:01:14.959Z,2026-05-05T06:02:14.959Z,1,0.027,20.94,51
2026-05-05T06:02:15.124Z,2026-05-05T06:03:15.124Z,0,0.01,20.94,51
2026-05-05T06:12:16.368Z,2026-05-05T06:13:16.368Z,3,0.262,20.94,51
2026-05-05T06:13:16.532Z,2026-05-05T06:14:16.532Z,2,0.369,20.94,51
2026-05-05T06:14:16.697Z,2026-05-05T06:15:16.697Z,4,0.183,20.94,51
2026-05-05T06:22:17.713Z,2026-05-05T06:23:17.713Z,1,0.03,20.94,51
2026-05-05T06:36:19.515Z,2026-05-05T06:37:19.515Z,0,0.003,20.94,51
2026-05-05T06:38:19.743Z,2026-05-05T06:39:19.743Z,0,0.003,20.94,51
2026-05-05T06:39:19.908Z,2026-05-05T06:40:19.908Z,0,0.003,20.94,51
2026-05-05T06:43:20.367Z,2026-05-05T06:44:20.367Z,0,0.003,20.94,51
2026-05-05T06:58:22.332Z,2026-05-05T06:59:22.332Z,0,0.007,20.94,51
2026-05-05T07:11:24.071Z,2026-05-05T07:12:24.071Z,0,0.007,20.94,51
2026-05-05T07:28:26.167Z,2026-05-05T07:29:26.167Z,0,0.003,20.94,51
2026-05-05T07:34:26.953Z,2026-05-05T07:35:26.953Z,2,0.096,20.94,51
2026-05-05T07:44:28.298Z,2026-05-05T07:45:28.298Z,1,0.06,20.94,51
2026-05-05T07:45:28.362Z,2026-05-05T07:46:28.362Z,4,0.163,20.94,51
2026-05-05T07:50:29.085Z,2026-05-05T07:51:29.085Z,2,0.223,20.94,51
2026-05-05T07:51:29.150Z,2026-05-05T07:52:29.150Z,0,0.003,20.94,51
2026-05-05T07:54:29.542Z,2026-05-05T07:55:29.542Z,0,0.007,20.94,51
2026-05-05T08:11:31.739Z,2026-05-05T08:12:31.739Z,3,0.183,20.94,51
2026-05-05T08:12:31.903Z,2026-05-05T08:13:31.903Z,2,0.177,20.94,51
2026-05-05T08:13:31.967Z,2026-05-05T08:14:31.967Z,0,0.03,20.94,51
2026-05-05T08:14:32.131Z,2026-05-05T08:15:32.131Z,2,0.106,20.94,51
2026-05-05T08:15:32.296Z,2026-05-05T08:16:32.296Z,2,0.06,20.94,51
2026-05-05T08:16:32.361Z,2026-05-05T08:17:32.361Z,0,0.007,20.94,51
2026-05-05T08:17:32.526Z,2026-05-05T08:18:32.526Z,0,0.073,20.94,51
2026-05-05T08:18:32.690Z,2026-05-05T08:19:32.690Z,0,0.01,20.94,51
2026-05-05T08:19:32.753Z,2026-05-05T08:20:32.753Z,0,0.003,20.94,51
2026-05-05T08:20:32.918Z,2026-05-05T08:21:32.918Z,0,0.007,20.94,51
2026-05-05T08:21:33.082Z,2026-05-05T08:22:33.082Z,0,0.053,20.94,51
2026-05-05T08:22:33.148Z,2026-05-05T08:23:33.148Z,0,0.047,20.94,51
2026-05-05T08:23:33.312Z,2026-05-05T08:24:33.312Z,1,0.033,20.94,51
2026-05-05T08:28:33.934Z,2026-05-05T08:29:33.934Z,2,0.289,20.94,51
2026-05-05T08:29:34.098Z,2026-05-05T08:30:34.098Z,0,0.367,20.94,51
2026-05-05T08:30:34.164Z,2026-05-05T08:31:34.164Z,0,0.04,20.94,51
2026-05-05T08:32:34.493Z,2026-05-05T08:33:34.493Z,0,0.02,20.94,51
2026-05-05T08:33:34.556Z,2026-05-05T08:34:34.556Z,0,0.043,20.94,51
2026-05-05T08:34:34.720Z,2026-05-05T08:35:34.720Z,0,0.103,20.94,51
2026-05-05T08:35:34.885Z,2026-05-05T08:36:34.885Z,0,0.087,20.94,51
2026-05-05T08:36:34.950Z,2026-05-05T08:37:34.950Z,0,0.342,20.94,51
2026-05-05T08:37:35.115Z,2026-05-05T08:38:35.115Z,0,0.694,20.94,51
2026-05-05T08:38:35.279Z,2026-05-05T08:39:35.279Z,0,0.697,20.94,51
2026-05-05T08:39:35.344Z,2026-05-05T08:40:35.344Z,0,0.98,20.94,51
2026-05-05T08:40:35.507Z,2026-05-05T08:41:35.507Z,0,0.658,20.94,51
2026-05-05T08:41:35.673Z,2026-05-05T08:42:35.673Z,0,0.237,20.94,51
2026-05-05T08:42:35.736Z,2026-05-05T08:43:35.736Z,0,0.475,20.94,51
2026-05-05T08:43:35.901Z,2026-05-05T08:44:35.901Z,0,0.337,20.94,51
2026-05-05T08:44:35.966Z,2026-05-05T08:45:35.966Z,0,0.375,20.94,51
2026-05-05T08:45:36.130Z,2026-05-05T08:46:36.130Z,0,0.103,20.94,51
2026-05-05T08:46:36.295Z,2026-05-05T08:47:36.295Z,0,0.01,20.94,51
2026-05-05T08:47:36.358Z,2026-05-05T08:48:36.358Z,0,0.05,20.94,51
2026-05-05T08:48:36.523Z,2026-05-05T08:49:36.523Z,0,0.259,20.94,51
2026-05-05T08:49:36.687Z,2026-05-05T08:50:36.687Z,0,0.77,20.94,51
2026-05-05T08:50:36.753Z,2026-05-05T08:51:36.753Z,0,0.791,20.94,51
2026-05-05T08:51:36.917Z,2026-05-05T08:52:36.917Z,0,0.362,20.94,51
2026-05-05T08:52:37.082Z,2026-05-05T08:53:37.082Z,0,0.007,20.94,51
2026-05-05T08:55:37.474Z,2026-05-05T08:56:37.474Z,0,0.003,20.94,51
2026-05-05T09:02:38.325Z,2026-05-05T09:03:38.325Z,0,0.003,20.94,51
2026-05-05T09:04:38.555Z,2026-05-05T09:05:38.555Z,0,0.017,20.94,51
2026-05-05T09:12:39.671Z,2026-05-05T09:13:39.671Z,1,0.05,20.94,51
2026-05-05T09:17:40.292Z,2026-05-05T09:18:40.292Z,1,0.06,20.94,51
2026-05-05T09:45:43.897Z,2026-05-05T09:46:43.897Z,0,0.017,20.94,51
2026-05-05T09:46:43.961Z,2026-05-05T09:47:43.961Z,0,0.027,20.94,51
2026-05-05T09:48:44.290Z,2026-05-05T09:49:44.290Z,0,0.003,20.94,51
2026-05-05T09:51:44.684Z,2026-05-05T09:52:44.684Z,0,0.013,20.94,51
2026-05-05T09:52:44.747Z,2026-05-05T09:53:44.747Z,0,0.023,20.94,51
2026-05-05T09:53:44.913Z,2026-05-05T09:54:44.913Z,0,0.023,20.94,51
2026-05-05T09:54:45.076Z,2026-05-05T09:55:45.076Z,0,0.027,20.94,51
2026-05-05T09:55:45.141Z,2026-05-05T09:56:45.141Z,0,0.007,20.94,51
2026-05-05T09:56:45.305Z,2026-05-05T09:57:45.305Z,0,0.01,20.94,51
2026-05-05T09:59:45.700Z,2026-05-05T10:00:45.700Z,1,0.143,20.94,51
2026-05-05T10:01:45.927Z,2026-05-05T10:02:45.927Z,0,0.017,20.94,51
2026-05-05T10:03:46.157Z,2026-05-05T10:04:46.157Z,0,0.007,20.94,51
2026-05-05T10:04:46.322Z,2026-05-05T10:05:46.322Z,0,0.017,20.94,51
2026-05-05T10:05:46.486Z,2026-05-05T10:06:46.486Z,0,0.037,20.94,51
2026-05-05T10:09:46.944Z,2026-05-05T10:10:46.944Z,0,0.037,20.94,51
2026-05-05T10:10:47.108Z,2026-05-05T10:11:47.108Z,0,0.043,20.94,51
2026-05-05T10:11:47.273Z,2026-05-05T10:12:47.273Z,0,0.013,20.94,51
2026-05-05T10:12:47.336Z,2026-05-05T10:13:47.336Z,0,0.003,20.94,51
2026-05-05T10:15:47.730Z,2026-05-05T10:16:47.730Z,1,0.548,20.94,51
2026-05-05T10:16:47.894Z,2026-05-05T10:17:47.894Z,1,0.05,20.94,51
2026-05-05T10:17:47.959Z,2026-05-05T10:18:47.959Z,3,0.173,20.94,51
2026-05-05T10:18:48.124Z,2026-05-05T10:19:48.124Z,0,0.03,20.94,51
2026-05-05T10:20:48.352Z,2026-05-05T10:21:48.352Z,0,0.003,20.94,51
2026-05-05T10:26:49.138Z,2026-05-05T10:27:49.138Z,0,0.013,20.94,51
2026-05-05T10:40:50.941Z,2026-05-05T10:41:50.941Z,1,0.176,20.94,51
2026-05-05T10:41:51.105Z,2026-05-05T10:42:51.105Z,2,0.083,20.94,51
2026-05-05T10:43:51.335Z,2026-05-05T10:44:51.335Z,0,0.007,20.94,51
2026-05-05T10:53:52.678Z,2026-05-05T10:54:52.678Z,0,0.01,20.94,51
2026-05-05T11:00:53.529Z,2026-05-05T11:01:53.529Z,2,0.03,20.94,51
2026-05-05T11:01:53.694Z,2026-05-05T11:02:53.694Z,0,0.007,20.94,51
2026-05-05T11:02:53.759Z,2026-05-05T11:03:53.759Z,0,0.003,20.94,51
2026-05-05T11:06:54.316Z,2026-05-05T11:07:54.316Z,0,0.04,20.94,51
2026-05-05T11:07:54.480Z,2026-05-05T11:08:54.480Z,0,0.003,20.94,51
2026-05-05T11:23:56.512Z,2026-05-05T11:24:56.512Z,0,0.003,20.94,51
2026-05-05T11:24:56.677Z,2026-05-05T11:25:56.677Z,0,0.003,20.94,51
2026-05-05T11:25:56.740Z,2026-05-05T11:26:56.740Z,0,0.003,20.94,51
2026-05-05T11:26:56.905Z,2026-05-05T11:27:56.905Z,0,0.177,20.94,51
2026-05-05T11:27:56.970Z,2026-05-05T11:28:56.970Z,0,0.013,20.94,51
2026-05-05T11:28:57.134Z,2026-05-05T11:29:57.134Z,0,0.017,20.94,51
2026-05-05T11:29:57.299Z,2026-05-05T11:30:57.299Z,0,0.067,20.94,51
2026-05-05T11:30:57.364Z,2026-05-05T11:31:57.364Z,0,0.166,20.94,51
2026-05-05T11:31:57.528Z,2026-05-05T11:32:57.528Z,0,0.11,20.94,51
2026-05-05T11:32:57.691Z,2026-05-05T11:33:57.691Z,0,0.017,20.94,51
2026-05-05T11:34:57.921Z,2026-05-05T11:35:57.921Z,0,0.01,20.94,51
2026-05-05T11:35:58.085Z,2026-05-05T11:36:58.085Z,0,0.003,20.94,51
2026-05-05T11:36:58.150Z,2026-05-05T11:37:58.150Z,0,0.11,20.94,51
2026-05-05T11:40:58.707Z,2026-05-05T11:41:58.707Z,0,0.043,20.94,51
2026-05-05T11:43:59.101Z,2026-05-05T11:44:59.101Z,0,0.003,20.94,51
2026-05-05T11:44:59.165Z,2026-05-05T11:45:59.165Z,0,0.003,20.94,51
2026-05-05T11:45:59.329Z,2026-05-05T11:46:59.329Z,0,0.003,20.94,51
2026-05-05T11:50:59.951Z,2026-05-05T11:51:59.951Z,0,0.003,20.94,51
2026-05-05T11:52:00.117Z,2026-05-05T11:53:00.117Z,0,0.066,20.94,51
2026-05-05T11:59:00.967Z,2026-05-05T12:00:00.967Z,0,0.04,20.94,51
2026-05-05T12:02:01.477Z,2026-05-05T12:03:01.477Z,1,0.007,20.94,51
2026-05-05T12:03:01.525Z,2026-05-05T12:04:01.525Z,0,0.007,20.94,51
2026-05-05T12:06:01.918Z,2026-05-05T12:07:01.918Z,0,0.017,20.94,51
2026-05-05T12:08:02.147Z,2026-05-05T12:09:02.147Z,0,0.02,20.94,51
2026-05-05T12:09:02.312Z,2026-05-05T12:10:02.312Z,0,0.017,20.94,51
2026-05-05T12:11:02.540Z,2026-05-05T12:12:02.540Z,0,0.166,20.94,51
2026-05-05T12:12:02.704Z,2026-05-05T12:13:02.704Z,0,0.077,20.94,51
2026-05-05T12:13:02.769Z,2026-05-05T12:14:02.769Z,0,0.076,20.94,51
2026-05-05T12:14:02.934Z,2026-05-05T12:15:02.934Z,0,0.382,20.94,51
2026-05-05T12:16:03.163Z,2026-05-05T12:17:03.163Z,0,0.216,20.94,51
2026-05-05T12:17:03.328Z,2026-05-05T12:18:03.328Z,0,0.113,20.94,51
2026-05-05T12:20:03.720Z,2026-05-05T12:21:03.720Z,0,0.013,20.94,51
2026-05-05T12:26:04.506Z,2026-05-05T12:27:04.506Z,0,0.023,20.94,51
2026-05-05T12:33:05.358Z,2026-05-05T12:34:05.358Z,0,0.136,20.94,51
2026-05-05T19:20:57.892Z,2026-05-05T19:21:57.892Z,2,0.073,20.94,51
2026-05-05T19:21:57.957Z,2026-05-05T19:22:57.957Z,2,0.076,20.94,51
2026-05-05T19:22:58.121Z,2026-05-05T19:23:58.121Z,4,0.296,20.94,51
2026-05-05T19:23:58.286Z,2026-05-05T19:24:58.286Z,1,0.263,20.94,51
2026-05-05T19:24:58.351Z,2026-05-05T19:25:58.351Z,0,0.013,20.94,51
2026-05-05T23:25:29.319Z,2026-05-05T23:26:29.319Z,0,0.01,20.94,51
2026-05-06T00:07:34.727Z,2026-05-06T00:08:34.727Z,0,0.003,20.94,51
2026-05-06T00:22:36.694Z,2026-05-06T00:23:36.694Z,1,0.02,20.94,51
2026-05-06T00:34:38.167Z,2026-05-06T00:35:38.167Z,1,0.023,20.94,51
2026-05-06T00:45:39.676Z,2026-05-06T00:46:39.676Z,1,0.043,20.94,51
2026-05-06T01:19:43.967Z,2026-05-06T01:20:43.967Z,2,0.073,20.94,51
2026-05-06T01:27:45.082Z,2026-05-06T01:28:45.082Z,1,0.267,20.94,51
2026-05-06T01:30:45.476Z,2026-05-06T01:31:45.476Z,0,0.007,20.94,51
2026-05-06T01:31:45.539Z,2026-05-06T01:32:45.539Z,0,0.003,20.94,51
2026-05-06T01:32:45.703Z,2026-05-06T01:33:45.703Z,0,0.01,20.94,51
2026-05-06T01:33:45.769Z,2026-05-06T01:34:45.769Z,0,0.033,20.94,51
2026-05-06T01:34:45.933Z,2026-05-06T01:35:45.933Z,0,0.472,20.94,51
2026-05-06T01:35:46.098Z,2026-05-06T01:36:46.098Z,0,0.137,20.94,51
2026-05-06T01:36:46.161Z,2026-05-06T01:37:46.161Z,0,0.429,20.94,51
2026-05-06T01:37:46.326Z,2026-05-06T01:38:46.326Z,0,0.88,20.94,51
2026-05-06T01:38:46.490Z,2026-05-06T01:39:46.490Z,0,0.587,20.94,51
2026-05-06T01:39:46.555Z,2026-05-06T01:40:46.555Z,0,0.691,20.94,51
2026-05-06T01:40:46.720Z,2026-05-06T01:41:46.720Z,0,0.585,20.94,51
2026-05-06T01:41:46.884Z,2026-05-06T01:42:46.884Z,0,0.977,20.94,51
2026-05-06T01:42:46.948Z,2026-05-06T01:43:46.948Z,0,0.621,20.94,51
2026-05-06T01:43:47.112Z,2026-05-06T01:44:47.112Z,0,0.651,20.94,51
2026-05-06T01:44:47.278Z,2026-05-06T01:45:47.278Z,0,0.98,20.94,51
2026-05-06T01:45:47.342Z,2026-05-06T01:46:47.342Z,0,0.784,20.94,51
2026-05-06T01:46:47.506Z,2026-05-06T01:47:47.506Z,0,0.246,20.94,51
2026-05-06T01:47:47.671Z,2026-05-06T01:48:47.671Z,0,0.417,20.94,51
2026-05-06T01:48:47.736Z,2026-05-06T01:49:47.736Z,0,0.083,20.94,51
2026-05-06T01:49:47.900Z,2026-05-06T01:50:47.900Z,0,0.937,20.94,51
2026-05-06T01:50:47.964Z,2026-05-06T01:51:47.964Z,0,0.841,20.94,51
2026-05-06T01:51:48.128Z,2026-05-06T01:52:48.128Z,0,0.834,20.94,51
2026-05-06T01:52:48.292Z,2026-05-06T01:53:48.292Z,0,0.497,20.94,51
2026-05-06T01:53:48.358Z,2026-05-06T01:54:48.358Z,0,0.781,20.94,51
2026-05-06T01:54:48.522Z,2026-05-06T01:55:48.522Z,2,0.738,20.94,51
2026-05-06T01:55:48.687Z,2026-05-06T01:56:48.687Z,0,0.103,20.94,51
2026-05-06T01:56:48.750Z,2026-05-06T01:57:48.750Z,0,0.628,20.94,51
2026-05-06T01:57:48.915Z,2026-05-06T01:58:48.915Z,0,0.625,20.94,51
2026-05-06T01:58:49.079Z,2026-05-06T01:59:49.079Z,0,0.023,20.94,51
2026-05-06T01:59:49.144Z,2026-05-06T02:00:49.144Z,2,0.385,20.94,51
2026-05-06T02:00:49.309Z,2026-05-06T02:01:49.309Z,0,0.97,20.94,51
2026-05-06T02:01:49.473Z,2026-05-06T02:02:49.473Z,0,0.863,20.94,51
2026-05-06T02:02:49.538Z,2026-05-06T02:03:49.538Z,1,0.502,20.94,51
2026-05-06T02:03:49.701Z,2026-05-06T02:04:49.701Z,0,0.4,20.94,51
2026-05-06T02:04:49.766Z,2026-05-06T02:05:49.766Z,1,0.186,20.94,51
2026-05-06T02:06:50.095Z,2026-05-06T02:07:50.095Z,1,0.633,20.94,51
2026-05-06T02:07:50.160Z,2026-05-06T02:08:50.160Z,0,0.063,20.94,51
2026-05-06T02:08:50.325Z,2026-05-06T02:09:50.325Z,0,0.08,20.94,51
2026-05-06T02:09:50.489Z,2026-05-06T02:10:50.489Z,0,0.083,20.94,51
2026-05-06T02:10:50.553Z,2026-05-06T02:11:50.553Z,0,0.226,20.94,51
2026-05-06T02:11:50.717Z,2026-05-06T02:12:50.717Z,0,0.492,20.94,51
2026-05-06T02:12:50.882Z,2026-05-06T02:13:50.882Z,0,0.123,20.94,51
2026-05-06T02:14:51.111Z,2026-05-06T02:15:51.111Z,0,0.023,20.94,51
2026-05-06T02:15:51.276Z,2026-05-06T02:16:51.276Z,2,0.71,20.94,51
2026-05-06T02:16:51.339Z,2026-05-06T02:17:51.339Z,1,0.505,20.94,51
2026-05-06T02:17:51.505Z,2026-05-06T02:18:51.505Z,1,0.39,20.94,51
2026-05-06T02:18:51.569Z,2026-05-06T02:19:51.569Z,1,0.136,20.94,51
2026-05-06T02:19:51.733Z,2026-05-06T02:20:51.733Z,2,1.093,20.94,51
2026-05-06T02:20:51.898Z,2026-05-06T02:21:51.898Z,3,0.693,20.94,51
2026-05-06T02:21:51.963Z,2026-05-06T02:22:51.963Z,4,1.249,20.94,51
2026-05-06T02:22:52.127Z,2026-05-06T02:23:52.127Z,0,1.352,20.94,51
2026-05-06T02:23:52.292Z,2026-05-06T02:24:52.292Z,0,0.763,20.94,51
2026-05-06T02:24:52.355Z,2026-05-06T02:25:52.355Z,0,0.947,20.94,51
2026-05-06T02:25:52.519Z,2026-05-06T02:26:52.519Z,0,0.967,20.94,51
2026-05-06T02:26:52.684Z,2026-05-06T02:27:52.684Z,0,0.983,20.94,51
2026-05-06T02:27:52.749Z,2026-05-06T02:28:52.749Z,0,0.203,20.94,51
2026-05-06T02:28:52.914Z,2026-05-06T02:29:52.914Z,0,0.595,20.94,51
2026-05-06T02:29:53.078Z,2026-05-06T02:30:53.078Z,0,0.743,20.94,51
2026-05-06T02:30:53.142Z,2026-05-06T02:31:53.142Z,0,0.688,20.94,51
2026-05-06T02:31:53.306Z,2026-05-06T02:32:53.306Z,0,1.06,20.94,51
2026-05-06T02:32:53.470Z,2026-05-06T02:33:53.470Z,0,1.123,20.94,51
2026-05-06T02:33:53.536Z,2026-05-06T02:34:53.536Z,0,0.877,20.94,51
2026-05-06T02:34:53.700Z,2026-05-06T02:35:53.700Z,0,0.537,20.94,51
2026-05-06T02:35:53.765Z,2026-05-06T02:36:53.765Z,0,0.884,20.94,51
2026-05-06T02:36:53.928Z,2026-05-06T02:37:53.928Z,0,1.528,20.94,51
2026-05-06T02:37:54.094Z,2026-05-06T02:38:54.094Z,0,1.287,20.94,51
2026-05-06T02:38:54.157Z,2026-05-06T02:39:54.157Z,0,1.289,20.94,51
2026-05-06T02:39:54.322Z,2026-05-06T02:40:54.322Z,0,0.837,20.94,51
2026-05-06T02:40:54.486Z,2026-05-06T02:41:54.486Z,0,1.006,20.94,51
2026-05-06T02:41:54.552Z,2026-05-06T02:42:54.552Z,0,0.724,20.94,51
2026-05-06T02:42:54.716Z,2026-05-06T02:43:54.716Z,0,1.096,20.94,51
2026-05-06T02:43:54.880Z,2026-05-06T02:44:54.880Z,0,1.32,20.94,51
2026-05-06T02:44:54.944Z,2026-05-06T02:45:54.944Z,0,1.326,20.94,51
2026-05-06T02:45:55.108Z,2026-05-06T02:46:55.108Z,0,1.698,20.94,51
2026-05-06T02:46:55.273Z,2026-05-06T02:47:55.273Z,0,1.533,20.94,51
2026-05-06T02:47:55.338Z,2026-05-06T02:48:55.338Z,6,1.123,20.94,51
2026-05-06T02:48:55.503Z,2026-05-06T02:49:55.503Z,0,0.65,20.94,51
2026-05-06T02:49:55.566Z,2026-05-06T02:50:55.566Z,1,0.864,20.94,51
2026-05-06T02:50:55.732Z,2026-05-06T02:51:55.732Z,0,1.276,20.94,51
2026-05-06T02:51:55.895Z,2026-05-06T02:52:55.895Z,3,1.033,20.94,51
2026-05-06T02:52:55.960Z,2026-05-06T02:53:55.960Z,0,0.731,20.94,51
2026-05-06T02:53:56.125Z,2026-05-06T02:54:56.125Z,0,1.022,20.94,51
2026-05-06T02:54:56.289Z,2026-05-06T02:55:56.289Z,0,1.173,20.94,51
2026-05-06T02:55:56.354Z,2026-05-06T02:56:56.354Z,2,1.186,20.94,51
2026-05-06T02:56:56.517Z,2026-05-06T02:57:56.517Z,0,0.276,20.94,51
2026-05-06T02:57:56.683Z,2026-05-06T02:58:56.683Z,2,0.137,20.94,51
2026-05-06T02:58:56.746Z,2026-05-06T02:59:56.746Z,0,0.15,20.94,51
2026-05-06T02:59:56.911Z,2026-05-06T03:00:56.911Z,2,0.625,20.94,51
2026-05-06T03:00:57.075Z,2026-05-06T03:01:57.075Z,0,0.517,20.94,51
2026-05-06T03:01:57.141Z,2026-05-06T03:02:57.141Z,0,1.076,20.94,51
2026-05-06T03:02:57.305Z,2026-05-06T03:03:57.305Z,0,0.267,20.94,51
2026-05-06T03:03:57.369Z,2026-05-06T03:04:57.369Z,0,0.98,20.94,51
2026-05-06T03:04:57.533Z,2026-05-06T03:05:57.533Z,0,0.993,20.94,51
2026-05-06T03:05:57.697Z,2026-05-06T03:06:57.697Z,0,1.012,20.94,51
2026-05-06T03:06:57.763Z,2026-05-06T03:07:57.763Z,0,0.807,20.94,51
2026-05-06T03:07:57.927Z,2026-05-06T03:08:57.927Z,0,0.99,20.94,51
2026-05-06T03:08:58.092Z,2026-05-06T03:09:58.092Z,0,0.727,20.94,51
2026-05-06T03:09:58.155Z,2026-05-06T03:10:58.155Z,0,0.621,20.94,51
2026-05-06T03:10:58.321Z,2026-05-06T03:11:58.321Z,0,0.688,20.94,51
2026-05-06T03:11:58.484Z,2026-05-06T03:12:58.484Z,1,0.45,20.94,51
2026-05-06T03:12:58.549Z,2026-05-06T03:13:58.549Z,0,0.033,20.94,51
2026-05-06T03:13:58.713Z,2026-05-06T03:14:58.713Z,1,0.405,20.94,51
2026-05-06T03:14:58.878Z,2026-05-06T03:15:58.878Z,0,0.85,20.94,51
2026-05-06T03:15:58.943Z,2026-05-06T03:16:58.943Z,0,0.452,20.94,51
2026-05-06T03:16:59.107Z,2026-05-06T03:17:59.107Z,0,0.346,20.94,51
2026-05-06T03:17:59.272Z,2026-05-06T03:18:59.272Z,0,0.413,20.94,51
2026-05-06T03:18:59.335Z,2026-05-06T03:19:59.335Z,0,0.973,20.94,51
2026-05-06T03:19:59.500Z,2026-05-06T03:20:59.500Z,0,0.83,20.94,51
2026-05-06T03:20:59.565Z,2026-05-06T03:21:59.565Z,0,0.595,20.94,51
2026-05-06T03:21:59.730Z,2026-05-06T03:22:59.730Z,2,0.664,20.94,51
2026-05-06T03:22:59.894Z,2026-05-06T03:23:59.894Z,0,0.837,20.94,51
2026-05-06T03:23:59.957Z,2026-05-06T03:24:59.957Z,1,0.934,20.94,51
2026-05-06T03:25:00.122Z,2026-05-06T03:26:00.122Z,1,1.1,20.94,51
2026-05-06T03:26:00.286Z,2026-05-06T03:27:00.286Z,0,0.417,20.94,51
2026-05-06T03:27:00.351Z,2026-05-06T03:28:00.351Z,2,1.153,20.94,51
2026-05-06T03:28:00.516Z,2026-05-06T03:29:00.516Z,2,1.056,20.94,51
2026-05-06T03:29:00.680Z,2026-05-06T03:30:00.680Z,2,0.297,20.94,51
2026-05-06T03:30:00.744Z,2026-05-06T03:31:00.744Z,0,0.013,20.94,51
2026-05-06T03:31:00.910Z,2026-05-06T03:32:00.910Z,0,0.14,20.94,51
2026-05-06T03:32:01.073Z,2026-05-06T03:33:01.073Z,0,0.077,20.94,51
2026-05-06T03:36:01.532Z,2026-05-06T03:37:01.532Z,1,0.053,20.94,51
2026-05-06T03:39:01.924Z,2026-05-06T03:40:01.924Z,3,0.096,20.94,51
2026-05-06T03:41:02.154Z,2026-05-06T03:42:02.154Z,0,0.003,20.94,51
2026-05-06T03:42:02.319Z,2026-05-06T03:43:02.319Z,1,0.023,20.94,51
2026-05-06T03:43:02.483Z,2026-05-06T03:44:02.483Z,1,0.013,20.94,51
2026-05-06T03:44:02.546Z,2026-05-06T03:45:02.546Z,0,0.017,20.94,51
2026-05-06T03:48:03.105Z,2026-05-06T03:49:03.105Z,5,0.397,20.94,51
2026-05-06T03:50:03.334Z,2026-05-06T03:51:03.334Z,0,0.631,20.94,51
2026-05-06T03:51:03.499Z,2026-05-06T03:52:03.499Z,2,1.31,20.94,51
2026-05-06T03:52:03.562Z,2026-05-06T03:53:03.562Z,3,1.316,20.94,51
2026-05-06T03:53:03.727Z,2026-05-06T03:54:03.727Z,1,1.083,20.94,51
2026-05-06T03:54:03.891Z,2026-05-06T03:55:03.891Z,0,0.917,20.94,51
2026-05-06T03:55:03.957Z,2026-05-06T03:56:03.957Z,0,1.073,20.94,51
2026-05-06T03:56:04.121Z,2026-05-06T03:57:04.121Z,3,1.701,20.94,51
2026-05-06T03:57:04.285Z,2026-05-06T03:58:04.285Z,2,2.023,20.94,51
2026-05-06T03:58:04.349Z,2026-05-06T03:59:04.349Z,1,1.083,20.94,51
2026-05-06T03:59:04.513Z,2026-05-06T04:00:04.513Z,1,0.751,20.94,51
2026-05-06T04:00:04.678Z,2026-05-06T04:01:04.678Z,0,0.17,20.94,51
2026-05-06T04:01:04.743Z,2026-05-06T04:02:04.743Z,0,0.854,20.94,51
2026-05-06T04:02:04.907Z,2026-05-06T04:03:04.907Z,0,0.482,20.94,51
2026-05-06T04:03:05.072Z,2026-05-06T04:04:05.072Z,8,1.49,20.94,51
2026-05-06T04:04:05.135Z,2026-05-06T04:05:05.135Z,3,0.399,20.94,51
2026-05-06T04:05:05.301Z,2026-05-06T04:06:05.301Z,0,0.007,20.94,51
2026-05-06T04:06:05.365Z,2026-05-06T04:07:05.365Z,2,0.512,20.94,51
2026-05-06T04:07:05.529Z,2026-05-06T04:08:05.529Z,1,0.94,20.94,51
2026-05-06T04:08:05.694Z,2026-05-06T04:09:05.694Z,0,0.153,20.94,51
2026-05-06T04:09:05.759Z,2026-05-06T04:10:05.759Z,0,0.794,20.94,51
2026-05-06T04:10:05.923Z,2026-05-06T04:11:05.923Z,0,0.522,20.94,51
2026-05-06T04:11:06.088Z,2026-05-06T04:12:06.088Z,0,0.61,20.94,51
2026-05-06T04:12:06.151Z,2026-05-06T04:13:06.151Z,1,0.827,20.94,51
2026-05-06T04:13:06.316Z,2026-05-06T04:14:06.316Z,0,0.229,20.94,51
2026-05-06T04:14:06.480Z,2026-05-06T04:15:06.480Z,4,0.257,20.94,51
2026-05-06T04:15:06.545Z,2026-05-06T04:16:06.545Z,0,0.027,20.94,51
2026-05-06T04:16:06.710Z,2026-05-06T04:17:06.710Z,0,0.027,20.94,51
2026-05-06T04:17:06.874Z,2026-05-06T04:18:06.874Z,0,0.08,20.94,51
2026-05-06T04:18:06.938Z,2026-05-06T04:19:06.938Z,3,0.482,20.94,51
2026-05-06T04:19:07.102Z,2026-05-06T04:20:07.102Z,2,0.127,20.94,51
2026-05-06T04:21:07.332Z,2026-05-06T04:22:07.332Z,0,0.223,20.94,51
2026-05-06T04:22:07.496Z,2026-05-06T04:23:07.496Z,1,0.16,20.94,51
2026-05-06T04:23:07.561Z,2026-05-06T04:24:07.561Z,0,0.003,20.94,51
2026-05-06T04:24:07.726Z,2026-05-06T04:25:07.726Z,0,0.01,20.94,51
2026-05-06T04:25:07.890Z,2026-05-06T04:26:07.890Z,0,0.023,20.94,51
2026-05-06T04:26:07.954Z,2026-05-06T04:27:07.954Z,2,0.096,20.94,51
2026-05-06T04:27:08.118Z,2026-05-06T04:28:08.118Z,0,0.01,20.94,51
2026-05-06T04:28:08.282Z,2026-05-06T04:29:08.282Z,0,0.01,20.94,51
2026-05-06T04:38:09.528Z,2026-05-06T04:39:09.528Z,0,0.007,20.94,51
2026-05-06T04:40:09.756Z,2026-05-06T04:41:09.756Z,0,0.136,20.94,51
2026-05-06T04:41:09.921Z,2026-05-06T04:42:09.921Z,0,0.05,20.94,51
2026-05-06T04:42:10.085Z,2026-05-06T04:43:10.085Z,0,0.177,20.94,51
2026-05-06T04:44:10.315Z,2026-05-06T04:45:10.315Z,0,0.027,20.94,51
2026-05-06T04:48:10.871Z,2026-05-06T04:49:10.871Z,2,0.11,20.94,51
2026-05-06T04:51:11.165Z,2026-05-06T04:52:11.165Z,1,0.266,20.94,51
2026-05-06T04:52:11.329Z,2026-05-06T04:53:11.329Z,1,0.073,20.94,51
2026-05-06T04:54:11.559Z,2026-05-06T04:55:11.559Z,0,0.01,20.94,51
2026-05-06T04:56:11.888Z,2026-05-06T04:57:11.888Z,0,0.027,20.94,51
2026-05-06T04:57:11.951Z,2026-05-06T04:58:11.951Z,1,0.206,20.94,51
2026-05-06T04:58:12.117Z,2026-05-06T04:59:12.117Z,0,0.488,20.94,51
2026-05-06T04:59:12.280Z,2026-05-06T05:00:12.280Z,0,0.087,20.94,51
2026-05-06T05:00:12.345Z,2026-05-06T05:01:12.345Z,3,0.698,20.94,51
2026-05-06T05:01:12.509Z,2026-05-06T05:02:12.509Z,0,0.608,20.94,51
2026-05-06T05:02:12.674Z,2026-05-06T05:03:12.674Z,0,0.343,20.94,51
2026-05-06T05:03:12.739Z,2026-05-06T05:04:12.739Z,0,0.412,20.94,51
2026-05-06T05:04:12.904Z,2026-05-06T05:05:12.904Z,0,0.223,20.94,51
2026-05-06T05:05:12.967Z,2026-05-06T05:06:12.967Z,0,0.259,20.94,51
2026-05-06T05:06:13.132Z,2026-05-06T05:07:13.132Z,0,0.229,20.94,51
2026-05-06T05:07:13.296Z,2026-05-06T05:08:13.296Z,0,0.093,20.94,51
2026-05-06T05:08:13.361Z,2026-05-06T05:09:13.361Z,0,0.276,20.94,51
2026-05-06T05:09:13.526Z,2026-05-06T05:10:13.526Z,0,0.252,20.94,51
2026-05-06T05:10:13.690Z,2026-05-06T05:11:13.690Z,1,0.957,20.94,51
2026-05-06T05:11:13.755Z,2026-05-06T05:12:13.755Z,0,0.837,20.94,51
2026-05-06T05:12:13.920Z,2026-05-06T05:13:13.920Z,1,0.495,20.94,51
2026-05-06T05:13:14.084Z,2026-05-06T05:14:14.084Z,1,0.557,20.94,51
2026-05-06T05:14:14.148Z,2026-05-06T05:15:14.148Z,0,0.359,20.94,51
2026-05-06T05:15:14.312Z,2026-05-06T05:16:14.312Z,1,0.385,20.94,51
2026-05-06T05:16:14.477Z,2026-05-06T05:17:14.477Z,1,0.393,20.94,51
2026-05-06T05:17:14.542Z,2026-05-06T05:18:14.542Z,0,0.754,20.94,51
2026-05-06T05:18:14.706Z,2026-05-06T05:19:14.706Z,0,0.336,20.94,51
2026-05-06T05:19:14.871Z,2026-05-06T05:20:14.871Z,0,0.167,20.94,51
2026-05-06T05:20:14.934Z,2026-05-06T05:21:14.934Z,0,0.661,20.94,51
2026-05-06T05:21:15.099Z,2026-05-06T05:22:15.099Z,0,0.883,20.94,51
2026-05-06T05:22:15.164Z,2026-05-06T05:23:15.164Z,0,0.957,20.94,51
2026-05-06T05:23:15.328Z,2026-05-06T05:24:15.328Z,1,0.97,20.94,51
2026-05-06T05:24:15.493Z,2026-05-06T05:25:15.493Z,0,0.677,20.94,51
2026-05-06T05:25:15.558Z,2026-05-06T05:26:15.558Z,1,0.249,20.94,51
2026-05-06T05:26:15.721Z,2026-05-06T05:27:15.721Z,0,0.272,20.94,51
2026-05-06T05:27:15.887Z,2026-05-06T05:28:15.887Z,0,0.58,20.94,51
2026-05-06T05:28:15.950Z,2026-05-06T05:29:15.950Z,1,0.834,20.94,51
2026-05-06T05:29:16.115Z,2026-05-06T05:30:16.115Z,0,0.585,20.94,51
2026-05-06T05:30:16.279Z,2026-05-06T05:31:16.279Z,1,0.483,20.94,51
2026-05-06T05:31:16.345Z,2026-05-06T05:32:16.345Z,1,0.944,20.94,51
2026-05-06T05:32:16.509Z,2026-05-06T05:33:16.509Z,0,1.126,20.94,51
2026-05-06T05:33:16.674Z,2026-05-06T05:34:16.674Z,0,1.033,20.94,51
2026-05-06T05:34:16.737Z,2026-05-06T05:35:16.737Z,0,0.761,20.94,51
2026-05-06T05:35:16.903Z,2026-05-06T05:36:16.903Z,0,0.337,20.94,51
2026-05-06T05:36:16.967Z,2026-05-06T05:37:16.967Z,0,1.056,20.94,51
2026-05-06T05:37:17.131Z,2026-05-06T05:38:17.131Z,0,0.262,20.94,51
2026-05-06T05:38:17.296Z,2026-05-06T05:39:17.296Z,0,0.447,20.94,51
2026-05-06T05:39:17.361Z,2026-05-06T05:40:17.361Z,0,0.468,20.94,51
2026-05-06T05:40:17.525Z,2026-05-06T05:41:17.525Z,6,0.834,20.94,51
2026-05-06T05:41:17.688Z,2026-05-06T05:42:17.688Z,2,0.333,20.94,51
2026-05-06T05:45:18.147Z,2026-05-06T05:46:18.147Z,0,0.02,20.94,51
2026-05-06T05:46:18.312Z,2026-05-06T05:47:18.312Z,0,0.013,20.94,51
2026-05-06T05:48:18.540Z,2026-05-06T05:49:18.540Z,1,0.096,20.94,51
2026-05-06T05:49:18.704Z,2026-05-06T05:50:18.704Z,1,0.323,20.94,51
2026-05-06T05:50:18.769Z,2026-05-06T05:51:18.769Z,0,0.03,20.94,51
2026-05-06T05:51:18.934Z,2026-05-06T05:52:18.934Z,0,0.013,20.94,51
2026-05-06T05:52:19.098Z,2026-05-06T05:53:19.098Z,0,0.017,20.94,51
2026-05-06T05:53:19.163Z,2026-05-06T05:54:19.163Z,0,0.06,20.94,51
2026-05-06T05:55:19.492Z,2026-05-06T05:56:19.492Z,1,0.383,20.94,51
2026-05-06T05:56:19.556Z,2026-05-06T05:57:19.556Z,1,1.203,20.94,51
2026-05-06T05:57:19.720Z,2026-05-06T05:58:19.720Z,1,0.944,20.94,51
2026-05-06T05:58:19.884Z,2026-05-06T05:59:19.884Z,1,1.12,20.94,51
2026-05-06T05:59:19.950Z,2026-05-06T06:00:19.950Z,0,1.598,20.94,51
2026-05-06T06:00:20.114Z,2026-05-06T06:01:20.114Z,1,0.638,20.94,51
2026-05-06T06:01:20.279Z,2026-05-06T06:02:20.279Z,0,0.957,20.94,51
2026-05-06T06:02:20.342Z,2026-05-06T06:03:20.342Z,2,1.502,20.94,51
2026-05-06T06:03:20.507Z,2026-05-06T06:04:20.507Z,0,1.043,20.94,51
2026-05-06T06:04:20.671Z,2026-05-06T06:05:20.671Z,1,0.843,20.94,51
2026-05-06T06:05:20.736Z,2026-05-06T06:06:20.736Z,2,0.907,20.94,51
2026-05-06T06:06:20.901Z,2026-05-06T06:07:20.901Z,0,0.247,20.94,51
2026-05-06T06:07:20.966Z,2026-05-06T06:08:20.966Z,0,0.203,20.94,51
2026-05-06T06:08:21.130Z,2026-05-06T06:09:21.130Z,1,0.704,20.94,51
2026-05-06T06:09:21.295Z,2026-05-06T06:10:21.295Z,0,0.8,20.94,51
2026-05-06T06:10:21.358Z,2026-05-06T06:11:21.358Z,0,0.588,20.94,51
2026-05-06T06:11:21.523Z,2026-05-06T06:12:21.523Z,0,0.389,20.94,51
2026-05-06T06:12:21.687Z,2026-05-06T06:13:21.687Z,2,0.173,20.94,51
2026-05-06T06:21:22.767Z,2026-05-06T06:22:22.767Z,0,0.003,20.94,51
2026-05-06T06:54:27.095Z,2026-05-06T06:55:27.095Z,1,0.013,20.94,51
2026-05-06T06:55:27.161Z,2026-05-06T06:56:27.161Z,0,0.01,20.94,51
2026-05-06T07:18:30.142Z,2026-05-06T07:19:30.142Z,2,0.076,20.94,51
2026-05-06T07:42:33.289Z,2026-05-06T07:43:33.289Z,1,0.013,20.94,51
2026-05-06T07:43:33.355Z,2026-05-06T07:44:33.355Z,2,0.133,20.94,51
2026-05-06T07:44:33.519Z,2026-05-06T07:45:33.519Z,1,0.163,20.94,51
2026-05-06T07:45:33.684Z,2026-05-06T07:46:33.684Z,2,0.273,20.94,51
2026-05-06T07:46:33.747Z,2026-05-06T07:47:33.747Z,0,0.043,20.94,51
2026-05-06T07:50:34.305Z,2026-05-06T07:51:34.305Z,1,0.047,20.94,51
2026-05-06T07:51:34.369Z,2026-05-06T07:52:34.369Z,1,0.11,20.94,51
2026-05-06T08:13:37.288Z,2026-05-06T08:14:37.288Z,3,0.06,20.94,51
2026-05-06T08:25:38.762Z,2026-05-06T08:26:38.762Z,1,0.043,20.94,51
2026-05-06T08:31:39.549Z,2026-05-06T08:32:39.549Z,1,0.056,20.94,51
2026-05-06T08:32:39.713Z,2026-05-06T08:33:39.713Z,3,0.05,20.94,51
2026-05-06T08:33:39.877Z,2026-05-06T08:34:39.877Z,1,0.013,20.94,51
2026-05-06T08:41:40.892Z,2026-05-06T08:42:40.892Z,0,0.007,20.94,51
2026-05-06T08:42:40.957Z,2026-05-06T08:43:40.957Z,0,0.01,20.94,51
2026-05-06T08:46:41.515Z,2026-05-06T08:47:41.515Z,0,0.007,20.94,51
2026-05-06T08:51:42.137Z,2026-05-06T08:52:42.137Z,0,0.01,20.94,51
2026-05-06T08:54:42.530Z,2026-05-06T08:55:42.530Z,0,0.003,20.94,51
2026-05-06T08:58:43.088Z,2026-05-06T08:59:43.088Z,0,0.013,20.94,51
2026-05-06T08:59:43.153Z,2026-05-06T09:00:43.153Z,0,0.02,20.94,51
2026-05-06T09:00:43.316Z,2026-05-06T09:01:43.316Z,1,0.023,20.94,51
2026-05-06T09:01:43.482Z,2026-05-06T09:02:43.482Z,0,0.007,20.94,51
2026-05-06T09:02:43.546Z,2026-05-06T09:03:43.546Z,0,0.007,20.94,51
2026-05-06T09:10:44.562Z,2026-05-06T09:11:44.562Z,0,0.003,20.94,51
2026-05-06T09:12:44.891Z,2026-05-06T09:13:44.891Z,0,0.023,20.94,51
2026-05-06T09:13:44.954Z,2026-05-06T09:14:44.954Z,0,0.04,20.94,51
2026-05-06T09:14:45.119Z,2026-05-06T09:15:45.119Z,0,0.007,20.94,51
2026-05-06T09:15:45.283Z,2026-05-06T09:16:45.283Z,0,0.27,20.94,51
2026-05-06T09:16:45.348Z,2026-05-06T09:17:45.348Z,0,0.143,20.94,51
2026-05-06T09:17:45.513Z,2026-05-06T09:18:45.513Z,0,0.07,20.94,51
2026-05-06T09:18:45.677Z,2026-05-06T09:19:45.677Z,0,0.073,20.94,51
2026-05-06T09:19:45.742Z,2026-05-06T09:20:45.742Z,0,0.007,20.94,51
2026-05-06T09:20:45.905Z,2026-05-06T09:21:45.905Z,0,0.249,20.94,51
2026-05-06T09:21:46.071Z,2026-05-06T09:22:46.071Z,0,0.293,20.94,51
2026-05-06T09:22:46.134Z,2026-05-06T09:23:46.134Z,0,0.409,20.94,51
2026-05-06T09:23:46.299Z,2026-05-06T09:24:46.299Z,0,0.033,20.94,51
2026-05-06T09:25:46.529Z,2026-05-06T09:26:46.529Z,0,0.186,20.94,51
2026-05-06T09:26:46.693Z,2026-05-06T09:27:46.693Z,0,0.113,20.94,51
2026-05-06T09:27:46.756Z,2026-05-06T09:28:46.756Z,0,0.133,20.94,51
2026-05-06T09:28:46.921Z,2026-05-06T09:29:46.921Z,0,0.292,20.94,51
2026-05-06T09:29:47.085Z,2026-05-06T09:30:47.085Z,0,0.227,20.94,51
2026-05-06T09:30:47.151Z,2026-05-06T09:31:47.151Z,0,0.073,20.94,51
2026-05-06T09:31:47.315Z,2026-05-06T09:32:47.315Z,0,0.073,20.94,51
2026-05-06T09:32:47.480Z,2026-05-06T09:33:47.480Z,0,0.12,20.94,51
2026-05-06T09:33:47.543Z,2026-05-06T09:34:47.543Z,0,0.003,20.94,51
2026-05-06T09:35:47.872Z,2026-05-06T09:36:47.872Z,0,0.02,20.94,51
2026-05-06T09:38:48.165Z,2026-05-06T09:39:48.165Z,0,0.066,20.94,51
2026-05-06T09:39:48.331Z,2026-05-06T09:40:48.331Z,0,0.007,20.94,51
2026-05-06T09:40:48.494Z,2026-05-06T09:41:48.494Z,0,0.013,20.94,51
2026-05-06T09:41:48.559Z,2026-05-06T09:42:48.559Z,0,0.08,20.94,51
2026-05-06T09:42:48.723Z,2026-05-06T09:43:48.723Z,0,0.1,20.94,51
2026-05-06T09:43:48.888Z,2026-05-06T09:44:48.888Z,0,0.023,20.94,51
2026-05-06T09:44:48.953Z,2026-05-06T09:45:48.953Z,0,0.12,20.94,51
2026-05-06T09:45:49.118Z,2026-05-06T09:46:49.118Z,0,0.282,20.94,51
2026-05-06T09:46:49.282Z,2026-05-06T09:47:49.282Z,0,0.13,20.94,51
2026-05-06T09:47:49.345Z,2026-05-06T09:48:49.345Z,0,0.326,20.94,51
2026-05-06T09:48:49.510Z,2026-05-06T09:49:49.510Z,0,0.113,20.94,51
2026-05-06T09:49:49.674Z,2026-05-06T09:50:49.674Z,0,0.237,20.94,51
2026-05-06T09:50:49.740Z,2026-05-06T09:51:49.740Z,0,0.103,20.94,51
2026-05-06T09:51:49.904Z,2026-05-06T09:52:49.904Z,0,0.253,20.94,51
2026-05-06T09:52:49.969Z,2026-05-06T09:53:49.969Z,0,0.027,20.94,51
2026-05-06T09:53:50.132Z,2026-05-06T09:54:50.132Z,0,0.096,20.94,51
2026-05-06T09:54:50.298Z,2026-05-06T09:55:50.298Z,0,0.353,20.94,51
2026-05-06T09:55:50.361Z,2026-05-06T09:56:50.361Z,0,0.282,20.94,51
2026-05-06T09:57:50.690Z,2026-05-06T09:58:50.690Z,0,0.243,20.94,51
2026-05-06T09:58:50.755Z,2026-05-06T09:59:50.755Z,0,0.279,20.94,51
2026-05-06T09:59:50.920Z,2026-05-06T10:00:50.920Z,0,0.053,20.94,51
2026-05-06T10:00:51.084Z,2026-05-06T10:01:51.084Z,0,0.683,20.94,51
2026-05-06T10:01:51.148Z,2026-05-06T10:02:51.148Z,0,0.282,20.94,51
2026-05-06T10:02:51.312Z,2026-05-06T10:03:51.312Z,0,0.468,20.94,51
2026-05-06T10:03:51.477Z,2026-05-06T10:04:51.477Z,0,0.273,20.94,51
2026-05-06T10:04:51.542Z,2026-05-06T10:05:51.542Z,0,0.402,20.94,51
2026-05-06T10:05:51.706Z,2026-05-06T10:06:51.706Z,0,0.452,20.94,51
2026-05-06T10:06:51.871Z,2026-05-06T10:07:51.871Z,0,0.19,20.94,51
2026-05-06T10:07:51.934Z,2026-05-06T10:08:51.934Z,0,0.11,20.94,51
2026-05-06T10:08:52.099Z,2026-05-06T10:09:52.099Z,0,0.003,20.94,51
2026-05-06T10:09:52.164Z,2026-05-06T10:10:52.164Z,0,0.023,20.94,51
2026-05-06T10:10:52.328Z,2026-05-06T10:11:52.328Z,0,0.076,20.94,51
2026-05-06T10:11:52.493Z,2026-05-06T10:12:52.493Z,0,0.213,20.94,51
2026-05-06T10:12:52.558Z,2026-05-06T10:13:52.558Z,0,0.319,20.94,51
2026-05-06T10:13:52.721Z,2026-05-06T10:14:52.721Z,0,0.05,20.94,51
2026-05-06T10:14:52.885Z,2026-05-06T10:15:52.885Z,4,0.247,20.94,51
2026-05-06T10:15:52.950Z,2026-05-06T10:16:52.950Z,0,0.083,20.94,51
2026-05-06T10:16:53.115Z,2026-05-06T10:17:53.115Z,0,0.173,20.94,51
2026-05-06T10:17:53.279Z,2026-05-06T10:18:53.279Z,0,0.063,20.94,51
2026-05-06T10:18:53.344Z,2026-05-06T10:19:53.344Z,0,0.296,20.94,51
2026-05-06T10:19:53.509Z,2026-05-06T10:20:53.509Z,0,0.076,20.94,51
2026-05-06T10:20:53.673Z,2026-05-06T10:21:53.673Z,0,0.373,20.94,51
2026-05-06T10:21:53.737Z,2026-05-06T10:22:53.737Z,0,0.163,20.94,51
2026-05-06T10:22:53.901Z,2026-05-06T10:23:53.901Z,0,0.447,20.94,51
2026-05-06T10:23:53.967Z,2026-05-06T10:24:53.967Z,0,0.243,20.94,51
2026-05-06T10:24:54.131Z,2026-05-06T10:25:54.131Z,0,0.405,20.94,51
2026-05-06T10:25:54.295Z,2026-05-06T10:26:54.295Z,0,0.293,20.94,51
2026-05-06T10:26:54.359Z,2026-05-06T10:27:54.359Z,0,0.073,20.94,51
2026-05-06T10:27:54.523Z,2026-05-06T10:28:54.523Z,0,0.043,20.94,51
2026-05-06T10:28:54.688Z,2026-05-06T10:29:54.688Z,0,0.003,20.94,51
2026-05-06T10:29:54.753Z,2026-05-06T10:30:54.753Z,0,0.1,20.94,51
2026-05-06T10:30:54.917Z,2026-05-06T10:31:54.917Z,0,0.013,20.94,51
2026-05-06T10:33:55.311Z,2026-05-06T10:34:55.311Z,1,0.023,20.94,51
2026-05-06T19:39:05.676Z,2026-05-06T19:40:05.676Z,3,0.39,20.94,51
2026-05-06T19:40:05.740Z,2026-05-06T19:41:05.740Z,2,0.05,20.94,51
2026-05-06T23:14:33.358Z,2026-05-06T23:15:33.358Z,0,0.003,20.94,51
2026-05-07T01:03:47.358Z,2026-05-07T01:04:47.358Z,1,0.027,20.94,51
2026-05-07T01:05:47.687Z,2026-05-07T01:06:47.687Z,1,0.077,20.94,51
2026-05-07T01:42:52.471Z,2026-05-07T01:43:52.471Z,1,0.25,20.94,51
2026-05-07T02:55:01.710Z,2026-05-07T02:56:01.710Z,1,0.056,20.94,51
2026-05-07T03:06:03.119Z,2026-05-07T03:07:03.119Z,2,0.043,20.94,51
2026-05-07T03:29:06.102Z,2026-05-07T03:30:06.102Z,1,0.053,20.94,51
2026-05-07T04:07:10.951Z,2026-05-07T04:08:10.951Z,3,0.086,20.94,51
2026-05-07T19:14:08.084Z,2026-05-07T19:15:08.084Z,5,0.39,20.94,51
2026-05-07T19:15:08.148Z,2026-05-07T19:16:08.148Z,2,0.023,20.94,51
2026-05-08T01:47:58.713Z,2026-05-08T01:48:58.713Z,1,0.02,20.94,51
2026-05-08T08:48:52.881Z,2026-05-08T08:49:52.881Z,0,0.003,20.94,51
2026-05-08T08:49:52.946Z,2026-05-08T08:50:52.946Z,0,0.003,20.94,51
2026-05-08T09:28:57.959Z,2026-05-08T09:29:57.959Z,0,0.003,20.94,51
2026-05-08T23:15:44.365Z,2026-05-08T23:16:44.365Z,0,0.003,20.94,51
2026-05-09T08:46:58.875Z,2026-05-09T08:47:58.875Z,0,0.003,20.94,51
2026-05-09T09:29:04.282Z,2026-05-09T09:30:04.282Z,0,0.003,20.94,51
2026-05-10T09:27:09.677Z,2026-05-10T09:28:09.677Z,0,0.003,20.94,51
2026-05-10T09:28:09.742Z,2026-05-10T09:29:09.742Z,0,0.003,20.94,51
2026-05-10T19:32:27.513Z,2026-05-10T19:33:27.513Z,4,0.701,20.94,51
2026-05-10T19:33:27.677Z,2026-05-10T19:34:27.677Z,1,0.1,20.94,51
2026-05-10T19:34:27.743Z,2026-05-10T19:35:27.743Z,2,0.289,20.94,51
2026-05-10T19:35:27.907Z,2026-05-10T19:36:27.907Z,4,0.206,20.94,51
2026-05-11T00:52:08.673Z,2026-05-11T00:53:08.673Z,1,0.037,20.94,51
2026-05-11T01:25:12.900Z,2026-05-11T01:26:12.900Z,0,0.007,20.94,51
2026-05-11T01:26:12.964Z,2026-05-11T01:27:12.964Z,2,0.053,20.94,51
2026-05-11T01:38:14.538Z,2026-05-11T01:39:14.538Z,1,0.023,20.94,51
2026-05-11T01:46:15.553Z,2026-05-11T01:47:15.553Z,1,0.063,20.94,51
2026-05-11T01:50:16.111Z,2026-05-11T01:51:16.111Z,1,0.01,20.94,51
2026-05-11T01:56:16.898Z,2026-05-11T01:57:16.898Z,2,0.063,20.94,51
2026-05-11T01:57:16.961Z,2026-05-11T01:58:16.961Z,1,0.037,20.94,51
2026-05-11T01:58:17.127Z,2026-05-11T01:59:17.127Z,1,0.043,20.94,51
2026-05-11T01:59:17.290Z,2026-05-11T02:00:17.290Z,1,0.043,20.94,51
2026-05-11T03:21:27.875Z,2026-05-11T03:22:27.875Z,1,0.027,20.94,51
2026-05-11T03:22:27.938Z,2026-05-11T03:23:27.938Z,0,0.007,20.94,51
2026-05-11T03:38:29.970Z,2026-05-11T03:39:29.970Z,1,0.03,20.94,51
2026-05-11T03:40:30.299Z,2026-05-11T03:41:30.299Z,1,0.013,20.94,51
2026-05-11T03:55:32.165Z,2026-05-11T03:56:32.165Z,1,0.023,20.94,51
2026-05-11T04:18:35.148Z,2026-05-11T04:19:35.148Z,1,0.027,20.94,51
2026-05-11T04:23:35.769Z,2026-05-11T04:24:35.769Z,1,0.013,20.94,51
2026-05-11T05:13:42.292Z,2026-05-11T05:14:42.292Z,1,0.047,20.94,51
2026-05-11T05:16:42.684Z,2026-05-11T05:17:42.684Z,1,0.02,20.94,51
2026-05-11T05:17:42.750Z,2026-05-11T05:18:42.750Z,1,0.043,20.94,51
2026-05-11T05:21:43.308Z,2026-05-11T05:22:43.308Z,1,0.013,20.94,51
2026-05-11T05:39:45.568Z,2026-05-11T05:40:45.568Z,1,0.063,20.94,51
2026-05-11T05:54:47.533Z,2026-05-11T05:55:47.533Z,1,0.03,20.94,51
2026-05-11T05:56:47.763Z,2026-05-11T05:57:47.763Z,0,0.003,20.94,51
2026-05-11T06:05:48.943Z,2026-05-11T06:06:48.943Z,0,0.007,20.94,51
2026-05-11T06:13:49.959Z,2026-05-11T06:14:49.959Z,2,0.608,20.94,51
2026-05-11T06:14:50.122Z,2026-05-11T06:15:50.122Z,1,0.518,20.94,51
2026-05-11T06:15:50.286Z,2026-05-11T06:16:50.286Z,1,0.46,20.94,51
2026-05-11T06:16:50.351Z,2026-05-11T06:17:50.351Z,1,0.04,20.94,51
2026-05-11T06:17:50.516Z,2026-05-11T06:18:50.516Z,3,0.545,20.94,51
2026-05-11T06:27:51.760Z,2026-05-11T06:28:51.760Z,0,0.007,20.94,51
2026-05-11T06:28:51.924Z,2026-05-11T06:29:51.924Z,0,0.003,20.94,51
2026-05-11T06:30:52.154Z,2026-05-11T06:31:52.154Z,0,0.023,20.94,51
2026-05-11T06:33:52.548Z,2026-05-11T06:34:52.548Z,0,0.007,20.94,51
2026-05-11T06:35:52.877Z,2026-05-11T06:36:52.877Z,0,0.007,20.94,51
2026-05-11T06:36:52.940Z,2026-05-11T06:37:52.940Z,2,0.259,20.94,51
2026-05-11T06:37:53.105Z,2026-05-11T06:38:53.105Z,7,0.397,20.94,51
2026-05-11T06:44:53.957Z,2026-05-11T06:45:53.957Z,0,0.037,20.94,51
2026-05-11T06:45:54.121Z,2026-05-11T06:46:54.121Z,0,0.017,20.94,51
2026-05-11T06:49:54.678Z,2026-05-11T06:50:54.678Z,0,0.003,20.94,51
2026-05-11T06:51:54.907Z,2026-05-11T06:52:54.907Z,0,0.007,20.94,51
2026-05-11T06:52:55.072Z,2026-05-11T06:53:55.072Z,0,0.003,20.94,51
2026-05-11T06:55:55.365Z,2026-05-11T06:56:55.365Z,0,0.017,20.94,51
2026-05-11T06:56:55.529Z,2026-05-11T06:57:55.529Z,4,0.326,20.94,51
2026-05-11T06:57:55.694Z,2026-05-11T06:58:55.694Z,2,0.41,20.94,51
2026-05-11T06:58:55.759Z,2026-05-11T06:59:55.759Z,3,0.096,20.94,51
2026-05-11T07:22:58.905Z,2026-05-11T07:23:58.905Z,4,0.46,20.94,51
2026-05-11T07:23:58.970Z,2026-05-11T07:24:58.970Z,4,0.289,20.94,51
2026-05-11T07:24:59.134Z,2026-05-11T07:25:59.134Z,1,0.013,20.94,51
2026-05-11T07:47:01.951Z,2026-05-11T07:48:01.951Z,0,0.06,20.94,51
2026-05-11T08:11:05.098Z,2026-05-11T08:12:05.098Z,2,0.207,20.94,51
2026-05-11T08:12:05.163Z,2026-05-11T08:13:05.163Z,4,0.276,20.94,51
2026-05-11T08:13:05.328Z,2026-05-11T08:14:05.328Z,3,0.126,20.94,51
2026-05-11T08:15:05.556Z,2026-05-11T08:16:05.556Z,0,0.106,20.94,51
2026-05-11T08:16:05.720Z,2026-05-11T08:17:05.720Z,0,0.083,20.94,51
2026-05-11T08:19:06.114Z,2026-05-11T08:20:06.114Z,0,0.003,20.94,51
2026-05-11T08:21:06.342Z,2026-05-11T08:22:06.342Z,0,0.007,20.94,51
2026-05-11T08:23:06.671Z,2026-05-11T08:24:06.671Z,0,0.003,20.94,51
2026-05-11T08:24:06.736Z,2026-05-11T08:25:06.736Z,0,0.003,20.94,51
2026-05-11T08:26:06.966Z,2026-05-11T08:27:06.966Z,1,0.01,20.94,51
2026-05-11T08:27:07.130Z,2026-05-11T08:28:07.130Z,1,0.08,20.94,51
2026-05-11T08:39:08.703Z,2026-05-11T08:40:08.703Z,1,0.047,20.94,51
2026-05-11T08:40:08.767Z,2026-05-11T08:41:08.767Z,0,0.01,20.94,51
2026-05-11T08:42:09.096Z,2026-05-11T08:43:09.096Z,0,0.01,20.94,51
2026-05-11T08:50:10.111Z,2026-05-11T08:51:10.111Z,0,0.003,20.94,51
2026-05-11T08:51:10.276Z,2026-05-11T08:52:10.276Z,1,0.08,20.94,51
2026-05-11T08:52:10.341Z,2026-05-11T08:53:10.341Z,1,0.239,20.94,51
2026-05-11T08:55:10.734Z,2026-05-11T08:56:10.734Z,2,0.223,20.94,51
2026-05-11T08:56:10.898Z,2026-05-11T08:57:10.898Z,3,0.417,20.94,51
2026-05-11T08:57:10.963Z,2026-05-11T08:58:10.963Z,5,0.375,20.94,51
2026-05-11T08:58:11.128Z,2026-05-11T08:59:11.128Z,0,0.003,20.94,51
2026-05-11T08:59:11.292Z,2026-05-11T09:00:11.292Z,0,0.02,20.94,51
2026-05-11T09:00:11.357Z,2026-05-11T09:01:11.357Z,0,0.179,20.94,51
2026-05-11T09:01:11.520Z,2026-05-11T09:02:11.520Z,0,0.764,20.94,51
2026-05-11T09:02:11.686Z,2026-05-11T09:03:11.686Z,0,0.81,20.94,51
2026-05-11T09:03:11.750Z,2026-05-11T09:04:11.750Z,0,0.116,20.94,51
2026-05-11T09:04:11.914Z,2026-05-11T09:05:11.914Z,0,0.498,20.94,51
2026-05-11T09:05:12.078Z,2026-05-11T09:06:12.078Z,0,0.7,20.94,51
2026-05-11T09:06:12.142Z,2026-05-11T09:07:12.142Z,0,0.153,20.94,51
2026-05-11T09:09:12.536Z,2026-05-11T09:10:12.536Z,0,0.316,20.94,51
2026-05-11T09:10:12.700Z,2026-05-11T09:11:12.700Z,0,0.387,20.94,51
2026-05-11T09:11:12.765Z,2026-05-11T09:12:12.765Z,0,0.505,20.94,51
2026-05-11T09:12:12.930Z,2026-05-11T09:13:12.930Z,0,0.432,20.94,51
2026-05-11T09:13:13.094Z,2026-05-11T09:14:13.094Z,0,0.303,20.94,51
2026-05-11T09:14:13.158Z,2026-05-11T09:15:13.158Z,0,0.262,20.94,51
2026-05-11T09:15:13.322Z,2026-05-11T09:16:13.322Z,0,0.674,20.94,51
2026-05-11T09:16:13.487Z,2026-05-11T09:17:13.487Z,0,0.387,20.94,51
2026-05-11T09:17:13.552Z,2026-05-11T09:18:13.552Z,0,0.495,20.94,51
2026-05-11T09:18:13.717Z,2026-05-11T09:19:13.717Z,5,0.399,20.94,51
2026-05-11T09:19:13.881Z,2026-05-11T09:20:13.881Z,5,0.31,20.94,51
2026-05-11T09:20:13.946Z,2026-05-11T09:21:13.946Z,1,0.249,20.94,51
2026-05-11T09:21:14.109Z,2026-05-11T09:22:14.109Z,0,0.362,20.94,51
2026-05-11T09:22:14.273Z,2026-05-11T09:23:14.273Z,0,0.447,20.94,51
2026-05-11T09:23:14.338Z,2026-05-11T09:24:14.338Z,0,0.814,20.94,51
2026-05-11T09:24:14.503Z,2026-05-11T09:25:14.503Z,0,0.92,20.94,51
2026-05-11T09:25:14.568Z,2026-05-11T09:26:14.568Z,0,0.458,20.94,51
2026-05-11T09:26:14.732Z,2026-05-11T09:27:14.732Z,0,0.262,20.94,51
2026-05-11T09:27:14.897Z,2026-05-11T09:28:14.897Z,1,0.117,20.94,51
2026-05-11T09:28:14.960Z,2026-05-11T09:29:14.960Z,4,0.14,20.94,51
2026-05-11T09:30:15.289Z,2026-05-11T09:31:15.289Z,0,0.53,20.94,51
2026-05-11T09:31:15.354Z,2026-05-11T09:32:15.354Z,0,0.043,20.94,51
2026-05-11T09:33:15.683Z,2026-05-11T09:34:15.683Z,0,0.273,20.94,51
2026-05-11T09:34:15.747Z,2026-05-11T09:35:15.747Z,1,0.04,20.94,51
2026-05-11T09:35:15.911Z,2026-05-11T09:36:15.911Z,2,0.043,20.94,51
2026-05-11T09:36:16.076Z,2026-05-11T09:37:16.076Z,1,0.247,20.94,51
2026-05-11T09:37:16.141Z,2026-05-11T09:38:16.141Z,2,0.302,20.94,51
2026-05-11T09:38:16.305Z,2026-05-11T09:39:16.305Z,2,0.5,20.94,51
2026-05-11T09:39:16.369Z,2026-05-11T09:40:16.369Z,1,0.475,20.94,51
2026-05-11T09:40:16.533Z,2026-05-11T09:41:16.533Z,0,0.07,20.94,51
2026-05-11T09:42:16.763Z,2026-05-11T09:43:16.763Z,0,0.007,20.94,51
2026-05-11T09:45:17.157Z,2026-05-11T09:46:17.157Z,0,0.02,20.94,51
2026-05-11T09:51:17.943Z,2026-05-11T09:52:17.943Z,0,0.003,20.94,51
2026-05-11T09:52:18.108Z,2026-05-11T09:53:18.108Z,1,0.053,20.94,51
2026-05-11T19:17:30.762Z,2026-05-11T19:18:30.762Z,2,0.279,20.94,51
2026-05-11T19:18:30.927Z,2026-05-11T19:19:30.927Z,3,0.359,20.94,51
2026-05-11T19:19:31.091Z,2026-05-11T19:20:31.091Z,3,0.25,20.94,51
2026-05-12T02:03:22.964Z,2026-05-12T02:04:22.964Z,1,0.176,20.94,51
2026-05-12T02:05:23.293Z,2026-05-12T02:06:23.293Z,1,0.13,20.94,51
2026-05-12T02:25:25.882Z,2026-05-12T02:26:25.882Z,1,0.03,20.94,51
2026-05-12T02:44:28.306Z,2026-05-12T02:45:28.306Z,2,0.09,20.94,51
2026-05-12T02:45:28.471Z,2026-05-12T02:46:28.471Z,0,0.027,20.94,51
2026-05-12T02:49:28.928Z,2026-05-12T02:50:28.928Z,0,0.003,20.94,51
2026-05-12T02:54:29.552Z,2026-05-12T02:55:29.552Z,2,0.027,20.94,51
2026-05-12T03:06:31.125Z,2026-05-12T03:07:31.125Z,1,0.296,20.94,51
2026-05-12T03:07:31.289Z,2026-05-12T03:08:31.289Z,1,0.15,20.94,51
2026-05-12T03:08:31.354Z,2026-05-12T03:09:31.354Z,2,0.11,20.94,51
2026-05-12T03:10:31.683Z,2026-05-12T03:11:31.683Z,1,0.183,20.94,51
2026-05-12T03:13:32.075Z,2026-05-12T03:14:32.075Z,1,0.033,20.94,51
2026-05-12T03:15:32.305Z,2026-05-12T03:16:32.305Z,1,0.153,20.94,51
2026-05-12T03:36:34.957Z,2026-05-12T03:37:34.957Z,3,0.282,20.94,51
2026-05-12T03:37:35.122Z,2026-05-12T03:38:35.122Z,3,0.688,20.94,51
2026-05-12T03:38:35.286Z,2026-05-12T03:39:35.286Z,4,0.473,20.94,51
2026-05-12T03:39:35.351Z,2026-05-12T03:40:35.351Z,5,0.654,20.94,51
2026-05-12T03:40:35.516Z,2026-05-12T03:41:35.516Z,4,1.047,20.94,51
2026-05-12T03:41:35.680Z,2026-05-12T03:42:35.680Z,5,0.447,20.94,51
2026-05-12T03:42:35.744Z,2026-05-12T03:43:35.744Z,6,0.704,20.94,51
2026-05-12T03:43:35.908Z,2026-05-12T03:44:35.908Z,1,0.924,20.94,51
2026-05-12T03:44:36.073Z,2026-05-12T03:45:36.073Z,3,1.03,20.94,51
2026-05-12T03:45:36.138Z,2026-05-12T03:46:36.138Z,5,1.86,20.94,51
2026-05-12T03:46:36.302Z,2026-05-12T03:47:36.302Z,3,1.463,20.94,51
2026-05-12T03:47:36.367Z,2026-05-12T03:48:36.367Z,2,1.601,20.94,51
2026-05-12T03:48:36.530Z,2026-05-12T03:49:36.530Z,4,0.681,20.94,51
2026-05-12T03:49:36.696Z,2026-05-12T03:50:36.696Z,4,1.06,20.94,51
2026-05-12T03:50:36.759Z,2026-05-12T03:51:36.759Z,4,1.113,20.94,51
2026-05-12T03:51:36.924Z,2026-05-12T03:52:36.924Z,4,0.797,20.94,51
2026-05-12T03:52:37.088Z,2026-05-12T03:53:37.088Z,5,0.283,20.94,51
2026-05-12T03:53:37.154Z,2026-05-12T03:54:37.154Z,3,0.249,20.94,51
2026-05-12T03:54:37.318Z,2026-05-12T03:55:37.318Z,2,0.286,20.94,51
2026-05-12T03:55:37.482Z,2026-05-12T03:56:37.482Z,0,0.04,20.94,51
2026-05-12T03:56:37.546Z,2026-05-12T03:57:37.546Z,1,0.14,20.94,51
2026-05-12T03:57:37.710Z,2026-05-12T03:58:37.710Z,1,0.206,20.94,51
2026-05-12T03:58:37.875Z,2026-05-12T03:59:37.875Z,1,0.097,20.94,51
2026-05-12T03:59:37.940Z,2026-05-12T04:00:37.940Z,1,0.691,20.94,51
2026-05-12T04:00:38.105Z,2026-05-12T04:01:38.105Z,0,0.72,20.94,51
2026-05-12T04:01:38.168Z,2026-05-12T04:02:38.168Z,2,0.485,20.94,51
2026-05-12T04:02:38.334Z,2026-05-12T04:03:38.334Z,1,0.442,20.94,51
2026-05-12T04:03:38.497Z,2026-05-12T04:04:38.497Z,2,0.473,20.94,51
2026-05-12T04:04:38.562Z,2026-05-12T04:05:38.562Z,0,0.08,20.94,51
2026-05-12T04:05:38.726Z,2026-05-12T04:06:38.726Z,0,0.103,20.94,51
2026-05-12T04:06:38.891Z,2026-05-12T04:07:38.891Z,1,0.173,20.94,51
2026-05-12T04:07:38.956Z,2026-05-12T04:08:38.956Z,0,0.203,20.94,51
2026-05-12T04:08:39.119Z,2026-05-12T04:09:39.119Z,0,0.05,20.94,51
2026-05-12T04:09:39.285Z,2026-05-12T04:10:39.285Z,2,0.063,20.94,51
2026-05-12T04:10:39.348Z,2026-05-12T04:11:39.348Z,0,0.05,20.94,51
2026-05-12T04:11:39.513Z,2026-05-12T04:12:39.513Z,0,0.01,20.94,51
2026-05-12T04:12:39.677Z,2026-05-12T04:13:39.677Z,0,0.137,20.94,51
2026-05-12T04:13:39.742Z,2026-05-12T04:14:39.742Z,0,0.003,20.94,51
2026-05-12T04:14:39.907Z,2026-05-12T04:15:39.907Z,2,0.1,20.94,51
2026-05-12T04:15:40.071Z,2026-05-12T04:16:40.071Z,0,0.093,20.94,51
2026-05-12T04:16:40.135Z,2026-05-12T04:17:40.135Z,0,0.003,20.94,51
2026-05-12T04:17:40.299Z,2026-05-12T04:18:40.299Z,0,0.07,20.94,51
2026-05-12T04:18:40.365Z,2026-05-12T04:19:40.365Z,2,0.04,20.94,51
2026-05-12T04:19:40.529Z,2026-05-12T04:20:40.529Z,2,0.193,20.94,51
2026-05-12T04:20:40.693Z,2026-05-12T04:21:40.693Z,1,0.66,20.94,51
2026-05-12T04:21:40.757Z,2026-05-12T04:22:40.757Z,1,0.94,20.94,51
2026-05-12T04:22:40.921Z,2026-05-12T04:23:40.921Z,5,0.193,20.94,51
2026-05-12T04:39:43.118Z,2026-05-12T04:40:43.118Z,0,0.023,20.94,51
2026-05-12T04:43:43.676Z,2026-05-12T04:44:43.676Z,0,0.123,20.94,51
2026-05-12T04:46:43.969Z,2026-05-12T04:47:43.969Z,0,0.007,20.94,51
2026-05-12T04:59:45.707Z,2026-05-12T05:00:45.707Z,0,0.013,20.94,51
2026-05-12T05:00:45.872Z,2026-05-12T05:01:45.872Z,0,0.03,20.94,51
2026-05-12T05:01:45.937Z,2026-05-12T05:02:45.937Z,0,0.096,20.94,51
2026-05-12T05:02:46.101Z,2026-05-12T05:03:46.101Z,0,1.0,20.94,51
2026-05-12T05:03:46.167Z,2026-05-12T05:04:46.167Z,0,0.708,20.94,51
2026-05-12T05:04:46.331Z,2026-05-12T05:05:46.331Z,0,0.013,20.94,51
2026-05-12T05:11:47.282Z,2026-05-12T05:12:47.282Z,0,0.193,20.94,51
2026-05-12T05:12:47.348Z,2026-05-12T05:13:47.348Z,0,0.252,20.94,51
2026-05-12T05:13:47.512Z,2026-05-12T05:14:47.512Z,0,0.023,20.94,51
2026-05-12T05:15:47.740Z,2026-05-12T05:16:47.740Z,0,0.027,20.94,51
2026-05-12T05:16:47.905Z,2026-05-12T05:17:47.905Z,0,0.127,20.94,51
2026-05-12T05:17:47.970Z,2026-05-12T05:18:47.970Z,0,0.163,20.94,51
2026-05-12T05:18:48.134Z,2026-05-12T05:19:48.134Z,0,0.578,20.94,51
2026-05-12T05:19:48.299Z,2026-05-12T05:20:48.299Z,0,0.743,20.94,51
2026-05-12T05:20:48.364Z,2026-05-12T05:21:48.364Z,0,0.741,20.94,51
2026-05-12T05:21:48.529Z,2026-05-12T05:22:48.529Z,0,0.953,20.94,51
2026-05-12T05:22:48.693Z,2026-05-12T05:23:48.693Z,0,1.0,20.94,51
2026-05-12T05:23:48.757Z,2026-05-12T05:24:48.757Z,0,1.0,20.94,51
2026-05-12T05:24:48.921Z,2026-05-12T05:25:48.921Z,0,0.804,20.94,51
2026-05-12T05:25:49.086Z,2026-05-12T05:26:49.086Z,0,1.0,20.94,51
2026-05-12T05:26:49.151Z,2026-05-12T05:27:49.151Z,0,1.0,20.94,51
2026-05-12T05:27:49.315Z,2026-05-12T05:28:49.315Z,0,1.0,20.94,51
2026-05-12T05:28:49.480Z,2026-05-12T05:29:49.480Z,0,1.0,20.94,51
2026-05-12T05:29:49.545Z,2026-05-12T05:30:49.545Z,0,0.369,20.94,51
2026-05-12T05:30:49.709Z,2026-05-12T05:31:49.709Z,0,0.013,20.94,51
2026-05-12T05:31:49.874Z,2026-05-12T05:32:49.874Z,0,0.02,20.94,51
2026-05-12T05:32:49.937Z,2026-05-12T05:33:49.937Z,0,0.272,20.94,51
2026-05-12T05:33:50.102Z,2026-05-12T05:34:50.102Z,0,0.253,20.94,51
2026-05-12T05:34:50.167Z,2026-05-12T05:35:50.167Z,0,0.302,20.94,51
2026-05-12T05:35:50.332Z,2026-05-12T05:36:50.332Z,0,0.1,20.94,51
2026-05-12T05:36:50.496Z,2026-05-12T05:37:50.496Z,0,0.49,20.94,51
2026-05-12T05:37:50.559Z,2026-05-12T05:38:50.559Z,0,0.189,20.94,51
2026-05-12T05:38:50.724Z,2026-05-12T05:39:50.724Z,0,0.292,20.94,51
2026-05-12T05:39:50.888Z,2026-05-12T05:40:50.888Z,0,0.06,20.94,51
2026-05-12T05:40:50.953Z,2026-05-12T05:41:50.953Z,0,0.003,20.94,51
2026-05-12T05:41:51.118Z,2026-05-12T05:42:51.118Z,0,0.186,20.94,51
2026-05-12T05:42:51.282Z,2026-05-12T05:43:51.282Z,3,0.747,20.94,51
2026-05-12T05:44:51.510Z,2026-05-12T05:45:51.510Z,5,0.226,20.94,51
2026-05-12T05:51:52.361Z,2026-05-12T05:52:52.361Z,0,0.02,20.94,51
2026-05-12T05:59:53.476Z,2026-05-12T06:00:53.476Z,1,0.133,20.94,51
2026-05-12T06:26:56.918Z,2026-05-12T06:27:56.918Z,0,0.037,20.94,51
2026-05-12T06:27:57.084Z,2026-05-12T06:28:57.084Z,0,0.133,20.94,51
2026-05-12T06:28:57.148Z,2026-05-12T06:29:57.148Z,0,0.997,20.94,51
2026-05-12T06:29:57.312Z,2026-05-12T06:30:57.312Z,0,0.97,20.94,51
2026-05-12T06:30:57.476Z,2026-05-12T06:31:57.476Z,0,0.16,20.94,51
2026-05-12T06:31:57.542Z,2026-05-12T06:32:57.542Z,0,0.339,20.94,51
2026-05-12T06:32:57.706Z,2026-05-12T06:33:57.706Z,0,0.718,20.94,51
2026-05-12T06:35:58.099Z,2026-05-12T06:36:58.099Z,0,0.233,20.94,51
2026-05-12T06:36:58.164Z,2026-05-12T06:37:58.164Z,0,0.169,20.94,51
2026-05-12T06:38:58.493Z,2026-05-12T06:39:58.493Z,1,0.043,20.94,51
2026-05-12T06:46:59.509Z,2026-05-12T06:47:59.509Z,1,0.013,20.94,51
2026-05-12T06:48:59.737Z,2026-05-12T06:49:59.737Z,3,0.14,20.94,51
2026-05-12T07:13:02.882Z,2026-05-12T07:14:02.882Z,1,0.083,20.94,51
2026-05-12T07:14:02.947Z,2026-05-12T07:15:02.947Z,2,0.694,20.94,51
2026-05-12T07:16:03.276Z,2026-05-12T07:17:03.276Z,1,0.323,20.94,51
2026-05-12T07:17:03.341Z,2026-05-12T07:18:03.341Z,4,0.465,20.94,51
2026-05-12T07:18:03.506Z,2026-05-12T07:19:03.506Z,2,0.633,20.94,51
2026-05-12T07:19:03.569Z,2026-05-12T07:20:03.569Z,0,0.977,20.94,51
2026-05-12T07:20:03.734Z,2026-05-12T07:21:03.734Z,1,0.751,20.94,51
2026-05-12T07:21:03.898Z,2026-05-12T07:22:03.898Z,0,0.147,20.94,51
2026-05-12T07:23:04.128Z,2026-05-12T07:24:04.128Z,0,0.003,20.94,51
2026-05-12T07:26:04.522Z,2026-05-12T07:27:04.522Z,0,0.007,20.94,51
2026-05-12T07:27:04.686Z,2026-05-12T07:28:04.686Z,0,0.04,20.94,51
2026-05-12T07:28:04.750Z,2026-05-12T07:29:04.750Z,0,0.017,20.94,51
2026-05-12T07:29:04.914Z,2026-05-12T07:30:04.914Z,0,0.003,20.94,51
2026-05-12T07:34:05.536Z,2026-05-12T07:35:05.536Z,1,0.116,20.94,51
2026-05-12T07:35:05.701Z,2026-05-12T07:36:05.701Z,4,0.393,20.94,51
2026-05-12T07:36:05.766Z,2026-05-12T07:37:05.766Z,2,0.066,20.94,51
2026-05-12T07:37:05.930Z,2026-05-12T07:38:05.930Z,0,0.003,20.94,51
2026-05-12T07:38:06.095Z,2026-05-12T07:39:06.095Z,0,0.01,20.94,51
2026-05-12T07:39:06.160Z,2026-05-12T07:40:06.160Z,0,0.01,20.94,51
2026-05-12T07:42:06.552Z,2026-05-12T07:43:06.552Z,0,0.003,20.94,51
2026-05-12T07:49:07.503Z,2026-05-12T07:50:07.503Z,3,0.48,20.94,51
2026-05-12T07:50:07.569Z,2026-05-12T07:51:07.569Z,6,0.389,20.94,51
2026-05-12T07:51:07.733Z,2026-05-12T07:52:07.733Z,0,0.003,20.94,51
2026-05-12T07:54:08.127Z,2026-05-12T07:55:08.127Z,0,0.007,20.94,51
2026-05-12T08:00:08.913Z,2026-05-12T08:01:08.913Z,6,0.429,20.94,51
2026-05-12T08:01:09.076Z,2026-05-12T08:02:09.076Z,1,0.18,20.94,51
2026-05-12T08:02:09.141Z,2026-05-12T08:03:09.141Z,2,0.578,20.94,51
2026-05-12T08:03:09.305Z,2026-05-12T08:04:09.305Z,0,0.007,20.94,51
2026-05-12T08:10:10.355Z,2026-05-12T08:11:10.355Z,0,0.003,20.94,51
2026-05-12T08:12:10.684Z,2026-05-12T08:13:10.684Z,0,0.01,20.94,51
2026-05-12T08:13:10.749Z,2026-05-12T08:14:10.749Z,0,0.003,20.94,51
2026-05-12T08:15:11.078Z,2026-05-12T08:16:11.078Z,0,0.003,20.94,51
2026-05-12T08:16:11.141Z,2026-05-12T08:17:11.141Z,0,0.013,20.94,51
2026-05-12T08:18:11.470Z,2026-05-12T08:19:11.470Z,0,0.003,20.94,51
2026-05-12T08:22:11.928Z,2026-05-12T08:23:11.928Z,0,0.01,20.94,51
2026-05-12T08:26:12.486Z,2026-05-12T08:27:12.486Z,0,0.007,20.94,51
2026-05-12T08:29:12.881Z,2026-05-12T08:30:12.881Z,1,0.02,20.94,51
2026-05-12T08:32:13.273Z,2026-05-12T08:33:13.273Z,3,0.097,20.94,51
2026-05-12T08:35:13.566Z,2026-05-12T08:36:13.566Z,5,0.289,20.94,51
2026-05-12T08:36:13.732Z,2026-05-12T08:37:13.732Z,1,0.728,20.94,51
2026-05-12T08:37:13.895Z,2026-05-12T08:38:13.895Z,0,0.013,20.94,51
2026-05-12T08:41:14.354Z,2026-05-12T08:42:14.354Z,0,0.007,20.94,51
2026-05-12T08:43:14.683Z,2026-05-12T08:44:14.683Z,0,0.05,20.94,51
2026-05-12T08:44:14.747Z,2026-05-12T08:45:14.747Z,0,0.003,20.94,51
2026-05-12T08:45:14.911Z,2026-05-12T08:46:14.911Z,0,0.1,20.94,51
2026-05-12T08:46:15.076Z,2026-05-12T08:47:15.076Z,0,0.5,20.94,51
2026-05-12T08:47:15.141Z,2026-05-12T08:48:15.141Z,0,0.744,20.94,51
2026-05-12T08:48:15.305Z,2026-05-12T08:49:15.305Z,0,0.41,20.94,51
2026-05-12T08:49:15.369Z,2026-05-12T08:50:15.369Z,0,0.203,20.94,51
2026-05-12T08:51:15.698Z,2026-05-12T08:52:15.698Z,0,0.03,20.94,51
2026-05-12T08:52:15.763Z,2026-05-12T08:53:15.763Z,0,0.047,20.94,51
2026-05-12T08:53:15.927Z,2026-05-12T08:54:15.927Z,0,0.02,20.94,51
2026-05-12T08:54:16.092Z,2026-05-12T08:55:16.092Z,0,0.007,20.94,51
2026-05-12T08:57:16.486Z,2026-05-12T08:58:16.486Z,0,0.003,20.94,51
2026-05-12T09:01:16.943Z,2026-05-12T09:02:16.943Z,0,0.04,20.94,51
2026-05-12T09:06:17.565Z,2026-05-12T09:07:17.565Z,0,0.086,20.94,51
2026-05-12T09:07:17.730Z,2026-05-12T09:08:17.730Z,0,0.017,20.94,51
2026-05-12T09:12:18.351Z,2026-05-12T09:13:18.351Z,0,0.003,20.94,51
2026-05-12T09:14:18.680Z,2026-05-12T09:15:18.680Z,0,0.007,20.94,51
2026-05-12T09:24:19.924Z,2026-05-12T09:25:19.924Z,0,0.269,20.94,51
2026-05-12T09:25:20.088Z,2026-05-12T09:26:20.088Z,0,0.263,20.94,51
2026-05-12T09:26:20.153Z,2026-05-12T09:27:20.153Z,0,0.193,20.94,51
2026-05-12T09:27:20.316Z,2026-05-12T09:28:20.316Z,0,0.076,20.94,51
2026-05-12T09:28:20.482Z,2026-05-12T09:29:20.482Z,0,0.003,20.94,51
2026-05-12T09:29:20.546Z,2026-05-12T09:30:20.546Z,0,0.023,20.94,51
2026-05-12T09:30:20.710Z,2026-05-12T09:31:20.710Z,0,0.412,20.94,51
2026-05-12T09:31:20.875Z,2026-05-12T09:32:20.875Z,0,0.81,20.94,51
2026-05-12T09:32:20.938Z,2026-05-12T09:33:20.938Z,0,0.093,20.94,51
2026-05-12T09:34:21.168Z,2026-05-12T09:35:21.168Z,0,0.053,20.94,51
2026-05-12T09:35:21.332Z,2026-05-12T09:36:21.332Z,0,0.013,20.94,51
2026-05-12T09:36:21.496Z,2026-05-12T09:37:21.496Z,0,0.26,20.94,51
2026-05-12T09:37:21.562Z,2026-05-12T09:38:21.562Z,0,0.223,20.94,51
2026-05-12T09:38:21.726Z,2026-05-12T09:39:21.726Z,1,0.233,20.94,51
2026-05-12T09:39:21.891Z,2026-05-12T09:40:21.891Z,0,0.263,20.94,51
2026-05-12T09:40:21.954Z,2026-05-12T09:41:21.954Z,0,0.103,20.94,51
2026-05-12T09:41:22.119Z,2026-05-12T09:42:22.119Z,0,0.575,20.94,51
2026-05-12T09:42:22.283Z,2026-05-12T09:43:22.283Z,0,0.38,20.94,51
2026-05-12T09:43:22.348Z,2026-05-12T09:44:22.348Z,0,0.412,20.94,51
2026-05-12T09:44:22.513Z,2026-05-12T09:45:22.513Z,0,0.233,20.94,51
2026-05-12T09:45:22.677Z,2026-05-12T09:46:22.677Z,2,0.43,20.94,51
2026-05-12T09:46:22.742Z,2026-05-12T09:47:22.742Z,1,0.282,20.94,51
2026-05-12T09:47:22.907Z,2026-05-12T09:48:22.907Z,0,0.073,20.94,51
2026-05-12T09:48:23.071Z,2026-05-12T09:49:23.071Z,0,0.18,20.94,51
2026-05-12T09:49:23.135Z,2026-05-12T09:50:23.135Z,0,0.362,20.94,51
2026-05-12T09:50:23.299Z,2026-05-12T09:51:23.299Z,0,0.247,20.94,51
2026-05-12T09:51:23.365Z,2026-05-12T09:52:23.365Z,0,0.309,20.94,51
2026-05-12T09:52:23.529Z,2026-05-12T09:53:23.529Z,0,0.13,20.94,51
2026-05-12T09:53:23.693Z,2026-05-12T09:54:23.693Z,0,0.163,20.94,51
2026-05-12T09:54:23.757Z,2026-05-12T09:55:23.757Z,0,0.502,20.94,51
2026-05-12T09:55:23.921Z,2026-05-12T09:56:23.921Z,0,0.339,20.94,51
2026-05-12T09:56:24.086Z,2026-05-12T09:57:24.086Z,1,0.387,20.94,51
2026-05-12T09:57:24.151Z,2026-05-12T09:58:24.151Z,0,0.455,20.94,51
2026-05-12T09:58:24.315Z,2026-05-12T09:59:24.315Z,0,0.402,20.94,51
2026-05-12T10:00:24.545Z,2026-05-12T10:01:24.545Z,0,0.01,20.94,51
2026-05-12T10:02:24.872Z,2026-05-12T10:03:24.872Z,0,0.037,20.94,51
2026-05-12T10:03:24.937Z,2026-05-12T10:04:24.937Z,0,0.286,20.94,51
2026-05-12T10:04:25.101Z,2026-05-12T10:05:25.101Z,0,0.403,20.94,51
2026-05-12T10:05:25.167Z,2026-05-12T10:06:25.167Z,0,0.518,20.94,51
2026-05-12T10:06:25.331Z,2026-05-12T10:07:25.331Z,0,0.043,20.94,51
2026-05-12T10:11:25.953Z,2026-05-12T10:12:25.953Z,0,0.01,20.94,51
2026-05-12T10:12:26.118Z,2026-05-12T10:13:26.118Z,1,0.04,20.94,51
2026-05-12T10:16:26.676Z,2026-05-12T10:17:26.676Z,3,0.13,20.94,51
2026-05-12T10:17:26.740Z,2026-05-12T10:18:26.740Z,4,0.156,20.94,51
2026-05-12T10:18:26.904Z,2026-05-12T10:19:26.904Z,0,0.487,20.94,51
2026-05-12T10:19:26.969Z,2026-05-12T10:20:26.969Z,0,0.126,20.94,51
2026-05-12T10:20:27.132Z,2026-05-12T10:21:27.132Z,0,0.146,20.94,51
2026-05-12T10:21:27.296Z,2026-05-12T10:22:27.296Z,0,0.08,20.94,51
2026-05-12T10:24:27.690Z,2026-05-12T10:25:27.690Z,0,0.003,20.94,51
2026-05-12T10:25:27.755Z,2026-05-12T10:26:27.755Z,0,0.023,20.94,51
2026-05-12T10:26:27.918Z,2026-05-12T10:27:27.918Z,0,0.04,20.94,51
2026-05-12T10:28:28.148Z,2026-05-12T10:29:28.148Z,0,0.003,20.94,51
2026-05-12T10:29:28.312Z,2026-05-12T10:30:28.312Z,0,0.007,20.94,51
2026-05-12T10:32:28.704Z,2026-05-12T10:33:28.704Z,0,0.007,20.94,51
2026-05-12T10:35:29.098Z,2026-05-12T10:36:29.098Z,0,0.007,20.94,51
2026-05-12T10:40:29.720Z,2026-05-12T10:41:29.720Z,0,0.007,20.94,51
2026-05-12T10:41:29.884Z,2026-05-12T10:42:29.884Z,0,0.027,20.94,51
2026-05-12T10:44:30.278Z,2026-05-12T10:45:30.278Z,0,0.007,20.94,51
2026-05-12T10:46:30.506Z,2026-05-12T10:47:30.506Z,5,0.106,20.94,51
2026-05-12T10:48:30.736Z,2026-05-12T10:49:30.736Z,4,0.169,20.94,51
2026-05-12T10:49:30.901Z,2026-05-12T10:50:30.901Z,1,0.017,20.94,51
2026-05-12T10:50:30.964Z,2026-05-12T10:51:30.964Z,2,0.246,20.94,51
2026-05-12T10:54:31.523Z,2026-05-12T10:55:31.523Z,1,0.02,20.94,51
2026-05-12T10:55:31.687Z,2026-05-12T10:56:31.687Z,0,0.003,20.94,51
2026-05-12T10:56:31.752Z,2026-05-12T10:57:31.752Z,0,0.017,20.94,51
2026-05-12T10:57:31.917Z,2026-05-12T10:58:31.917Z,6,0.229,20.94,51
2026-05-12T10:58:32.081Z,2026-05-12T10:59:32.081Z,2,0.283,20.94,51
2026-05-12T10:59:32.145Z,2026-05-12T11:00:32.145Z,1,0.196,20.94,51
2026-05-12T11:00:32.309Z,2026-05-12T11:01:32.309Z,1,0.216,20.94,51
2026-05-12T11:01:32.474Z,2026-05-12T11:02:32.474Z,0,0.013,20.94,51
2026-05-12T11:02:32.539Z,2026-05-12T11:03:32.539Z,0,0.027,20.94,51
2026-05-12T11:03:32.703Z,2026-05-12T11:04:32.703Z,0,0.04,20.94,51
2026-05-12T11:04:32.767Z,2026-05-12T11:05:32.767Z,0,0.023,20.94,51
2026-05-12T11:05:32.931Z,2026-05-12T11:06:32.931Z,0,0.003,20.94,51
2026-05-12T11:06:33.096Z,2026-05-12T11:07:33.096Z,1,0.073,20.94,51
2026-05-12T11:07:33.161Z,2026-05-12T11:08:33.161Z,0,0.017,20.94,51
2026-05-12T11:08:33.325Z,2026-05-12T11:09:33.325Z,1,0.133,20.94,51
2026-05-12T11:09:33.490Z,2026-05-12T11:10:33.490Z,2,0.047,20.94,51
2026-05-12T11:10:33.555Z,2026-05-12T11:11:33.555Z,0,0.116,20.94,51
2026-05-12T11:11:33.719Z,2026-05-12T11:12:33.719Z,0,0.213,20.94,51
2026-05-12T11:12:33.884Z,2026-05-12T11:13:33.884Z,1,0.083,20.94,51
2026-05-12T11:13:33.947Z,2026-05-12T11:14:33.947Z,0,0.023,20.94,51
2026-05-12T11:14:34.112Z,2026-05-12T11:15:34.112Z,1,0.073,20.94,51
2026-05-12T11:15:34.276Z,2026-05-12T11:16:34.276Z,1,0.727,20.94,51
2026-05-12T11:16:34.342Z,2026-05-12T11:17:34.342Z,1,0.239,20.94,51
2026-05-12T11:17:34.506Z,2026-05-12T11:18:34.506Z,1,0.08,20.94,51
2026-05-12T11:18:34.670Z,2026-05-12T11:19:34.670Z,3,0.34,20.94,51
2026-05-12T11:19:34.734Z,2026-05-12T11:20:34.734Z,0,0.013,20.94,51
2026-05-12T11:20:34.898Z,2026-05-12T11:21:34.898Z,0,0.203,20.94,51
2026-05-12T11:21:34.963Z,2026-05-12T11:22:34.963Z,0,0.126,20.94,51
2026-05-12T11:22:35.128Z,2026-05-12T11:23:35.128Z,0,0.017,20.94,51
2026-05-12T11:23:35.292Z,2026-05-12T11:24:35.292Z,1,0.13,20.94,51
2026-05-12T11:24:35.357Z,2026-05-12T11:25:35.357Z,3,0.166,20.94,51
2026-05-12T11:25:35.522Z,2026-05-12T11:26:35.522Z,2,0.618,20.94,51
2026-05-12T11:26:35.686Z,2026-05-12T11:27:35.686Z,1,0.057,20.94,51
2026-05-12T11:27:35.750Z,2026-05-12T11:28:35.750Z,0,0.166,20.94,51
2026-05-12T11:28:35.914Z,2026-05-12T11:29:35.914Z,0,0.007,20.94,51
2026-05-12T11:29:36.078Z,2026-05-12T11:30:36.078Z,0,0.003,20.94,51
2026-05-12T11:30:36.144Z,2026-05-12T11:31:36.144Z,0,0.007,20.94,51
2026-05-12T11:31:36.308Z,2026-05-12T11:32:36.308Z,3,0.189,20.94,51
2026-05-12T11:32:36.471Z,2026-05-12T11:33:36.471Z,1,0.207,20.94,51
2026-05-12T11:34:36.700Z,2026-05-12T11:35:36.700Z,0,0.043,20.94,51
2026-05-12T11:35:36.765Z,2026-05-12T11:36:36.765Z,0,0.003,20.94,51
2026-05-12T11:36:36.930Z,2026-05-12T11:37:36.930Z,1,0.173,20.94,51
2026-05-12T11:37:37.094Z,2026-05-12T11:38:37.094Z,2,0.09,20.94,51
2026-05-12T11:38:37.157Z,2026-05-12T11:39:37.157Z,4,0.176,20.94,51
2026-05-12T19:20:36.674Z,2026-05-12T19:21:36.674Z,4,0.39,20.94,51
2026-05-12T19:21:36.740Z,2026-05-12T19:22:36.740Z,1,0.02,20.94,51
2026-05-13T01:06:21.510Z,2026-05-13T01:07:21.510Z,1,0.09,20.94,51
2026-05-13T01:08:21.740Z,2026-05-13T01:09:21.740Z,1,0.066,20.94,51
2026-05-13T01:09:21.904Z,2026-05-13T01:10:21.904Z,1,0.18,20.94,51
2026-05-13T01:33:24.951Z,2026-05-13T01:34:24.951Z,2,0.176,20.94,51
2026-05-13T01:34:25.115Z,2026-05-13T01:35:25.115Z,0,0.093,20.94,51
2026-05-13T01:37:25.509Z,2026-05-13T01:38:25.509Z,0,0.027,20.94,51
2026-05-13T01:38:25.674Z,2026-05-13T01:39:25.674Z,0,0.263,20.94,51
2026-05-13T01:39:25.737Z,2026-05-13T01:40:25.737Z,0,0.203,20.94,51
2026-05-13T01:41:25.967Z,2026-05-13T01:42:25.967Z,1,0.096,20.94,51
2026-05-13T01:49:27.082Z,2026-05-13T01:50:27.082Z,0,0.013,20.94,51
2026-05-13T01:59:28.325Z,2026-05-13T02:00:28.325Z,2,0.249,20.94,51
2026-05-13T02:00:28.490Z,2026-05-13T02:01:28.490Z,0,0.067,20.94,51
2026-05-13T02:01:28.555Z,2026-05-13T02:02:28.555Z,0,0.199,20.94,51
2026-05-13T02:02:28.719Z,2026-05-13T02:03:28.719Z,0,0.292,20.94,51
2026-05-13T02:03:28.882Z,2026-05-13T02:04:28.882Z,0,0.55,20.94,51
2026-05-13T02:04:28.947Z,2026-05-13T02:05:28.947Z,0,0.754,20.94,51
2026-05-13T02:05:29.111Z,2026-05-13T02:06:29.111Z,4,0.346,20.94,51
2026-05-13T02:06:29.276Z,2026-05-13T02:07:29.276Z,0,0.223,20.94,51
2026-05-13T02:07:29.341Z,2026-05-13T02:08:29.341Z,0,0.262,20.94,51
2026-05-13T02:08:29.506Z,2026-05-13T02:09:29.506Z,0,0.093,20.94,51
2026-05-13T02:09:29.569Z,2026-05-13T02:10:29.569Z,0,0.219,20.94,51
2026-05-13T02:10:29.734Z,2026-05-13T02:11:29.734Z,0,0.027,20.94,51
2026-05-13T02:11:29.898Z,2026-05-13T02:12:29.898Z,0,0.017,20.94,51
2026-05-13T02:13:30.128Z,2026-05-13T02:14:30.128Z,0,0.007,20.94,51
2026-05-13T02:14:30.292Z,2026-05-13T02:15:30.292Z,0,0.11,20.94,51
2026-05-13T02:15:30.357Z,2026-05-13T02:16:30.357Z,0,0.01,20.94,51
2026-05-13T02:16:30.520Z,2026-05-13T02:17:30.520Z,0,0.01,20.94,51
2026-05-13T02:17:30.684Z,2026-05-13T02:18:30.684Z,0,0.013,20.94,51
2026-05-13T02:18:30.750Z,2026-05-13T02:19:30.750Z,0,0.083,20.94,51
2026-05-13T02:19:30.914Z,2026-05-13T02:20:30.914Z,0,0.156,20.94,51
2026-05-13T02:20:31.078Z,2026-05-13T02:21:31.078Z,0,0.43,20.94,51
2026-05-13T02:21:31.142Z,2026-05-13T02:22:31.142Z,0,0.01,20.94,51
2026-05-13T02:22:31.308Z,2026-05-13T02:23:31.308Z,0,0.106,20.94,51
2026-05-13T02:23:31.471Z,2026-05-13T02:24:31.471Z,0,0.057,20.94,51
2026-05-13T02:24:31.536Z,2026-05-13T02:25:31.536Z,0,0.007,20.94,51
2026-05-13T02:25:31.700Z,2026-05-13T02:26:31.700Z,0,0.353,20.94,51
2026-05-13T02:26:31.765Z,2026-05-13T02:27:31.765Z,0,0.103,20.94,51
2026-05-13T02:27:31.930Z,2026-05-13T02:28:31.930Z,0,0.425,20.94,51
2026-05-13T02:28:32.094Z,2026-05-13T02:29:32.094Z,0,0.123,20.94,51
2026-05-13T02:29:32.158Z,2026-05-13T02:30:32.158Z,0,0.628,20.94,51
2026-05-13T02:30:32.322Z,2026-05-13T02:31:32.322Z,0,0.206,20.94,51
2026-05-13T02:31:32.486Z,2026-05-13T02:32:32.486Z,0,0.043,20.94,51
2026-05-13T02:32:32.552Z,2026-05-13T02:33:32.552Z,1,0.389,20.94,51
2026-05-13T02:33:32.716Z,2026-05-13T02:34:32.716Z,0,0.568,20.94,51
2026-05-13T02:34:32.881Z,2026-05-13T02:35:32.881Z,0,0.427,20.94,51
2026-05-13T02:35:32.944Z,2026-05-13T02:36:32.944Z,2,0.133,20.94,51
2026-05-13T02:36:33.108Z,2026-05-13T02:37:33.108Z,0,0.282,20.94,51
2026-05-13T02:37:33.273Z,2026-05-13T02:38:33.273Z,0,0.11,20.94,51
2026-05-13T02:38:33.338Z,2026-05-13T02:39:33.338Z,0,0.056,20.94,51
2026-05-13T02:39:33.503Z,2026-05-13T02:40:33.503Z,0,0.043,20.94,51
2026-05-13T02:40:33.566Z,2026-05-13T02:41:33.566Z,0,0.169,20.94,51
2026-05-13T02:41:33.730Z,2026-05-13T02:42:33.730Z,0,0.635,20.94,51
2026-05-13T02:42:33.895Z,2026-05-13T02:43:33.895Z,0,0.497,20.94,51
2026-05-13T02:43:33.960Z,2026-05-13T02:44:33.960Z,0,0.551,20.94,51
2026-05-13T02:44:34.125Z,2026-05-13T02:45:34.125Z,0,0.339,20.94,51
2026-05-13T02:45:34.289Z,2026-05-13T02:46:34.289Z,0,0.717,20.94,51
2026-05-13T02:46:34.352Z,2026-05-13T02:47:34.352Z,1,0.395,20.94,51
2026-05-13T02:47:34.517Z,2026-05-13T02:48:34.517Z,0,0.146,20.94,51
2026-05-13T02:48:34.681Z,2026-05-13T02:49:34.681Z,0,0.453,20.94,51
2026-05-13T02:49:34.746Z,2026-05-13T02:50:34.746Z,0,0.495,20.94,51
2026-05-13T02:50:34.911Z,2026-05-13T02:51:34.911Z,0,0.681,20.94,51
2026-05-13T02:51:35.075Z,2026-05-13T02:52:35.075Z,0,0.31,20.94,51
2026-05-13T02:52:35.140Z,2026-05-13T02:53:35.140Z,0,0.252,20.94,51
2026-05-13T02:53:35.303Z,2026-05-13T02:54:35.303Z,0,0.253,20.94,51
2026-05-13T02:54:35.368Z,2026-05-13T02:55:35.368Z,1,0.415,20.94,51
2026-05-13T02:55:35.532Z,2026-05-13T02:56:35.532Z,1,0.163,20.94,51
2026-05-13T02:57:35.762Z,2026-05-13T02:58:35.762Z,0,0.056,20.94,51
2026-05-13T02:58:35.926Z,2026-05-13T02:59:35.926Z,0,0.183,20.94,51
2026-05-13T02:59:36.091Z,2026-05-13T03:00:36.091Z,8,0.98,20.94,51
2026-05-13T03:00:36.154Z,2026-05-13T03:01:36.154Z,9,0.767,20.94,51
2026-05-13T03:01:36.319Z,2026-05-13T03:02:36.319Z,3,0.359,20.94,51
2026-05-13T03:02:36.483Z,2026-05-13T03:03:36.483Z,1,0.033,20.94,51
2026-05-13T03:17:38.351Z,2026-05-13T03:18:38.351Z,0,0.023,20.94,51
2026-05-13T03:18:38.516Z,2026-05-13T03:19:38.516Z,6,0.482,20.94,51
2026-05-13T03:19:38.680Z,2026-05-13T03:20:38.680Z,1,0.087,20.94,51
2026-05-13T03:20:38.744Z,2026-05-13T03:21:38.744Z,3,0.252,20.94,51
2026-05-13T03:23:39.138Z,2026-05-13T03:24:39.138Z,0,0.01,20.94,51
2026-05-13T03:24:39.302Z,2026-05-13T03:25:39.302Z,0,0.06,20.94,51
2026-05-13T03:27:39.697Z,2026-05-13T03:28:39.697Z,0,0.353,20.94,51
2026-05-13T03:28:39.760Z,2026-05-13T03:29:39.760Z,0,0.814,20.94,51
2026-05-13T03:29:39.926Z,2026-05-13T03:30:39.926Z,0,0.445,20.94,51
2026-05-13T03:30:40.089Z,2026-05-13T03:31:40.089Z,0,0.05,20.94,51
2026-05-13T03:31:40.154Z,2026-05-13T03:32:40.154Z,0,0.292,20.94,51
2026-05-13T03:32:40.319Z,2026-05-13T03:33:40.319Z,0,0.223,20.94,51
2026-05-13T03:33:40.483Z,2026-05-13T03:34:40.483Z,0,0.24,20.94,51
2026-05-13T03:34:40.548Z,2026-05-13T03:35:40.548Z,0,0.555,20.94,51
2026-05-13T03:35:40.713Z,2026-05-13T03:36:40.713Z,0,0.203,20.94,51
2026-05-13T03:36:40.877Z,2026-05-13T03:37:40.877Z,0,0.67,20.94,51
2026-05-13T03:37:40.941Z,2026-05-13T03:38:40.941Z,0,0.266,20.94,51
2026-05-13T03:38:41.105Z,2026-05-13T03:39:41.105Z,1,0.375,20.94,51
2026-05-13T03:39:41.270Z,2026-05-13T03:40:41.270Z,1,0.203,20.94,51
2026-05-13T03:40:41.335Z,2026-05-13T03:41:41.335Z,0,0.123,20.94,51
2026-05-13T03:41:41.500Z,2026-05-13T03:42:41.500Z,0,0.313,20.94,51
2026-05-13T03:42:41.563Z,2026-05-13T03:43:41.563Z,2,0.133,20.94,51
2026-05-13T03:43:41.729Z,2026-05-13T03:44:41.729Z,0,0.02,20.94,51
2026-05-13T03:44:41.892Z,2026-05-13T03:45:41.892Z,0,0.043,20.94,51
2026-05-13T03:45:41.957Z,2026-05-13T03:46:41.957Z,4,0.259,20.94,51
2026-05-13T03:46:42.121Z,2026-05-13T03:47:42.121Z,0,0.439,20.94,51
2026-05-13T03:47:42.286Z,2026-05-13T03:48:42.286Z,0,0.233,20.94,51
2026-05-13T03:48:42.351Z,2026-05-13T03:49:42.351Z,0,0.037,20.94,51
2026-05-13T03:49:42.516Z,2026-05-13T03:50:42.516Z,0,0.153,20.94,51
2026-05-13T03:50:42.680Z,2026-05-13T03:51:42.680Z,0,0.113,20.94,51
2026-05-13T03:51:42.744Z,2026-05-13T03:52:42.744Z,0,0.103,20.94,51
2026-05-13T03:52:42.908Z,2026-05-13T03:53:42.908Z,0,0.013,20.94,51
2026-05-13T03:53:43.072Z,2026-05-13T03:54:43.072Z,0,0.037,20.94,51
2026-05-13T03:54:43.138Z,2026-05-13T03:55:43.138Z,1,0.083,20.94,51
2026-05-13T03:55:43.302Z,2026-05-13T03:56:43.302Z,0,0.12,20.94,51
2026-05-13T03:56:43.367Z,2026-05-13T03:57:43.367Z,0,0.123,20.94,51
2026-05-13T03:57:43.530Z,2026-05-13T03:58:43.530Z,0,0.106,20.94,51
2026-05-13T03:58:43.696Z,2026-05-13T03:59:43.696Z,0,0.027,20.94,51
2026-05-13T03:59:43.759Z,2026-05-13T04:00:43.759Z,0,0.116,20.94,51
2026-05-13T04:00:43.924Z,2026-05-13T04:01:43.924Z,0,0.027,20.94,51
2026-05-13T04:01:44.088Z,2026-05-13T04:02:44.088Z,0,0.003,20.94,51
2026-05-13T04:02:44.153Z,2026-05-13T04:03:44.153Z,0,0.04,20.94,51
2026-05-13T04:03:44.316Z,2026-05-13T04:04:44.316Z,0,0.066,20.94,51
2026-05-13T04:05:44.546Z,2026-05-13T04:06:44.546Z,0,0.017,20.94,51
2026-05-13T04:06:44.710Z,2026-05-13T04:07:44.710Z,0,0.056,20.94,51
2026-05-13T04:07:44.875Z,2026-05-13T04:08:44.875Z,0,0.01,20.94,51
2026-05-13T04:08:44.940Z,2026-05-13T04:09:44.940Z,0,0.02,20.94,51
2026-05-13T04:10:45.167Z,2026-05-13T04:11:45.167Z,1,0.15,20.94,51
2026-05-13T04:11:45.332Z,2026-05-13T04:12:45.332Z,0,0.455,20.94,51
2026-05-13T04:19:46.348Z,2026-05-13T04:20:46.348Z,0,0.076,20.94,51
2026-05-13T04:20:46.513Z,2026-05-13T04:21:46.513Z,0,0.282,20.94,51
2026-05-13T04:21:46.677Z,2026-05-13T04:22:46.677Z,0,0.22,20.94,51
2026-05-13T04:22:46.742Z,2026-05-13T04:23:46.742Z,1,0.585,20.94,51
2026-05-13T04:23:46.907Z,2026-05-13T04:24:46.907Z,0,0.243,20.94,51
2026-05-13T04:25:47.135Z,2026-05-13T04:26:47.135Z,1,0.203,20.94,51
2026-05-13T04:28:47.529Z,2026-05-13T04:29:47.529Z,0,0.03,20.94,51
2026-05-13T04:30:47.757Z,2026-05-13T04:31:47.757Z,0,0.033,20.94,51
2026-05-13T04:32:48.086Z,2026-05-13T04:33:48.086Z,0,0.013,20.94,51
2026-05-13T04:34:48.315Z,2026-05-13T04:35:48.315Z,0,0.013,20.94,51
2026-05-13T04:36:48.545Z,2026-05-13T04:37:48.545Z,0,0.01,20.94,51
2026-05-13T04:37:48.710Z,2026-05-13T04:38:48.710Z,0,0.01,20.94,51
2026-05-13T04:40:49.102Z,2026-05-13T04:41:49.102Z,0,0.01,20.94,51
2026-05-13T04:45:49.726Z,2026-05-13T04:46:49.726Z,0,0.003,20.94,51
2026-05-13T04:46:49.890Z,2026-05-13T04:47:49.890Z,1,0.223,20.94,51
2026-05-13T04:47:49.954Z,2026-05-13T04:48:49.954Z,0,0.143,20.94,51
2026-05-13T04:48:50.118Z,2026-05-13T04:49:50.118Z,2,0.319,20.94,51
2026-05-13T04:49:50.283Z,2026-05-13T04:50:50.283Z,0,0.007,20.94,51
2026-05-13T04:54:50.905Z,2026-05-13T04:55:50.905Z,0,0.003,20.94,51
2026-05-13T05:09:52.872Z,2026-05-13T05:10:52.872Z,1,0.277,20.94,51
2026-05-13T05:10:52.937Z,2026-05-13T05:11:52.937Z,0,0.106,20.94,51
2026-05-13T05:50:58.112Z,2026-05-13T05:51:58.112Z,0,0.01,20.94,51
2026-05-13T05:51:58.278Z,2026-05-13T05:52:58.278Z,1,0.03,20.94,51
2026-05-13T05:53:58.506Z,2026-05-13T05:54:58.506Z,1,0.013,20.94,51
2026-05-13T08:37:19.512Z,2026-05-13T08:38:19.512Z,1,0.033,20.94,51
2026-05-13T08:39:19.740Z,2026-05-13T08:40:19.740Z,1,0.007,20.94,51
2026-05-13T09:16:24.526Z,2026-05-13T09:17:24.526Z,0,0.003,20.94,51
2026-05-13T09:17:24.690Z,2026-05-13T09:18:24.690Z,0,0.003,20.94,51
2026-05-13T09:18:24.755Z,2026-05-13T09:19:24.755Z,0,0.007,20.94,51
2026-05-13T09:19:24.920Z,2026-05-13T09:20:24.920Z,0,0.02,20.94,51
2026-05-13T09:20:25.084Z,2026-05-13T09:21:25.084Z,0,0.007,20.94,51
2026-05-13T09:21:25.148Z,2026-05-13T09:22:25.148Z,0,0.003,20.94,51
2026-05-13T09:23:25.477Z,2026-05-13T09:24:25.477Z,0,0.003,20.94,51
2026-05-13T09:24:25.542Z,2026-05-13T09:25:25.542Z,0,0.007,20.94,51
2026-05-13T09:25:25.706Z,2026-05-13T09:26:25.706Z,0,0.003,20.94,51
2026-05-13T09:26:25.871Z,2026-05-13T09:27:25.871Z,0,0.003,20.94,51
2026-05-13T09:28:26.099Z,2026-05-13T09:29:26.099Z,0,0.003,20.94,51
2026-05-13T09:29:26.164Z,2026-05-13T09:30:26.164Z,0,0.003,20.94,51
2026-05-13T09:30:26.328Z,2026-05-13T09:31:26.328Z,0,0.017,20.94,51
2026-05-13T09:31:26.493Z,2026-05-13T09:32:26.493Z,0,0.01,20.94,51
2026-05-13T09:32:26.558Z,2026-05-13T09:33:26.558Z,0,0.013,20.94,51
2026-05-13T09:33:26.721Z,2026-05-13T09:34:26.721Z,0,0.003,20.94,51
2026-05-13T09:34:26.887Z,2026-05-13T09:35:26.887Z,0,0.007,20.94,51
2026-05-13T09:35:26.950Z,2026-05-13T09:36:26.950Z,0,0.013,20.94,51
2026-05-13T09:36:27.115Z,2026-05-13T09:37:27.115Z,0,0.003,20.94,51
2026-05-13T19:20:42.516Z,2026-05-13T19:21:42.516Z,1,0.333,20.94,51
2026-05-13T19:21:42.565Z,2026-05-13T19:22:42.565Z,4,0.203,20.94,51
2026-05-14T01:15:28.118Z,2026-05-14T01:16:28.118Z,0,0.01,20.94,51
2026-05-14T01:16:28.282Z,2026-05-14T01:17:28.282Z,4,0.197,20.94,51
2026-05-14T03:01:41.750Z,2026-05-14T03:02:41.750Z,2,0.047,20.94,51
2026-05-14T07:51:19.078Z,2026-05-14T07:52:19.078Z,1,0.01,20.94,51
2026-05-14T07:53:19.306Z,2026-05-14T07:54:19.306Z,1,0.03,20.94,51
2026-05-14T08:09:21.338Z,2026-05-14T08:10:21.338Z,1,0.017,20.94,51
2026-05-14T08:13:21.895Z,2026-05-14T08:14:21.895Z,3,0.183,20.94,51
2026-05-14T08:14:21.960Z,2026-05-14T08:15:21.960Z,1,0.043,20.94,51
2026-05-14T08:16:22.289Z,2026-05-14T08:17:22.289Z,2,0.173,20.94,51
2026-05-14T08:17:22.354Z,2026-05-14T08:18:22.354Z,2,0.206,20.94,51
2026-05-14T08:41:25.500Z,2026-05-14T08:42:25.500Z,0,0.007,20.94,51
2026-05-14T08:43:25.730Z,2026-05-14T08:44:25.730Z,0,0.003,20.94,51
2026-05-14T08:44:25.894Z,2026-05-14T08:45:25.894Z,3,0.087,20.94,51
2026-05-14T08:56:27.368Z,2026-05-14T08:57:27.368Z,2,0.113,20.94,51
2026-05-14T09:01:28.089Z,2026-05-14T09:02:28.089Z,0,0.003,20.94,51
2026-05-14T09:02:28.154Z,2026-05-14T09:03:28.154Z,0,0.01,20.94,51
2026-05-14T09:16:30.157Z,2026-05-14T09:17:30.157Z,0,0.09,20.94,51
2026-05-14T09:17:30.321Z,2026-05-14T09:18:30.321Z,0,0.023,20.94,51
2026-05-14T09:42:33.532Z,2026-05-14T09:43:33.532Z,2,0.169,20.94,51
2026-05-14T09:43:33.697Z,2026-05-14T09:44:33.697Z,6,0.74,20.94,51
2026-05-14T09:44:33.762Z,2026-05-14T09:45:33.762Z,0,0.003,20.94,51
2026-05-14T09:45:33.926Z,2026-05-14T09:46:33.926Z,0,0.037,20.94,51
2026-05-14T09:46:34.089Z,2026-05-14T09:47:34.089Z,0,0.14,20.94,51
2026-05-14T09:48:34.319Z,2026-05-14T09:49:34.319Z,1,0.053,20.94,51
2026-05-14T09:49:34.483Z,2026-05-14T09:50:34.483Z,1,0.223,20.94,51
2026-05-14T09:50:34.548Z,2026-05-14T09:51:34.548Z,0,0.017,20.94,51
2026-05-14T09:53:34.941Z,2026-05-14T09:54:34.941Z,0,0.003,20.94,51
2026-05-14T10:13:37.530Z,2026-05-14T10:14:37.530Z,0,0.007,20.94,51
2026-05-14T10:17:38.088Z,2026-05-14T10:18:38.088Z,2,0.09,20.94,51
2026-05-14T10:21:38.546Z,2026-05-14T10:22:38.546Z,3,0.056,20.94,51
2026-05-14T10:23:38.875Z,2026-05-14T10:24:38.875Z,0,0.007,20.94,51
2026-05-14T10:24:38.940Z,2026-05-14T10:25:38.940Z,0,0.007,20.94,51
2026-05-14T10:25:39.104Z,2026-05-14T10:26:39.104Z,0,0.053,20.94,51
2026-05-14T10:27:39.332Z,2026-05-14T10:28:39.332Z,0,0.06,20.94,51
2026-05-14T10:31:39.891Z,2026-05-14T10:32:39.891Z,0,0.013,20.94,51
2026-05-14T10:33:40.119Z,2026-05-14T10:34:40.119Z,0,0.02,20.94,51
2026-05-14T10:37:40.677Z,2026-05-14T10:38:40.677Z,0,0.02,20.94,51
2026-05-14T10:39:40.905Z,2026-05-14T10:40:40.905Z,0,0.007,20.94,51
2026-05-14T10:40:41.071Z,2026-05-14T10:41:41.071Z,0,0.137,20.94,51
2026-05-14T10:42:41.299Z,2026-05-14T10:43:41.299Z,0,0.007,20.94,51
2026-05-14T10:44:41.529Z,2026-05-14T10:45:41.529Z,0,0.066,20.94,51
2026-05-14T10:45:41.693Z,2026-05-14T10:46:41.693Z,0,0.03,20.94,51
2026-05-14T10:46:41.756Z,2026-05-14T10:47:41.756Z,0,0.013,20.94,51
2026-05-14T10:47:41.921Z,2026-05-14T10:48:41.921Z,0,0.003,20.94,51
2026-05-14T10:48:42.085Z,2026-05-14T10:49:42.085Z,0,0.007,20.94,51
2026-05-14T10:50:42.315Z,2026-05-14T10:51:42.315Z,0,0.163,20.94,51
2026-05-14T10:51:42.479Z,2026-05-14T10:52:42.479Z,0,0.247,20.94,51
2026-05-14T10:52:42.543Z,2026-05-14T10:53:42.543Z,0,0.076,20.94,51
2026-05-14T10:55:42.937Z,2026-05-14T10:56:42.937Z,0,0.01,20.94,51
2026-05-14T10:56:43.101Z,2026-05-14T10:57:43.101Z,0,0.003,20.94,51
2026-05-14T10:57:43.165Z,2026-05-14T10:58:43.165Z,0,0.186,20.94,51
2026-05-14T10:58:43.331Z,2026-05-14T10:59:43.331Z,0,0.09,20.94,51
2026-05-14T10:59:43.494Z,2026-05-14T11:00:43.494Z,0,0.03,20.94,51
2026-05-14T11:00:43.559Z,2026-05-14T11:01:43.559Z,0,0.007,20.94,51
2026-05-14T11:01:43.723Z,2026-05-14T11:02:43.723Z,0,0.01,20.94,51
2026-05-14T11:04:44.117Z,2026-05-14T11:05:44.117Z,0,0.013,20.94,51
2026-05-14T11:05:44.282Z,2026-05-14T11:06:44.282Z,0,0.053,20.94,51
2026-05-14T11:07:44.510Z,2026-05-14T11:08:44.510Z,0,0.013,20.94,51
2026-05-14T11:08:44.674Z,2026-05-14T11:09:44.674Z,0,0.047,20.94,51
2026-05-14T11:12:45.132Z,2026-05-14T11:13:45.132Z,0,0.007,20.94,51
2026-05-14T11:13:45.296Z,2026-05-14T11:14:45.296Z,0,0.003,20.94,51
2026-05-14T11:14:45.361Z,2026-05-14T11:15:45.361Z,0,0.163,20.94,51
2026-05-14T11:15:45.526Z,2026-05-14T11:16:45.526Z,0,0.156,20.94,51
2026-05-14T11:16:45.690Z,2026-05-14T11:17:45.690Z,0,0.07,20.94,51
2026-05-14T11:17:45.755Z,2026-05-14T11:18:45.755Z,0,0.09,20.94,51
2026-05-14T11:18:45.920Z,2026-05-14T11:19:45.920Z,0,0.372,20.94,51
2026-05-14T11:19:46.084Z,2026-05-14T11:20:46.084Z,0,0.4,20.94,51
2026-05-14T11:20:46.148Z,2026-05-14T11:21:46.148Z,0,0.382,20.94,51
2026-05-14T11:21:46.312Z,2026-05-14T11:22:46.312Z,0,0.003,20.94,51
2026-05-14T11:57:50.933Z,2026-05-14T11:58:50.933Z,3,0.193,20.94,51
2026-05-14T11:58:51.096Z,2026-05-14T11:59:51.096Z,3,0.11,20.94,51
2026-05-14T11:59:51.161Z,2026-05-14T12:00:51.161Z,3,0.243,20.94,51
2026-05-14T19:13:47.289Z,2026-05-14T19:14:47.289Z,0,0.007,20.94,51
2026-05-14T19:14:47.336Z,2026-05-14T19:15:47.336Z,4,0.548,20.94,51
2026-05-14T19:15:47.502Z,2026-05-14T19:16:47.502Z,3,0.09,20.94,51
2026-05-14T19:17:47.730Z,2026-05-14T19:18:47.730Z,2,0.05,20.94,51
2026-05-14T23:26:19.716Z,2026-05-14T23:27:19.716Z,0,0.01,20.94,51
2026-05-14T23:27:19.880Z,2026-05-14T23:28:19.880Z,0,0.013,20.94,51
2026-05-14T23:29:20.109Z,2026-05-14T23:30:20.109Z,0,0.003,20.94,51
2026-05-14T23:30:20.273Z,2026-05-14T23:31:20.273Z,0,0.003,20.94,51
2026-05-14T23:40:21.517Z,2026-05-14T23:41:21.517Z,0,0.093,20.94,51
2026-05-14T23:42:21.746Z,2026-05-14T23:43:21.746Z,0,0.043,20.94,51
2026-05-14T23:47:22.369Z,2026-05-14T23:48:22.369Z,0,0.023,20.94,51
2026-05-15T00:42:29.513Z,2026-05-15T00:43:29.513Z,0,0.106,20.94,51
2026-05-15T01:32:35.937Z,2026-05-15T01:33:35.937Z,0,0.003,20.94,51
2026-05-15T01:33:36.101Z,2026-05-15T01:34:36.101Z,0,0.15,20.94,51
2026-05-15T01:34:36.164Z,2026-05-15T01:35:36.164Z,0,0.136,20.94,51
2026-05-15T01:42:37.280Z,2026-05-15T01:43:37.280Z,0,0.013,20.94,51
2026-05-15T01:43:37.345Z,2026-05-15T01:44:37.345Z,0,0.432,20.94,51
2026-05-15T01:44:37.509Z,2026-05-15T01:45:37.509Z,0,0.213,20.94,51
2026-05-15T01:46:37.739Z,2026-05-15T01:47:37.739Z,0,0.007,20.94,51
2026-05-15T01:56:39.082Z,2026-05-15T01:57:39.082Z,0,0.01,20.94,51
2026-05-15T01:58:39.312Z,2026-05-15T01:59:39.312Z,0,0.003,20.94,51
2026-05-15T01:59:39.476Z,2026-05-15T02:00:39.476Z,0,0.013,20.94,51
2026-05-15T02:06:40.326Z,2026-05-15T02:07:40.326Z,1,0.017,20.94,51
2026-05-15T02:07:40.492Z,2026-05-15T02:08:40.492Z,2,0.033,20.94,51
2026-05-15T02:10:40.884Z,2026-05-15T02:11:40.884Z,1,0.023,20.94,51
2026-05-15T02:11:40.950Z,2026-05-15T02:12:40.950Z,2,0.037,20.94,51
2026-05-15T02:51:46.127Z,2026-05-15T02:52:46.127Z,1,0.033,20.94,51
2026-05-15T03:09:48.486Z,2026-05-15T03:10:48.486Z,1,0.17,20.94,51
2026-05-15T04:02:55.303Z,2026-05-15T04:03:55.303Z,2,0.033,20.94,51
2026-05-15T04:11:56.483Z,2026-05-15T04:12:56.483Z,2,0.057,20.94,51
2026-05-15T04:37:59.759Z,2026-05-15T04:38:59.759Z,1,0.037,20.94,51
2026-05-15T04:38:59.924Z,2026-05-15T04:39:59.924Z,1,0.02,20.94,51
2026-05-15T04:44:00.546Z,2026-05-15T04:45:00.546Z,1,0.01,20.94,51
2026-05-15T05:09:03.957Z,2026-05-15T05:10:03.957Z,0,0.007,20.94,51
2026-05-15T05:10:04.121Z,2026-05-15T05:11:04.121Z,1,0.023,20.94,51
2026-05-15T05:11:04.286Z,2026-05-15T05:12:04.286Z,1,0.02,20.94,51
2026-05-15T06:00:10.543Z,2026-05-15T06:01:10.543Z,1,0.017,20.94,51
2026-05-15T06:01:10.709Z,2026-05-15T06:02:10.709Z,0,0.003,20.94,51
2026-05-15T06:34:14.936Z,2026-05-15T06:35:14.936Z,2,0.023,20.94,51
2026-05-15T06:38:15.493Z,2026-05-15T06:39:15.493Z,2,0.027,20.94,51
2026-05-15T06:54:17.525Z,2026-05-15T06:55:17.525Z,2,0.04,20.94,51
2026-05-15T07:29:22.082Z,2026-05-15T07:30:22.082Z,0,0.013,20.94,51
2026-05-15T07:32:22.474Z,2026-05-15T07:33:22.474Z,1,0.017,20.94,51
2026-05-15T07:33:22.539Z,2026-05-15T07:34:22.539Z,2,0.047,20.94,51
2026-05-15T09:00:33.747Z,2026-05-15T09:01:33.747Z,2,0.063,20.94,51
2026-05-15T09:05:34.369Z,2026-05-15T09:06:34.369Z,1,0.037,20.94,51
2026-05-15T09:06:34.533Z,2026-05-15T09:07:34.533Z,1,0.066,20.94,51
2026-05-15T09:07:34.698Z,2026-05-15T09:08:34.698Z,3,0.203,20.94,51
2026-05-15T09:08:34.763Z,2026-05-15T09:09:34.763Z,1,0.033,20.94,51
2026-05-15T09:40:38.926Z,2026-05-15T09:41:38.926Z,2,0.066,20.94,51
2026-05-15T09:41:39.089Z,2026-05-15T09:42:39.089Z,1,0.09,20.94,51
2026-05-15T09:42:39.154Z,2026-05-15T09:43:39.154Z,1,0.013,20.94,51
2026-05-15T09:45:39.548Z,2026-05-15T09:46:39.548Z,1,0.027,20.94,51
2026-05-15T09:47:39.877Z,2026-05-15T09:48:39.877Z,1,0.02,20.94,51
2026-05-15T09:48:39.941Z,2026-05-15T09:49:39.941Z,1,0.033,20.94,51
2026-05-15T09:49:40.105Z,2026-05-15T09:50:40.105Z,0,0.013,20.94,51
2026-05-15T09:50:40.369Z,2026-05-15T09:51:40.369Z,1,0.027,20.94,51
2026-05-16T00:15:32.098Z,2026-05-16T00:16:32.098Z,0,0.13,20.94,51
2026-05-16T00:32:34.293Z,2026-05-16T00:33:34.293Z,0,0.007,20.94,51
2026-05-16T00:34:34.523Z,2026-05-16T00:35:34.523Z,0,0.372,20.94,51
2026-05-16T00:36:34.752Z,2026-05-16T00:37:34.752Z,0,0.432,20.94,51
2026-05-16T01:57:45.272Z,2026-05-16T01:58:45.272Z,3,0.12,20.94,51
2026-05-16T07:24:27.282Z,2026-05-16T07:25:27.282Z,0,0.37,20.94,51
2026-05-16T23:22:30.730Z,2026-05-16T23:23:30.730Z,0,0.003,20.94,51
2026-05-17T00:02:35.884Z,2026-05-17T00:03:35.884Z,0,0.017,20.94,51
2026-05-17T00:03:35.948Z,2026-05-17T00:04:35.948Z,0,0.007,20.94,51
2026-05-17T00:04:36.112Z,2026-05-17T00:05:36.112Z,0,0.013,20.94,51
2026-05-17T04:07:07.507Z,2026-05-17T04:08:07.507Z,0,0.003,20.94,51
2026-05-17T07:52:36.507Z,2026-05-17T07:53:36.507Z,0,0.003,20.94,51
2026-05-17T19:18:04.717Z,2026-05-17T19:19:04.717Z,3,0.347,20.94,51
2026-05-17T19:19:04.765Z,2026-05-17T19:20:04.765Z,1,0.023,20.94,51
2026-05-17T23:52:40.361Z,2026-05-17T23:53:40.361Z,0,0.007,20.94,51
2026-05-17T23:53:40.525Z,2026-05-17T23:54:40.525Z,0,0.003,20.94,51
2026-05-18T00:01:41.540Z,2026-05-18T00:02:41.540Z,0,0.003,20.94,51
2026-05-18T00:28:45.081Z,2026-05-18T00:29:45.081Z,0,0.523,20.94,51
2026-05-18T00:45:47.276Z,2026-05-18T00:46:47.276Z,1,0.083,20.94,51
2026-05-18T00:53:48.318Z,2026-05-18T00:54:48.318Z,1,0.053,20.94,51
2026-05-18T00:55:48.546Z,2026-05-18T00:56:48.546Z,1,0.04,20.94,51
2026-05-18T00:56:48.710Z,2026-05-18T00:57:48.710Z,0,0.007,20.94,51
2026-05-18T00:58:48.940Z,2026-05-18T00:59:48.940Z,0,0.003,20.94,51
2026-05-18T00:59:49.104Z,2026-05-18T01:00:49.104Z,0,0.013,20.94,51
2026-05-18T01:00:49.168Z,2026-05-18T01:01:49.168Z,0,0.169,20.94,51
2026-05-18T01:01:49.332Z,2026-05-18T01:02:49.332Z,0,0.123,20.94,51
2026-05-18T01:02:49.497Z,2026-05-18T01:03:49.497Z,1,0.047,20.94,51
2026-05-18T01:03:49.562Z,2026-05-18T01:04:49.562Z,0,0.013,20.94,51
2026-05-18T01:04:49.726Z,2026-05-18T01:05:49.726Z,1,0.09,20.94,51
2026-05-18T01:05:49.882Z,2026-05-18T01:06:49.882Z,0,0.037,20.94,51
2026-05-18T01:07:50.111Z,2026-05-18T01:08:50.111Z,1,0.007,20.94,51
2026-05-18T01:16:51.299Z,2026-05-18T01:17:51.299Z,1,0.067,20.94,51
2026-05-18T01:18:51.529Z,2026-05-18T01:19:51.529Z,1,0.047,20.94,51
2026-05-18T02:02:57.164Z,2026-05-18T02:03:57.164Z,0,0.003,20.94,51
2026-05-18T02:12:58.509Z,2026-05-18T02:13:58.509Z,2,0.043,20.94,51
2026-05-18T02:13:58.673Z,2026-05-18T02:14:58.673Z,1,0.153,20.94,51
2026-05-18T02:26:00.145Z,2026-05-18T02:27:00.145Z,1,0.203,20.94,51
2026-05-18T02:27:00.302Z,2026-05-18T02:28:00.302Z,5,0.558,20.94,51
2026-05-18T02:28:00.474Z,2026-05-18T02:29:00.474Z,4,0.187,20.94,51
2026-05-18T02:29:00.539Z,2026-05-18T02:30:00.539Z,0,0.02,20.94,51
2026-05-18T02:34:01.161Z,2026-05-18T02:35:01.161Z,0,0.01,20.94,51
2026-05-18T02:40:01.940Z,2026-05-18T02:41:01.940Z,5,0.658,20.94,51
2026-05-18T03:31:08.526Z,2026-05-18T03:32:08.526Z,0,0.037,20.94,51
2026-05-18T03:32:08.690Z,2026-05-18T03:33:08.690Z,0,0.2,20.94,51
2026-05-18T03:33:08.755Z,2026-05-18T03:34:08.755Z,0,0.02,20.94,51
2026-05-18T03:34:08.920Z,2026-05-18T03:35:08.920Z,0,0.03,20.94,51
2026-05-18T03:35:09.084Z,2026-05-18T03:36:09.084Z,1,0.28,20.94,51
2026-05-18T03:36:09.157Z,2026-05-18T03:37:09.157Z,3,0.492,20.94,51
2026-05-18T03:37:09.322Z,2026-05-18T03:38:09.322Z,0,0.246,20.94,51
2026-05-18T03:38:09.486Z,2026-05-18T03:39:09.486Z,0,0.097,20.94,51
2026-05-18T03:39:09.549Z,2026-05-18T03:40:09.549Z,0,0.146,20.94,51
2026-05-18T03:40:09.714Z,2026-05-18T03:41:09.714Z,0,0.488,20.94,51
2026-05-18T03:41:09.878Z,2026-05-18T03:42:09.878Z,0,0.057,20.94,51
2026-05-18T03:42:09.944Z,2026-05-18T03:43:09.944Z,0,0.01,20.94,51
2026-05-18T03:43:10.108Z,2026-05-18T03:44:10.108Z,0,0.02,20.94,51
2026-05-18T03:46:10.502Z,2026-05-18T03:47:10.502Z,0,0.113,20.94,51
2026-05-18T03:47:10.565Z,2026-05-18T03:48:10.565Z,0,0.468,20.94,51
2026-05-18T03:48:10.730Z,2026-05-18T03:49:10.730Z,0,0.262,20.94,51
2026-05-18T03:49:10.894Z,2026-05-18T03:50:10.894Z,2,0.537,20.94,51
2026-05-18T03:50:10.959Z,2026-05-18T03:51:10.959Z,0,0.196,20.94,51
2026-05-18T03:51:11.124Z,2026-05-18T03:52:11.124Z,1,0.153,20.94,51
2026-05-18T03:52:11.288Z,2026-05-18T03:53:11.288Z,1,0.523,20.94,51
2026-05-18T03:53:11.352Z,2026-05-18T03:54:11.352Z,0,0.326,20.94,51
2026-05-18T03:54:11.516Z,2026-05-18T03:55:11.516Z,1,0.801,20.94,51
2026-05-18T03:55:11.681Z,2026-05-18T03:56:11.681Z,0,1.263,20.94,51
2026-05-18T03:56:11.746Z,2026-05-18T03:57:11.746Z,0,0.86,20.94,51
2026-05-18T03:57:11.910Z,2026-05-18T03:58:11.910Z,0,0.183,20.94,51
2026-05-18T03:58:12.075Z,2026-05-18T03:59:12.075Z,1,0.257,20.94,51
2026-05-18T04:01:12.368Z,2026-05-18T04:02:12.368Z,0,0.017,20.94,51
2026-05-18T04:02:12.532Z,2026-05-18T04:03:12.532Z,0,0.027,20.94,51
2026-05-18T04:03:12.697Z,2026-05-18T04:04:12.697Z,0,0.03,20.94,51
2026-05-18T04:05:12.926Z,2026-05-18T04:06:12.926Z,0,0.047,20.94,51
2026-05-18T04:06:13.089Z,2026-05-18T04:07:13.089Z,1,0.073,20.94,51
2026-05-18T04:07:13.154Z,2026-05-18T04:08:13.154Z,0,0.023,20.94,51
2026-05-18T04:08:13.319Z,2026-05-18T04:09:13.319Z,0,0.017,20.94,51
2026-05-18T04:09:13.483Z,2026-05-18T04:10:13.483Z,1,0.107,20.94,51
2026-05-18T04:14:14.105Z,2026-05-18T04:15:14.105Z,1,0.05,20.94,51
2026-05-18T04:15:14.369Z,2026-05-18T04:16:14.369Z,1,0.336,20.94,51
2026-05-18T04:16:14.535Z,2026-05-18T04:17:14.535Z,0,0.013,20.94,51
2026-05-18T04:17:14.698Z,2026-05-18T04:18:14.698Z,0,0.023,20.94,51
2026-05-18T04:18:14.763Z,2026-05-18T04:19:14.763Z,0,0.003,20.94,51
2026-05-18T04:20:15.092Z,2026-05-18T04:21:15.092Z,0,0.033,20.94,51
2026-05-18T04:21:15.157Z,2026-05-18T04:22:15.157Z,1,0.083,20.94,51
2026-05-18T04:29:16.273Z,2026-05-18T04:30:16.273Z,0,0.01,20.94,51
2026-05-18T04:38:17.351Z,2026-05-18T04:39:17.351Z,0,0.017,20.94,51
2026-05-18T04:42:17.910Z,2026-05-18T04:43:17.910Z,0,0.003,20.94,51
2026-05-18T04:43:18.075Z,2026-05-18T04:44:18.075Z,0,0.03,20.94,51
2026-05-18T04:44:18.138Z,2026-05-18T04:45:18.138Z,0,0.05,20.94,51
2026-05-18T04:45:18.303Z,2026-05-18T04:46:18.303Z,0,0.26,20.94,51
2026-05-18T04:46:18.368Z,2026-05-18T04:47:18.368Z,0,0.465,20.94,51
2026-05-18T04:47:18.532Z,2026-05-18T04:48:18.532Z,0,0.286,20.94,51
2026-05-18T04:48:18.697Z,2026-05-18T04:49:18.697Z,0,0.113,20.94,51
2026-05-18T04:49:18.760Z,2026-05-18T04:50:18.760Z,0,0.163,20.94,51
2026-05-18T04:50:18.926Z,2026-05-18T04:51:18.926Z,1,0.053,20.94,51
2026-05-18T04:51:19.089Z,2026-05-18T04:52:19.089Z,1,0.06,20.94,51
2026-05-18T04:52:19.154Z,2026-05-18T04:53:19.154Z,0,0.02,20.94,51
2026-05-18T04:53:19.319Z,2026-05-18T04:54:19.319Z,0,0.179,20.94,51
2026-05-18T04:54:19.483Z,2026-05-18T04:55:19.483Z,1,0.047,20.94,51
2026-05-18T04:59:20.105Z,2026-05-18T05:00:20.105Z,1,0.133,20.94,51
2026-05-18T05:25:23.673Z,2026-05-18T05:26:23.673Z,2,0.09,20.94,51
2026-05-18T05:28:23.950Z,2026-05-18T05:29:23.950Z,1,0.01,20.94,51
2026-05-18T05:30:24.279Z,2026-05-18T05:31:24.279Z,1,0.06,20.94,51
2026-05-18T05:31:24.342Z,2026-05-18T05:32:24.342Z,0,0.043,20.94,51
2026-05-18T05:32:24.506Z,2026-05-18T05:33:24.506Z,0,0.017,20.94,51
2026-05-18T05:43:25.915Z,2026-05-18T05:44:25.915Z,0,0.007,20.94,51
2026-05-18T06:10:29.357Z,2026-05-18T06:11:29.357Z,0,0.003,20.94,51
2026-05-18T06:23:31.095Z,2026-05-18T06:24:31.095Z,0,0.003,20.94,51
2026-05-18T06:25:31.323Z,2026-05-18T06:26:31.323Z,0,0.003,20.94,51
2026-05-18T06:26:31.487Z,2026-05-18T06:27:31.487Z,1,0.033,20.94,51
2026-05-18T06:29:31.881Z,2026-05-18T06:30:31.881Z,1,0.017,20.94,51
2026-05-18T06:36:32.733Z,2026-05-18T06:37:32.733Z,3,0.126,20.94,51
2026-05-18T06:43:33.684Z,2026-05-18T06:44:33.684Z,2,0.03,20.94,51
2026-05-18T06:50:34.734Z,2026-05-18T06:51:34.734Z,1,0.073,20.94,51
2026-05-18T07:02:36.308Z,2026-05-18T07:03:36.308Z,1,0.073,20.94,51
2026-05-18T07:03:36.473Z,2026-05-18T07:04:36.473Z,2,0.08,20.94,51
2026-05-18T07:04:36.536Z,2026-05-18T07:05:36.536Z,5,0.286,20.94,51
2026-05-18T07:05:36.701Z,2026-05-18T07:06:36.701Z,1,0.083,20.94,51
2026-05-18T07:06:36.766Z,2026-05-18T07:07:36.766Z,1,0.053,20.94,51
2026-05-18T07:09:37.158Z,2026-05-18T07:10:37.158Z,1,0.02,20.94,51
2026-05-18T07:10:37.323Z,2026-05-18T07:11:37.323Z,0,0.003,20.94,51
2026-05-18T07:11:37.487Z,2026-05-18T07:12:37.487Z,2,0.143,20.94,51
2026-05-18T07:12:37.552Z,2026-05-18T07:13:37.552Z,1,0.076,20.94,51
2026-05-18T07:13:37.717Z,2026-05-18T07:14:37.717Z,1,0.053,20.94,51
2026-05-18T07:18:38.339Z,2026-05-18T07:19:38.339Z,0,0.01,20.94,51
2026-05-18T07:19:38.503Z,2026-05-18T07:20:38.503Z,0,0.007,20.94,51
2026-05-18T07:20:38.569Z,2026-05-18T07:21:38.569Z,0,0.02,20.94,51
2026-05-18T07:24:39.125Z,2026-05-18T07:25:39.125Z,1,0.063,20.94,51
2026-05-18T07:25:39.290Z,2026-05-18T07:26:39.290Z,0,0.21,20.94,51
2026-05-18T07:26:39.355Z,2026-05-18T07:27:39.355Z,0,0.146,20.94,51
2026-05-18T07:27:39.519Z,2026-05-18T07:28:39.519Z,0,0.13,20.94,51
2026-05-18T07:28:39.684Z,2026-05-18T07:29:39.684Z,0,0.213,20.94,51
2026-05-18T07:32:40.141Z,2026-05-18T07:33:40.141Z,0,0.003,20.94,51
2026-05-18T07:33:40.306Z,2026-05-18T07:34:40.306Z,0,0.007,20.94,51
2026-05-18T07:37:40.763Z,2026-05-18T07:38:40.763Z,0,0.003,20.94,51
2026-05-18T07:38:40.928Z,2026-05-18T07:39:40.928Z,2,0.053,20.94,51
2026-05-18T07:42:41.486Z,2026-05-18T07:43:41.486Z,1,0.02,20.94,51
2026-05-18T07:48:42.273Z,2026-05-18T07:49:42.273Z,1,0.073,20.94,51
2026-05-18T07:49:42.338Z,2026-05-18T07:50:42.338Z,1,0.053,20.94,51
2026-05-18T07:51:42.566Z,2026-05-18T07:52:42.566Z,0,0.003,20.94,51
2026-05-18T07:52:42.730Z,2026-05-18T07:53:42.730Z,1,0.066,20.94,51
2026-05-18T07:53:42.895Z,2026-05-18T07:54:42.895Z,1,0.057,20.94,51
2026-05-18T07:54:42.960Z,2026-05-18T07:55:42.960Z,0,0.003,20.94,51
2026-05-18T07:55:43.125Z,2026-05-18T07:56:43.125Z,0,0.003,20.94,51
2026-05-18T08:00:43.746Z,2026-05-18T08:01:43.746Z,1,0.11,20.94,51
2026-05-18T08:03:44.140Z,2026-05-18T08:04:44.140Z,0,0.01,20.94,51
2026-05-18T08:15:45.713Z,2026-05-18T08:16:45.713Z,0,0.003,20.94,51
2026-05-18T08:25:46.957Z,2026-05-18T08:26:46.957Z,1,0.15,20.94,51
2026-05-18T08:26:47.122Z,2026-05-18T08:27:47.122Z,3,0.133,20.94,51
2026-05-18T08:27:47.286Z,2026-05-18T08:28:47.286Z,0,0.003,20.94,51
2026-05-18T08:28:47.351Z,2026-05-18T08:29:47.351Z,1,0.12,20.94,51
2026-05-18T08:31:47.744Z,2026-05-18T08:32:47.744Z,2,0.056,20.94,51
2026-05-18T08:32:47.910Z,2026-05-18T08:33:47.910Z,2,0.213,20.94,51
2026-05-18T08:38:48.696Z,2026-05-18T08:39:48.696Z,1,0.033,20.94,51
2026-05-18T08:42:49.154Z,2026-05-18T08:43:49.154Z,0,0.007,20.94,51
2026-05-18T08:44:49.483Z,2026-05-18T08:45:49.483Z,0,0.017,20.94,51
2026-05-18T08:45:49.548Z,2026-05-18T08:46:49.548Z,1,0.053,20.94,51
2026-05-18T08:46:49.711Z,2026-05-18T08:47:49.711Z,1,0.033,20.94,51
2026-05-18T08:47:49.877Z,2026-05-18T08:48:49.877Z,2,0.063,20.94,51
2026-05-18T08:48:49.940Z,2026-05-18T08:49:49.940Z,0,0.007,20.94,51
2026-05-18T08:49:50.105Z,2026-05-18T08:50:50.105Z,0,0.003,20.94,51
2026-05-18T08:52:50.499Z,2026-05-18T08:53:50.499Z,0,0.047,20.94,51
2026-05-18T08:53:50.562Z,2026-05-18T08:54:50.562Z,0,0.302,20.94,51
2026-05-18T08:54:50.727Z,2026-05-18T08:55:50.727Z,0,0.269,20.94,51
2026-05-18T08:55:50.891Z,2026-05-18T08:56:50.891Z,0,0.473,20.94,51
2026-05-18T08:56:50.957Z,2026-05-18T08:57:50.957Z,0,0.611,20.94,51
2026-05-18T08:57:51.121Z,2026-05-18T08:58:51.121Z,0,0.372,20.94,51
2026-05-18T08:58:51.286Z,2026-05-18T08:59:51.286Z,0,0.107,20.94,51
2026-05-18T09:00:51.515Z,2026-05-18T09:01:51.515Z,0,0.023,20.94,51
2026-05-18T09:01:51.678Z,2026-05-18T09:02:51.678Z,0,0.007,20.94,51
2026-05-18T09:02:51.743Z,2026-05-18T09:03:51.743Z,0,0.003,20.94,51
2026-05-18T09:03:51.907Z,2026-05-18T09:04:51.907Z,1,0.033,20.94,51
2026-05-18T09:09:52.694Z,2026-05-18T09:10:52.694Z,2,0.017,20.94,51
2026-05-18T09:10:52.759Z,2026-05-18T09:11:52.759Z,0,0.023,20.94,51
2026-05-18T09:11:52.924Z,2026-05-18T09:12:52.924Z,1,0.04,20.94,51
2026-05-18T09:12:53.088Z,2026-05-18T09:13:53.088Z,7,0.347,20.94,51
2026-05-18T19:14:10.881Z,2026-05-18T19:15:10.881Z,1,0.097,20.94,51
2026-05-18T19:15:10.928Z,2026-05-18T19:16:10.928Z,4,0.462,20.94,51
2026-05-18T19:16:11.092Z,2026-05-18T19:17:11.092Z,0,0.003,20.94,51
2026-05-18T23:18:42.292Z,2026-05-18T23:19:42.292Z,0,0.01,20.94,51
2026-05-18T23:19:42.355Z,2026-05-18T23:20:42.355Z,0,0.003,20.94,51
2026-05-18T23:23:42.914Z,2026-05-18T23:24:42.914Z,0,0.003,20.94,51
2026-05-18T23:31:43.928Z,2026-05-18T23:32:43.928Z,0,0.007,20.94,51
2026-05-18T23:50:46.354Z,2026-05-18T23:51:46.354Z,0,0.017,20.94,51
2026-05-18T23:55:47.076Z,2026-05-18T23:56:47.076Z,0,0.007,20.94,51
2026-05-18T23:56:47.141Z,2026-05-18T23:57:47.141Z,0,0.02,20.94,51
2026-05-19T00:27:51.138Z,2026-05-19T00:28:51.138Z,0,0.01,20.94,51
2026-05-19T00:37:52.483Z,2026-05-19T00:38:52.483Z,0,0.01,20.94,51
2026-05-19T00:48:53.892Z,2026-05-19T00:49:53.892Z,2,0.013,20.94,51
2026-05-19T00:49:53.957Z,2026-05-19T00:50:53.957Z,0,0.007,20.94,51
2026-05-19T01:05:56.088Z,2026-05-19T01:06:56.088Z,1,0.04,20.94,51
2026-05-19T01:07:56.316Z,2026-05-19T01:08:56.316Z,0,0.017,20.94,51
2026-05-19T01:09:56.546Z,2026-05-19T01:10:56.546Z,1,0.04,20.94,51
2026-05-19T01:11:56.875Z,2026-05-19T01:12:56.875Z,3,0.157,20.94,51
2026-05-19T01:12:56.938Z,2026-05-19T01:13:56.938Z,0,0.1,20.94,51
2026-05-19T01:45:03.303Z,2026-05-19T01:46:03.303Z,0,0.229,20.94,51
2026-05-19T01:46:03.467Z,2026-05-19T01:47:03.467Z,3,0.136,20.94,51
2026-05-19T01:47:03.631Z,2026-05-19T01:48:03.631Z,2,0.663,20.94,51
2026-05-19T02:24:08.316Z,2026-05-19T02:25:08.316Z,1,0.047,20.94,51
2026-05-19T02:55:12.312Z,2026-05-19T02:56:12.312Z,1,0.063,20.94,51
2026-05-19T02:56:12.476Z,2026-05-19T02:57:12.476Z,3,0.306,20.94,51
2026-05-19T03:27:16.474Z,2026-05-19T03:28:16.474Z,2,0.056,20.94,51
2026-05-19T03:53:19.851Z,2026-05-19T03:54:19.851Z,2,0.04,20.94,51
2026-05-19T04:24:23.846Z,2026-05-19T04:25:23.846Z,2,0.057,20.94,51
2026-05-19T04:26:24.075Z,2026-05-19T04:27:24.075Z,1,0.153,20.94,51
2026-05-19T04:27:24.240Z,2026-05-19T04:28:24.240Z,1,0.717,20.94,51
2026-05-19T04:28:24.303Z,2026-05-19T04:29:24.303Z,2,0.857,20.94,51
2026-05-19T04:29:24.467Z,2026-05-19T04:30:24.467Z,0,0.113,20.94,51
2026-05-19T04:36:25.418Z,2026-05-19T04:37:25.418Z,2,0.17,20.94,51
2026-05-19T04:39:25.711Z,2026-05-19T04:40:25.711Z,2,0.053,20.94,51
2026-05-19T04:44:26.434Z,2026-05-19T04:45:26.434Z,2,0.03,20.94,51
2026-05-19T04:45:26.499Z,2026-05-19T04:46:26.499Z,2,0.219,20.94,51
2026-05-19T04:46:26.663Z,2026-05-19T04:47:26.663Z,1,0.09,20.94,51
2026-05-19T04:47:26.828Z,2026-05-19T04:48:26.828Z,0,0.017,20.94,51
2026-05-19T04:49:27.056Z,2026-05-19T04:50:27.056Z,3,0.85,20.94,51
2026-05-19T04:50:27.220Z,2026-05-19T04:51:27.220Z,2,1.557,20.94,51
2026-05-19T04:51:27.286Z,2026-05-19T04:52:27.286Z,5,0.937,20.94,51
2026-05-19T04:52:27.450Z,2026-05-19T04:53:27.450Z,2,0.647,20.94,51
2026-05-19T04:53:27.513Z,2026-05-19T04:54:27.513Z,2,0.897,20.94,51
2026-05-19T04:54:27.678Z,2026-05-19T04:55:27.678Z,3,0.339,20.94,51
2026-05-19T05:21:39.513Z,2026-05-19T05:22:39.513Z,1,0.326,20.94,51
2026-05-19T05:38:41.709Z,2026-05-19T05:39:41.709Z,3,0.186,20.94,51
2026-05-19T05:41:42.102Z,2026-05-19T05:42:42.102Z,1,0.03,20.94,51
2026-05-19T05:43:42.431Z,2026-05-19T05:44:42.431Z,3,0.163,20.94,51
2026-05-19T05:44:42.496Z,2026-05-19T05:45:42.496Z,0,0.02,20.94,51
2026-05-19T05:45:42.661Z,2026-05-19T05:46:42.661Z,1,0.12,20.94,51
2026-05-19T05:46:42.825Z,2026-05-19T05:47:42.825Z,3,0.72,20.94,51
2026-05-19T05:47:42.890Z,2026-05-19T05:48:42.890Z,0,0.1,20.94,51
2026-05-19T05:48:43.053Z,2026-05-19T05:49:43.053Z,2,0.06,20.94,51
2026-05-19T05:49:43.219Z,2026-05-19T05:50:43.219Z,0,0.017,20.94,51
2026-05-19T05:50:43.282Z,2026-05-19T05:51:43.282Z,2,0.256,20.94,51
2026-05-19T05:51:43.447Z,2026-05-19T05:52:43.447Z,6,0.753,20.94,51
2026-05-19T05:52:43.512Z,2026-05-19T05:53:43.512Z,2,0.375,20.94,51
2026-05-19T05:53:43.676Z,2026-05-19T05:54:43.676Z,5,0.385,20.94,51
2026-05-19T05:54:43.841Z,2026-05-19T05:55:43.841Z,7,0.473,20.94,51
2026-05-19T05:55:43.904Z,2026-05-19T05:56:43.904Z,2,0.532,20.94,51
2026-05-19T05:56:44.069Z,2026-05-19T05:57:44.069Z,0,0.093,20.94,51
2026-05-19T05:57:44.233Z,2026-05-19T05:58:44.233Z,3,0.39,20.94,51
2026-05-19T05:58:44.299Z,2026-05-19T05:59:44.299Z,0,0.282,20.94,51
2026-05-19T06:02:44.857Z,2026-05-19T06:03:44.857Z,2,0.113,20.94,51
2026-05-19T06:03:45.022Z,2026-05-19T06:04:45.022Z,2,0.027,20.94,51
2026-05-19T06:06:45.315Z,2026-05-19T06:07:45.315Z,3,0.219,20.94,51
2026-05-19T06:07:45.480Z,2026-05-19T06:08:45.480Z,4,0.173,20.94,51
2026-05-19T06:08:45.644Z,2026-05-19T06:09:45.644Z,1,0.19,20.94,51
2026-05-19T06:10:45.875Z,2026-05-19T06:11:45.875Z,1,0.047,20.94,51
2026-05-19T06:11:46.039Z,2026-05-19T06:12:46.039Z,0,0.427,20.94,51
2026-05-19T06:12:46.104Z,2026-05-19T06:13:46.104Z,0,0.256,20.94,51
2026-05-19T06:13:46.269Z,2026-05-19T06:14:46.269Z,0,0.156,20.94,51
2026-05-19T06:14:46.433Z,2026-05-19T06:15:46.433Z,0,0.32,20.94,51
2026-05-19T06:15:46.497Z,2026-05-19T06:16:46.497Z,0,0.319,20.94,51
2026-05-19T06:16:46.663Z,2026-05-19T06:17:46.663Z,0,0.738,20.94,51
2026-05-19T06:17:46.826Z,2026-05-19T06:18:46.826Z,0,0.713,20.94,51
2026-05-19T06:18:46.891Z,2026-05-19T06:19:46.891Z,0,0.502,20.94,51
2026-05-19T06:19:47.055Z,2026-05-19T06:20:47.055Z,0,0.432,20.94,51
2026-05-19T06:20:47.220Z,2026-05-19T06:21:47.220Z,0,0.357,20.94,51
2026-05-19T06:21:47.286Z,2026-05-19T06:22:47.286Z,0,0.113,20.94,51
2026-05-19T06:22:47.450Z,2026-05-19T06:23:47.450Z,0,0.113,20.94,51
2026-05-19T06:23:47.515Z,2026-05-19T06:24:47.515Z,0,0.239,20.94,51
2026-05-19T06:24:47.678Z,2026-05-19T06:25:47.678Z,0,0.432,20.94,51
2026-05-19T06:25:47.844Z,2026-05-19T06:26:47.844Z,0,0.4,20.94,51
2026-05-19T06:26:47.907Z,2026-05-19T06:27:47.907Z,0,0.485,20.94,51
2026-05-19T06:27:48.072Z,2026-05-19T06:28:48.072Z,0,0.651,20.94,51
2026-05-19T06:28:48.236Z,2026-05-19T06:29:48.236Z,0,0.463,20.94,51
2026-05-19T06:29:48.302Z,2026-05-19T06:30:48.302Z,0,0.13,20.94,51
2026-05-19T06:31:48.631Z,2026-05-19T06:32:48.631Z,0,0.15,20.94,51
2026-05-19T06:32:48.694Z,2026-05-19T06:33:48.694Z,0,0.04,20.94,51
2026-05-19T06:33:48.859Z,2026-05-19T06:34:48.859Z,0,0.326,20.94,51
2026-05-19T06:34:49.023Z,2026-05-19T06:35:49.023Z,0,0.107,20.94,51
2026-05-19T06:37:49.417Z,2026-05-19T06:38:49.417Z,0,0.003,20.94,51
2026-05-19T06:39:49.647Z,2026-05-19T06:40:49.647Z,0,0.003,20.94,51
2026-05-19T06:40:49.710Z,2026-05-19T06:41:49.710Z,2,0.03,20.94,51
2026-05-19T06:41:49.875Z,2026-05-19T06:42:49.875Z,1,0.043,20.94,51
2026-05-19T06:53:51.450Z,2026-05-19T06:54:51.450Z,1,0.033,20.94,51
2026-05-19T07:05:53.023Z,2026-05-19T07:06:53.023Z,1,0.06,20.94,51
2026-05-19T07:06:53.086Z,2026-05-19T07:07:53.086Z,0,0.1,20.94,51
2026-05-19T07:07:53.252Z,2026-05-19T07:08:53.252Z,0,0.22,20.94,51
2026-05-19T07:08:53.315Z,2026-05-19T07:09:53.315Z,0,0.259,20.94,51
2026-05-19T07:09:53.480Z,2026-05-19T07:10:53.480Z,0,0.203,20.94,51
2026-05-19T07:10:53.644Z,2026-05-19T07:11:53.644Z,0,0.287,20.94,51
2026-05-19T07:11:53.710Z,2026-05-19T07:12:53.710Z,0,0.213,20.94,51
2026-05-19T07:12:53.874Z,2026-05-19T07:13:53.874Z,0,0.033,20.94,51
2026-05-19T07:13:54.039Z,2026-05-19T07:14:54.039Z,0,0.1,20.94,51
2026-05-19T07:14:54.102Z,2026-05-19T07:15:54.102Z,0,0.08,20.94,51
2026-05-19T07:15:54.267Z,2026-05-19T07:16:54.267Z,0,0.415,20.94,51
2026-05-19T07:17:54.496Z,2026-05-19T07:18:54.496Z,3,0.246,20.94,51
2026-05-19T07:18:54.661Z,2026-05-19T07:19:54.661Z,0,0.123,20.94,51
2026-05-19T07:19:54.825Z,2026-05-19T07:20:54.825Z,0,0.127,20.94,51
2026-05-19T07:20:54.890Z,2026-05-19T07:21:54.890Z,0,0.312,20.94,51
2026-05-19T07:21:55.055Z,2026-05-19T07:22:55.055Z,0,0.512,20.94,51
2026-05-19T07:22:55.219Z,2026-05-19T07:23:55.219Z,0,0.45,20.94,51
2026-05-19T07:23:55.283Z,2026-05-19T07:24:55.283Z,0,0.505,20.94,51
2026-05-19T07:24:55.447Z,2026-05-19T07:25:55.447Z,0,0.297,20.94,51
2026-05-19T07:25:55.513Z,2026-05-19T07:26:55.513Z,0,0.472,20.94,51
2026-05-19T07:26:55.677Z,2026-05-19T07:27:55.677Z,0,0.12,20.94,51
2026-05-19T07:27:55.841Z,2026-05-19T07:28:55.841Z,1,0.167,20.94,51
2026-05-19T07:28:55.905Z,2026-05-19T07:29:55.905Z,0,0.073,20.94,51
2026-05-19T07:29:56.069Z,2026-05-19T07:30:56.069Z,2,0.053,20.94,51
2026-05-19T07:30:56.234Z,2026-05-19T07:31:56.234Z,2,0.077,20.94,51
2026-05-19T07:31:56.299Z,2026-05-19T07:32:56.299Z,6,0.169,20.94,51
2026-05-19T07:32:56.463Z,2026-05-19T07:33:56.463Z,1,0.183,20.94,51
2026-05-19T07:33:56.628Z,2026-05-19T07:34:56.628Z,0,0.063,20.94,51
2026-05-19T07:34:56.693Z,2026-05-19T07:35:56.693Z,0,0.007,20.94,51
2026-05-19T07:35:56.858Z,2026-05-19T07:36:56.858Z,1,0.073,20.94,51
2026-05-19T07:36:57.022Z,2026-05-19T07:37:57.022Z,1,0.107,20.94,51
2026-05-19T07:37:57.086Z,2026-05-19T07:38:57.086Z,0,0.123,20.94,51
2026-05-19T07:38:57.250Z,2026-05-19T07:39:57.250Z,1,0.45,20.94,51
2026-05-19T07:39:57.315Z,2026-05-19T07:40:57.315Z,8,0.957,20.94,51
2026-05-19T07:40:57.480Z,2026-05-19T07:41:57.480Z,0,0.103,20.94,51
2026-05-19T07:41:57.644Z,2026-05-19T07:42:57.644Z,0,0.013,20.94,51
2026-05-19T07:42:57.709Z,2026-05-19T07:43:57.709Z,0,0.226,20.94,51
2026-05-19T07:43:57.872Z,2026-05-19T07:44:57.872Z,1,0.332,20.94,51
2026-05-19T07:44:58.038Z,2026-05-19T07:45:58.038Z,1,0.15,20.94,51
2026-05-19T07:45:58.101Z,2026-05-19T07:46:58.101Z,3,0.213,20.94,51
2026-05-19T07:46:58.266Z,2026-05-19T07:47:58.266Z,3,0.076,20.94,51
2026-05-19T07:47:58.430Z,2026-05-19T07:48:58.430Z,2,0.457,20.94,51
2026-05-19T07:48:58.496Z,2026-05-19T07:49:58.496Z,1,0.213,20.94,51
2026-05-19T07:49:58.660Z,2026-05-19T07:50:58.660Z,3,0.495,20.94,51
2026-05-19T07:50:58.823Z,2026-05-19T07:51:58.823Z,5,0.307,20.94,51
2026-05-19T07:51:58.888Z,2026-05-19T07:52:58.888Z,1,0.179,20.94,51
2026-05-19T07:52:59.052Z,2026-05-19T07:53:59.052Z,3,0.85,20.94,51
2026-05-19T07:53:59.217Z,2026-05-19T07:54:59.217Z,2,0.2,20.94,51
2026-05-19T07:54:59.282Z,2026-05-19T07:55:59.282Z,4,1.083,20.94,51
2026-05-19T07:55:59.446Z,2026-05-19T07:56:59.446Z,2,0.66,20.94,51
2026-05-19T07:56:59.510Z,2026-05-19T07:57:59.510Z,5,0.488,20.94,51
2026-05-19T07:57:59.674Z,2026-05-19T07:58:59.674Z,1,0.392,20.94,51
2026-05-19T07:58:59.838Z,2026-05-19T07:59:59.838Z,0,0.433,20.94,51
2026-05-19T07:59:59.904Z,2026-05-19T08:00:59.904Z,5,1.249,20.94,51
2026-05-19T08:01:00.068Z,2026-05-19T08:02:00.068Z,4,1.399,20.94,51
2026-05-19T08:02:00.233Z,2026-05-19T08:03:00.233Z,2,1.353,20.94,51
2026-05-19T08:03:00.296Z,2026-05-19T08:04:00.296Z,1,1.199,20.94,51
2026-05-19T08:04:00.460Z,2026-05-19T08:05:00.460Z,2,1.449,20.94,51
2026-05-19T08:05:00.625Z,2026-05-19T08:06:00.625Z,1,1.043,20.94,51
2026-05-19T08:06:00.690Z,2026-05-19T08:07:00.690Z,2,0.458,20.94,51
2026-05-19T08:07:00.855Z,2026-05-19T08:08:00.855Z,1,0.093,20.94,51
2026-05-19T08:08:01.019Z,2026-05-19T08:09:01.019Z,1,0.283,20.94,51
2026-05-19T08:09:01.084Z,2026-05-19T08:10:01.084Z,0,0.365,20.94,51
2026-05-19T08:10:01.247Z,2026-05-19T08:11:01.247Z,0,0.06,20.94,51
2026-05-19T08:11:01.312Z,2026-05-19T08:12:01.312Z,0,0.458,20.94,51
2026-05-19T08:12:01.476Z,2026-05-19T08:13:01.476Z,0,0.286,20.94,51
2026-05-19T08:13:01.641Z,2026-05-19T08:14:01.641Z,1,0.68,20.94,51
2026-05-19T08:14:01.706Z,2026-05-19T08:15:01.706Z,0,0.256,20.94,51
2026-05-19T08:15:01.869Z,2026-05-19T08:16:01.869Z,0,0.169,20.94,51
2026-05-19T08:16:02.035Z,2026-05-19T08:17:02.035Z,0,0.033,20.94,51
2026-05-19T08:17:02.098Z,2026-05-19T08:18:02.098Z,0,0.053,20.94,51
2026-05-19T08:18:02.263Z,2026-05-19T08:19:02.263Z,0,0.395,20.94,51
2026-05-19T08:19:02.427Z,2026-05-19T08:20:02.427Z,0,0.297,20.94,51
2026-05-19T08:20:02.493Z,2026-05-19T08:21:02.493Z,0,0.226,20.94,51
2026-05-19T08:21:02.657Z,2026-05-19T08:22:02.657Z,0,0.06,20.94,51
2026-05-19T08:22:02.821Z,2026-05-19T08:23:02.821Z,0,0.093,20.94,51
2026-05-19T08:23:02.885Z,2026-05-19T08:24:02.885Z,0,0.203,20.94,51
2026-05-19T08:24:03.049Z,2026-05-19T08:25:03.049Z,0,0.447,20.94,51
2026-05-19T08:25:03.115Z,2026-05-19T08:26:03.115Z,0,0.468,20.94,51
2026-05-19T08:26:03.279Z,2026-05-19T08:27:03.279Z,0,0.664,20.94,51
2026-05-19T08:27:03.444Z,2026-05-19T08:28:03.444Z,0,0.163,20.94,51
2026-05-19T08:28:03.507Z,2026-05-19T08:29:03.507Z,0,0.08,20.94,51
2026-05-19T08:29:03.673Z,2026-05-19T08:30:03.673Z,0,0.203,20.94,51
2026-05-19T08:30:03.836Z,2026-05-19T08:31:03.836Z,0,0.13,20.94,51
2026-05-19T08:31:03.901Z,2026-05-19T08:32:03.901Z,0,0.213,20.94,51
2026-05-19T08:32:04.065Z,2026-05-19T08:33:04.065Z,0,0.153,20.94,51
2026-05-19T08:33:04.230Z,2026-05-19T08:34:04.230Z,0,0.13,20.94,51
2026-05-19T08:34:04.295Z,2026-05-19T08:35:04.295Z,0,0.023,20.94,51
2026-05-19T08:35:04.460Z,2026-05-19T08:36:04.460Z,0,0.186,20.94,51
2026-05-19T08:36:04.624Z,2026-05-19T08:37:04.624Z,0,0.013,20.94,51
2026-05-19T08:37:04.687Z,2026-05-19T08:38:04.687Z,0,0.01,20.94,51
2026-05-19T08:38:04.852Z,2026-05-19T08:39:04.852Z,1,0.076,20.94,51
2026-05-19T08:40:05.082Z,2026-05-19T08:41:05.082Z,1,0.047,20.94,51
2026-05-19T08:42:05.311Z,2026-05-19T08:43:05.311Z,3,0.216,20.94,51
2026-05-19T08:43:05.474Z,2026-05-19T08:44:05.474Z,0,0.578,20.94,51
2026-05-19T08:44:05.640Z,2026-05-19T08:45:05.640Z,0,0.67,20.94,51
2026-05-19T08:45:05.703Z,2026-05-19T08:46:05.703Z,0,0.193,20.94,51
2026-05-19T08:46:05.868Z,2026-05-19T08:47:05.868Z,0,0.133,20.94,51
2026-05-19T08:47:06.032Z,2026-05-19T08:48:06.032Z,0,0.05,20.94,51
2026-05-19T08:48:06.098Z,2026-05-19T08:49:06.098Z,0,0.289,20.94,51
2026-05-19T08:49:06.262Z,2026-05-19T08:50:06.262Z,2,1.199,20.94,51
2026-05-19T08:50:06.426Z,2026-05-19T08:51:06.426Z,0,0.847,20.94,51
2026-05-19T08:51:06.490Z,2026-05-19T08:52:06.490Z,1,0.664,20.94,51
2026-05-19T08:52:06.654Z,2026-05-19T08:53:06.654Z,0,0.887,20.94,51
2026-05-19T08:53:06.819Z,2026-05-19T08:54:06.819Z,0,0.877,20.94,51
2026-05-19T08:54:06.884Z,2026-05-19T08:55:06.884Z,0,0.794,20.94,51
2026-05-19T08:55:07.049Z,2026-05-19T08:56:07.049Z,0,0.62,20.94,51
2026-05-19T08:56:07.112Z,2026-05-19T08:57:07.112Z,0,0.571,20.94,51
2026-05-19T08:57:07.278Z,2026-05-19T08:58:07.278Z,0,0.791,20.94,51
2026-05-19T08:58:07.441Z,2026-05-19T08:59:07.441Z,0,0.833,20.94,51
2026-05-19T08:59:07.506Z,2026-05-19T09:00:07.506Z,0,0.598,20.94,51
2026-05-19T09:00:07.671Z,2026-05-19T09:01:07.671Z,0,0.585,20.94,51
2026-05-19T09:01:07.835Z,2026-05-19T09:02:07.835Z,0,0.873,20.94,51
2026-05-19T09:02:07.900Z,2026-05-19T09:03:07.900Z,0,1.016,20.94,51
2026-05-19T09:03:08.063Z,2026-05-19T09:04:08.063Z,0,0.907,20.94,51
2026-05-19T09:04:08.229Z,2026-05-19T09:05:08.229Z,0,0.943,20.94,51
2026-05-19T09:05:08.292Z,2026-05-19T09:06:08.292Z,0,0.824,20.94,51
2026-05-19T09:06:08.457Z,2026-05-19T09:07:08.457Z,1,0.621,20.94,51
2026-05-19T09:07:08.621Z,2026-05-19T09:08:08.621Z,0,0.653,20.94,51
2026-05-19T09:08:08.686Z,2026-05-19T09:09:08.686Z,0,0.442,20.94,51
2026-05-19T09:09:08.851Z,2026-05-19T09:10:08.851Z,0,0.603,20.94,51
2026-05-19T09:10:08.914Z,2026-05-19T09:11:08.914Z,1,0.764,20.94,51
2026-05-19T09:11:09.078Z,2026-05-19T09:12:09.078Z,0,0.757,20.94,51
2026-05-19T09:12:09.243Z,2026-05-19T09:13:09.243Z,0,1.0,20.94,51
2026-05-19T09:13:09.308Z,2026-05-19T09:14:09.308Z,0,0.439,20.94,51
2026-05-19T09:14:09.473Z,2026-05-19T09:15:09.473Z,0,0.528,20.94,51
2026-05-19T09:15:09.637Z,2026-05-19T09:16:09.637Z,0,0.5,20.94,51
2026-05-19T09:16:09.700Z,2026-05-19T09:17:09.700Z,0,0.761,20.94,51
2026-05-19T09:17:09.865Z,2026-05-19T09:18:09.865Z,1,0.405,20.94,51
2026-05-19T09:18:10.029Z,2026-05-19T09:19:10.029Z,0,0.737,20.94,51
2026-05-19T09:19:10.095Z,2026-05-19T09:20:10.095Z,0,0.252,20.94,51
2026-05-19T09:20:10.259Z,2026-05-19T09:21:10.259Z,0,0.515,20.94,51
2026-05-19T09:21:10.424Z,2026-05-19T09:22:10.424Z,0,0.217,20.94,51
2026-05-19T09:22:10.487Z,2026-05-19T09:23:10.487Z,0,0.425,20.94,51
2026-05-19T09:23:10.653Z,2026-05-19T09:24:10.653Z,0,0.542,20.94,51
2026-05-19T09:24:10.816Z,2026-05-19T09:25:10.816Z,0,0.303,20.94,51
2026-05-19T09:25:10.881Z,2026-05-19T09:26:10.881Z,0,0.239,20.94,51
2026-05-19T09:26:11.046Z,2026-05-19T09:27:11.046Z,2,0.27,20.94,51
2026-05-19T09:27:11.111Z,2026-05-19T09:28:11.111Z,5,0.555,20.94,51
2026-05-19T09:28:11.275Z,2026-05-19T09:29:11.275Z,0,0.03,20.94,51
2026-05-19T09:29:11.440Z,2026-05-19T09:30:11.440Z,0,0.493,20.94,51
2026-05-19T09:30:11.503Z,2026-05-19T09:31:11.503Z,0,0.754,20.94,51
2026-05-19T09:31:11.668Z,2026-05-19T09:32:11.668Z,0,0.495,20.94,51
2026-05-19T09:32:11.832Z,2026-05-19T09:33:11.832Z,0,0.39,20.94,51
2026-05-19T09:33:11.898Z,2026-05-19T09:34:11.898Z,0,0.346,20.94,51
2026-05-19T09:34:12.062Z,2026-05-19T09:35:12.062Z,0,0.023,20.94,51
2026-05-19T09:35:12.226Z,2026-05-19T09:36:12.226Z,0,0.033,20.94,51
2026-05-19T09:36:12.290Z,2026-05-19T09:37:12.290Z,0,0.066,20.94,51
2026-05-19T09:37:12.456Z,2026-05-19T09:38:12.456Z,0,0.023,20.94,51
2026-05-19T09:38:12.619Z,2026-05-19T09:39:12.619Z,0,0.097,20.94,51
2026-05-19T09:39:12.684Z,2026-05-19T09:40:12.684Z,0,0.003,20.94,51
2026-05-19T09:41:12.914Z,2026-05-19T09:42:12.914Z,0,0.017,20.94,51
2026-05-19T09:42:13.078Z,2026-05-19T09:43:13.078Z,0,0.086,20.94,51
2026-05-19T09:43:13.243Z,2026-05-19T09:44:13.243Z,0,0.353,20.94,51
2026-05-19T09:44:13.306Z,2026-05-19T09:45:13.306Z,0,0.266,20.94,51
2026-05-19T09:45:13.471Z,2026-05-19T09:46:13.471Z,0,0.332,20.94,51
2026-05-19T09:46:13.635Z,2026-05-19T09:47:13.635Z,0,0.087,20.94,51
2026-05-19T09:47:13.700Z,2026-05-19T09:48:13.700Z,0,0.113,20.94,51
2026-05-19T09:49:14.029Z,2026-05-19T09:50:14.029Z,0,0.01,20.94,51
2026-05-19T09:50:14.094Z,2026-05-19T09:51:14.094Z,0,0.01,20.94,51
2026-05-19T09:52:14.423Z,2026-05-19T09:53:14.423Z,0,0.057,20.94,51
2026-05-19T09:53:14.486Z,2026-05-19T09:54:14.486Z,1,0.02,20.94,51
2026-05-19T09:55:14.716Z,2026-05-19T09:56:14.716Z,0,0.013,20.94,51
2026-05-19T09:56:14.881Z,2026-05-19T09:57:14.881Z,0,0.017,20.94,51
2026-05-19T09:57:15.045Z,2026-05-19T09:58:15.045Z,0,0.013,20.94,51
2026-05-19T09:58:15.109Z,2026-05-19T09:59:15.109Z,0,0.013,20.94,51
2026-05-19T10:02:15.667Z,2026-05-19T10:03:15.667Z,0,0.003,20.94,51
2026-05-19T10:03:15.832Z,2026-05-19T10:04:15.832Z,0,0.007,20.94,51
2026-05-19T10:05:16.061Z,2026-05-19T10:06:16.061Z,0,0.01,20.94,51
2026-05-19T10:06:16.224Z,2026-05-19T10:07:16.224Z,0,0.02,20.94,51
2026-05-19T10:08:16.453Z,2026-05-19T10:09:16.453Z,0,0.01,20.94,51
2026-05-19T10:10:16.683Z,2026-05-19T10:11:16.683Z,0,0.007,20.94,51
2026-05-19T10:11:16.848Z,2026-05-19T10:12:16.848Z,0,0.01,20.94,51
2026-05-19T10:12:16.911Z,2026-05-19T10:13:16.911Z,0,0.033,20.94,51
2026-05-19T10:13:17.076Z,2026-05-19T10:14:17.076Z,0,0.02,20.94,51
2026-05-19T10:14:17.240Z,2026-05-19T10:15:17.240Z,0,0.003,20.94,51
2026-05-19T10:16:17.470Z,2026-05-19T10:17:17.470Z,0,0.086,20.94,51
2026-05-19T10:17:17.634Z,2026-05-19T10:18:17.634Z,0,0.027,20.94,51
2026-05-19T10:19:17.864Z,2026-05-19T10:20:17.864Z,0,0.007,20.94,51
2026-05-19T10:23:18.421Z,2026-05-19T10:24:18.421Z,0,0.02,20.94,51
2026-05-19T10:26:18.714Z,2026-05-19T10:27:18.714Z,0,0.023,20.94,51
2026-05-19T10:27:18.878Z,2026-05-19T10:28:18.878Z,0,0.037,20.94,51
2026-05-19T10:28:19.043Z,2026-05-19T10:29:19.043Z,0,0.017,20.94,51
2026-05-19T10:29:19.108Z,2026-05-19T10:30:19.108Z,1,0.136,20.94,51
2026-05-19T10:30:19.273Z,2026-05-19T10:31:19.273Z,2,0.189,20.94,51
2026-05-19T10:31:19.437Z,2026-05-19T10:32:19.437Z,0,0.11,20.94,51
2026-05-19T10:32:19.502Z,2026-05-19T10:33:19.502Z,0,0.05,20.94,51
2026-05-19T10:33:19.665Z,2026-05-19T10:34:19.665Z,0,0.017,20.94,51
2026-05-19T10:34:19.829Z,2026-05-19T10:35:19.829Z,0,0.05,20.94,51
2026-05-19T10:35:19.894Z,2026-05-19T10:36:19.894Z,0,0.316,20.94,51
2026-05-19T10:36:20.059Z,2026-05-19T10:37:20.059Z,0,0.688,20.94,51
2026-05-19T10:37:20.223Z,2026-05-19T10:38:20.223Z,0,0.213,20.94,51
2026-05-19T10:38:20.288Z,2026-05-19T10:39:20.288Z,0,0.159,20.94,51
2026-05-19T10:39:20.453Z,2026-05-19T10:40:20.453Z,0,0.377,20.94,51
2026-05-19T10:40:20.516Z,2026-05-19T10:41:20.516Z,0,0.784,20.94,51
2026-05-19T10:41:20.680Z,2026-05-19T10:42:20.680Z,0,0.844,20.94,51
2026-05-19T10:42:20.845Z,2026-05-19T10:43:20.845Z,0,0.397,20.94,51
2026-05-19T10:43:20.910Z,2026-05-19T10:44:20.910Z,0,0.296,20.94,51
2026-05-19T10:44:21.075Z,2026-05-19T10:45:21.075Z,0,0.721,20.94,51
2026-05-19T10:45:21.239Z,2026-05-19T10:46:21.239Z,0,0.89,20.94,51
2026-05-19T10:46:21.303Z,2026-05-19T10:47:21.303Z,0,0.691,20.94,51
2026-05-19T10:47:21.467Z,2026-05-19T10:48:21.467Z,0,0.545,20.94,51
2026-05-19T10:48:21.632Z,2026-05-19T10:49:21.632Z,0,0.243,20.94,51
2026-05-19T10:49:21.697Z,2026-05-19T10:50:21.697Z,0,0.043,20.94,51
2026-05-19T10:50:21.861Z,2026-05-19T10:51:21.861Z,1,0.007,20.94,51
2026-05-19T10:51:22.026Z,2026-05-19T10:52:22.026Z,0,0.027,20.94,51
2026-05-19T10:52:22.089Z,2026-05-19T10:53:22.089Z,0,0.053,20.94,51
2026-05-19T10:53:22.255Z,2026-05-19T10:54:22.255Z,0,0.076,20.94,51
2026-05-19T10:56:22.648Z,2026-05-19T10:57:22.648Z,0,0.13,20.94,51
2026-05-19T10:57:22.713Z,2026-05-19T10:58:22.713Z,0,0.01,20.94,51
2026-05-19T10:58:22.877Z,2026-05-19T10:59:22.877Z,0,0.296,20.94,51
2026-05-19T10:59:23.040Z,2026-05-19T11:00:23.040Z,0,0.057,20.94,51
2026-05-19T11:00:23.105Z,2026-05-19T11:01:23.105Z,0,0.169,20.94,51
2026-05-19T11:01:23.269Z,2026-05-19T11:02:23.269Z,0,0.013,20.94,51
2026-05-19T11:02:23.434Z,2026-05-19T11:03:23.434Z,0,0.147,20.94,51
2026-05-19T11:03:23.499Z,2026-05-19T11:04:23.499Z,0,0.472,20.94,51
2026-05-19T11:04:23.664Z,2026-05-19T11:05:23.664Z,0,0.415,20.94,51
2026-05-19T11:05:23.828Z,2026-05-19T11:06:23.828Z,0,0.42,20.94,51
2026-05-19T11:06:23.892Z,2026-05-19T11:07:23.892Z,0,0.286,20.94,51
2026-05-19T11:07:24.056Z,2026-05-19T11:08:24.056Z,0,0.332,20.94,51
2026-05-19T11:08:24.221Z,2026-05-19T11:09:24.221Z,0,0.013,20.94,51
2026-05-19T11:09:24.286Z,2026-05-19T11:10:24.286Z,1,0.15,20.94,51
2026-05-19T11:10:24.450Z,2026-05-19T11:11:24.450Z,1,0.077,20.94,51
2026-05-19T11:11:24.515Z,2026-05-19T11:12:24.515Z,5,0.435,20.94,51
2026-05-19T11:12:24.678Z,2026-05-19T11:13:24.678Z,1,0.415,20.94,51
2026-05-19T11:13:24.844Z,2026-05-19T11:14:24.844Z,1,0.163,20.94,51
2026-05-19T11:14:24.907Z,2026-05-19T11:15:24.907Z,1,0.369,20.94,51
2026-05-19T11:16:25.236Z,2026-05-19T11:17:25.236Z,1,0.013,20.94,51
2026-05-19T11:26:26.482Z,2026-05-19T11:27:26.482Z,2,0.053,20.94,51
2026-05-19T11:27:26.647Z,2026-05-19T11:28:26.647Z,5,0.48,20.94,51
2026-05-19T11:28:26.710Z,2026-05-19T11:29:26.710Z,0,0.043,20.94,51
2026-05-19T12:07:31.825Z,2026-05-19T12:08:31.825Z,2,0.167,20.94,51
2026-05-19T12:08:31.891Z,2026-05-19T12:09:31.891Z,3,0.243,20.94,51
2026-05-19T12:09:32.055Z,2026-05-19T12:10:32.055Z,0,0.329,20.94,51
2026-05-19T12:10:32.220Z,2026-05-19T12:11:32.220Z,2,0.17,20.94,51
2026-05-19T12:16:32.907Z,2026-05-19T12:17:32.907Z,0,0.017,20.94,51
2026-05-19T12:17:33.071Z,2026-05-19T12:18:33.071Z,0,0.027,20.94,51
2026-05-19T12:18:33.236Z,2026-05-19T12:19:33.236Z,1,0.11,20.94,51
2026-05-19T12:20:33.464Z,2026-05-19T12:21:33.464Z,3,0.053,20.94,51
2026-05-19T12:21:33.628Z,2026-05-19T12:22:33.628Z,1,0.043,20.94,51
2026-05-19T12:22:33.694Z,2026-05-19T12:23:33.694Z,1,0.043,20.94,51
2026-05-19T12:23:33.858Z,2026-05-19T12:24:33.858Z,1,0.047,20.94,51
2026-05-19T19:10:26.430Z,2026-05-19T19:11:26.430Z,2,0.277,20.94,51
2026-05-19T19:11:26.494Z,2026-05-19T19:12:26.494Z,1,0.302,20.94,51
2026-05-19T19:12:26.660Z,2026-05-19T19:13:26.660Z,0,0.06,20.94,51
2026-05-19T23:58:03.630Z,2026-05-19T23:59:03.630Z,1,0.123,20.94,51
2026-05-19T23:59:03.694Z,2026-05-20T00:00:03.694Z,2,0.14,20.94,51
2026-05-20T02:00:19.292Z,2026-05-20T02:01:19.292Z,0,0.01,20.94,51
2026-05-20T02:01:19.457Z,2026-05-20T02:02:19.457Z,1,0.033,20.94,51
2026-05-20T02:03:19.686Z,2026-05-20T02:04:19.686Z,4,0.472,20.94,51
2026-05-20T02:04:19.851Z,2026-05-20T02:05:19.851Z,2,0.233,20.94,51
2026-05-20T02:05:19.914Z,2026-05-20T02:06:19.914Z,4,0.342,20.94,51
2026-05-20T02:06:20.078Z,2026-05-20T02:07:20.078Z,1,0.056,20.94,51
2026-05-20T02:07:20.243Z,2026-05-20T02:08:20.243Z,1,0.573,20.94,51
2026-05-20T02:08:20.308Z,2026-05-20T02:09:20.308Z,1,0.326,20.94,51
2026-05-20T02:09:20.473Z,2026-05-20T02:10:20.473Z,4,0.312,20.94,51
2026-05-20T03:07:28.109Z,2026-05-20T03:08:28.109Z,3,0.133,20.94,51
2026-05-20T03:08:28.273Z,2026-05-20T03:09:28.273Z,1,0.053,20.94,51
2026-05-20T03:12:28.832Z,2026-05-20T03:13:28.832Z,1,0.22,20.94,51
2026-05-20T03:13:28.895Z,2026-05-20T03:14:28.895Z,0,0.017,20.94,51
2026-05-20T03:22:30.075Z,2026-05-20T03:23:30.075Z,3,0.11,20.94,51
2026-05-20T03:23:30.240Z,2026-05-20T03:24:30.240Z,3,0.123,20.94,51
2026-05-20T03:33:31.484Z,2026-05-20T03:34:31.484Z,1,0.073,20.94,51
2026-05-20T03:34:31.648Z,2026-05-20T03:35:31.648Z,1,0.083,20.94,51
2026-05-20T03:35:31.713Z,2026-05-20T03:36:31.713Z,0,0.01,20.94,51
2026-05-20T03:37:32.042Z,2026-05-20T03:38:32.042Z,5,0.423,20.94,51
2026-05-20T03:38:32.107Z,2026-05-20T03:39:32.107Z,0,0.013,20.94,51
2026-05-20T03:41:32.500Z,2026-05-20T03:42:32.500Z,0,0.123,20.94,51
2026-05-20T03:42:32.664Z,2026-05-20T03:43:32.664Z,0,0.262,20.94,51
2026-05-20T03:43:32.828Z,2026-05-20T03:44:32.828Z,0,0.04,20.94,51
2026-05-20T03:45:33.058Z,2026-05-20T03:46:33.058Z,0,0.615,20.94,51
2026-05-20T03:46:33.221Z,2026-05-20T03:47:33.221Z,13,0.76,20.94,51
2026-05-20T03:47:33.286Z,2026-05-20T03:48:33.286Z,6,0.349,20.94,51
2026-05-20T03:48:33.450Z,2026-05-20T03:49:33.450Z,3,0.507,20.94,51
2026-05-20T03:49:33.516Z,2026-05-20T03:50:33.516Z,3,0.279,20.94,51
2026-05-20T03:50:33.680Z,2026-05-20T03:51:33.680Z,2,0.322,20.94,51
2026-05-20T03:51:33.845Z,2026-05-20T03:52:33.845Z,2,0.37,20.94,51
2026-05-20T03:52:33.908Z,2026-05-20T03:53:33.908Z,2,0.236,20.94,51
2026-05-20T03:53:34.073Z,2026-05-20T03:54:34.073Z,5,0.91,20.94,51
2026-05-20T03:54:34.237Z,2026-05-20T03:55:34.237Z,8,0.567,20.94,51
2026-05-20T03:55:34.302Z,2026-05-20T03:56:34.302Z,3,0.106,20.94,51
2026-05-20T03:56:34.467Z,2026-05-20T03:57:34.467Z,6,0.937,20.94,51
2026-05-20T03:57:34.631Z,2026-05-20T03:58:34.631Z,9,1.323,20.94,51
2026-05-20T03:58:34.696Z,2026-05-20T03:59:34.696Z,6,0.349,20.94,51
2026-05-20T03:59:34.859Z,2026-05-20T04:00:34.859Z,10,0.668,20.94,51
2026-05-20T04:00:35.025Z,2026-05-20T04:01:35.025Z,4,0.277,20.94,51
2026-05-20T04:01:35.088Z,2026-05-20T04:02:35.088Z,5,0.183,20.94,51
2026-05-20T04:02:35.253Z,2026-05-20T04:03:35.253Z,3,0.14,20.94,51
2026-05-20T04:03:35.417Z,2026-05-20T04:04:35.417Z,4,0.35,20.94,51
2026-05-20T04:04:35.482Z,2026-05-20T04:05:35.482Z,6,0.561,20.94,51
2026-05-20T04:05:35.647Z,2026-05-20T04:06:35.647Z,3,1.05,20.94,51
2026-05-20T04:06:35.710Z,2026-05-20T04:07:35.710Z,4,1.043,20.94,51
2026-05-20T04:07:35.875Z,2026-05-20T04:08:35.875Z,2,0.209,20.94,51
2026-05-20T04:08:36.039Z,2026-05-20T04:09:36.039Z,3,0.073,20.94,51
2026-05-20T04:09:36.105Z,2026-05-20T04:10:36.105Z,2,0.163,20.94,51
2026-05-20T04:10:36.269Z,2026-05-20T04:11:36.269Z,8,1.043,20.94,51
2026-05-20T04:11:36.433Z,2026-05-20T04:12:36.433Z,4,0.98,20.94,51
2026-05-20T04:12:36.497Z,2026-05-20T04:13:36.497Z,6,1.292,20.94,51
2026-05-20T04:13:36.661Z,2026-05-20T04:14:36.661Z,6,1.605,20.94,51
2026-05-20T04:14:36.826Z,2026-05-20T04:15:36.826Z,3,1.253,20.94,51
2026-05-20T04:15:36.891Z,2026-05-20T04:16:36.891Z,2,0.767,20.94,51
2026-05-20T04:16:37.055Z,2026-05-20T04:17:37.055Z,9,1.02,20.94,51
2026-05-20T04:17:37.220Z,2026-05-20T04:18:37.220Z,8,0.84,20.94,51
2026-05-20T04:18:37.283Z,2026-05-20T04:19:37.283Z,0,0.096,20.94,51
2026-05-20T04:19:37.448Z,2026-05-20T04:20:37.448Z,4,0.23,20.94,51
2026-05-20T04:20:37.513Z,2026-05-20T04:21:37.513Z,4,0.199,20.94,51
2026-05-20T04:21:37.677Z,2026-05-20T04:22:37.677Z,1,0.0,20.94,51
2026-05-20T04:22:37.842Z,2026-05-20T04:23:37.842Z,4,0.163,20.94,51
2026-05-20T04:23:37.907Z,2026-05-20T04:24:37.907Z,1,0.01,20.94,51
2026-05-20T04:24:38.071Z,2026-05-20T04:25:38.071Z,2,0.04,20.94,51
2026-05-20T04:25:38.236Z,2026-05-20T04:26:38.236Z,1,0.097,20.94,51
2026-05-20T04:26:38.299Z,2026-05-20T04:27:38.299Z,1,0.126,20.94,51
2026-05-20T04:28:38.628Z,2026-05-20T04:29:38.628Z,0,0.007,20.94,51
2026-05-20T04:29:38.693Z,2026-05-20T04:30:38.693Z,2,0.027,20.94,51
2026-05-20T04:31:39.022Z,2026-05-20T04:32:39.022Z,1,0.09,20.94,51
2026-05-20T04:32:39.086Z,2026-05-20T04:33:39.086Z,1,0.05,20.94,51
2026-05-20T04:33:39.250Z,2026-05-20T04:34:39.250Z,0,0.04,20.94,51
2026-05-20T04:34:39.315Z,2026-05-20T04:35:39.315Z,3,0.176,20.94,51
2026-05-20T04:35:39.480Z,2026-05-20T04:36:39.480Z,0,0.03,20.94,51
2026-05-20T04:36:39.644Z,2026-05-20T04:37:39.644Z,2,0.087,20.94,51
2026-05-20T04:39:40.038Z,2026-05-20T04:40:40.038Z,0,0.003,20.94,51
2026-05-20T04:47:41.053Z,2026-05-20T04:48:41.053Z,0,0.003,20.94,51
2026-05-20T04:48:41.217Z,2026-05-20T04:49:41.217Z,1,0.007,20.94,51
2026-05-20T04:57:42.298Z,2026-05-20T04:58:42.298Z,1,0.03,20.94,51
2026-05-20T04:58:42.463Z,2026-05-20T04:59:42.463Z,1,0.13,20.94,51
2026-05-20T04:59:42.627Z,2026-05-20T05:00:42.627Z,1,0.477,20.94,51
2026-05-20T05:00:42.691Z,2026-05-20T05:01:42.691Z,1,0.495,20.94,51
2026-05-20T05:01:42.855Z,2026-05-20T05:02:42.855Z,0,0.734,20.94,51
2026-05-20T05:02:43.019Z,2026-05-20T05:03:43.019Z,0,0.013,20.94,51
2026-05-20T05:06:43.477Z,2026-05-20T05:07:43.477Z,0,0.013,20.94,51
2026-05-20T05:07:43.642Z,2026-05-20T05:08:43.642Z,0,0.007,20.94,51
2026-05-20T05:14:44.493Z,2026-05-20T05:15:44.493Z,1,0.13,20.94,51
2026-05-20T05:15:44.658Z,2026-05-20T05:16:44.658Z,0,0.817,20.94,51
2026-05-20T05:16:44.822Z,2026-05-20T05:17:44.822Z,0,0.867,20.94,51
2026-05-20T05:17:44.887Z,2026-05-20T05:18:44.887Z,0,0.917,20.94,51
2026-05-20T05:18:45.052Z,2026-05-20T05:19:45.052Z,0,0.517,20.94,51
2026-05-20T05:19:45.115Z,2026-05-20T05:20:45.115Z,0,0.07,20.94,51
2026-05-20T05:20:45.280Z,2026-05-20T05:21:45.280Z,0,0.027,20.94,51
2026-05-20T05:21:45.444Z,2026-05-20T05:22:45.444Z,0,0.02,20.94,51
2026-05-20T05:22:45.509Z,2026-05-20T05:23:45.509Z,0,0.086,20.94,51
2026-05-20T05:23:45.674Z,2026-05-20T05:24:45.674Z,0,0.163,20.94,51
2026-05-20T05:24:45.838Z,2026-05-20T05:25:45.838Z,0,0.1,20.94,51
2026-05-20T05:25:45.903Z,2026-05-20T05:26:45.903Z,0,0.04,20.94,51
2026-05-20T05:26:46.066Z,2026-05-20T05:27:46.066Z,0,0.033,20.94,51
2026-05-20T05:27:46.232Z,2026-05-20T05:28:46.232Z,0,0.03,20.94,51
2026-05-20T05:28:46.296Z,2026-05-20T05:29:46.296Z,0,0.06,20.94,51
2026-05-20T05:29:46.460Z,2026-05-20T05:30:46.460Z,0,0.066,20.94,51
2026-05-20T05:30:46.625Z,2026-05-20T05:31:46.625Z,1,0.253,20.94,51
2026-05-20T05:31:46.690Z,2026-05-20T05:32:46.690Z,0,0.056,20.94,51
2026-05-20T05:32:46.854Z,2026-05-20T05:33:46.854Z,0,0.093,20.94,51
2026-05-20T05:33:47.019Z,2026-05-20T05:34:47.019Z,0,0.123,20.94,51
2026-05-20T05:34:47.082Z,2026-05-20T05:35:47.082Z,0,0.262,20.94,51
2026-05-20T05:35:47.246Z,2026-05-20T05:36:47.246Z,0,0.347,20.94,51
2026-05-20T05:36:47.312Z,2026-05-20T05:37:47.312Z,1,1.096,20.94,51
2026-05-20T05:37:47.476Z,2026-05-20T05:38:47.476Z,2,1.02,20.94,51
2026-05-20T05:38:47.641Z,2026-05-20T05:39:47.641Z,0,0.94,20.94,51
2026-05-20T05:39:47.704Z,2026-05-20T05:40:47.704Z,0,0.611,20.94,51
2026-05-20T05:40:47.869Z,2026-05-20T05:41:47.869Z,0,0.748,20.94,51
2026-05-20T05:41:48.033Z,2026-05-20T05:42:48.033Z,0,0.697,20.94,51
2026-05-20T05:42:48.098Z,2026-05-20T05:43:48.098Z,0,0.595,20.94,51
2026-05-20T05:43:48.263Z,2026-05-20T05:44:48.263Z,0,0.468,20.94,51
2026-05-20T05:44:48.427Z,2026-05-20T05:45:48.427Z,0,0.357,20.94,51
2026-05-20T05:45:48.492Z,2026-05-20T05:46:48.492Z,1,0.591,20.94,51
2026-05-20T05:46:48.655Z,2026-05-20T05:47:48.655Z,0,0.953,20.94,51
2026-05-20T05:47:48.821Z,2026-05-20T05:48:48.821Z,0,0.913,20.94,51
2026-05-20T05:48:48.884Z,2026-05-20T05:49:48.884Z,0,0.927,20.94,51
2026-05-20T05:49:49.049Z,2026-05-20T05:50:49.049Z,0,0.957,20.94,51
2026-05-20T05:50:49.114Z,2026-05-20T05:51:49.114Z,0,1.0,20.94,51
2026-05-20T05:51:49.279Z,2026-05-20T05:52:49.279Z,0,0.834,20.94,51
2026-05-20T05:52:49.443Z,2026-05-20T05:53:49.443Z,0,0.943,20.94,51
2026-05-20T05:53:49.507Z,2026-05-20T05:54:49.507Z,0,0.997,20.94,51
2026-05-20T05:54:49.671Z,2026-05-20T05:55:49.671Z,0,0.744,20.94,51
2026-05-20T05:55:49.836Z,2026-05-20T05:56:49.836Z,0,0.96,20.94,51
2026-05-20T05:56:49.901Z,2026-05-20T05:57:49.901Z,0,0.575,20.94,51
2026-05-20T05:57:50.065Z,2026-05-20T05:58:50.065Z,0,0.94,20.94,51
2026-05-20T05:58:50.230Z,2026-05-20T05:59:50.230Z,0,0.9,20.94,51
2026-05-20T05:59:50.293Z,2026-05-20T06:00:50.293Z,0,0.648,20.94,51
2026-05-20T06:00:50.459Z,2026-05-20T06:01:50.459Z,0,0.957,20.94,51
2026-05-20T06:01:50.622Z,2026-05-20T06:02:50.622Z,0,0.757,20.94,51
2026-05-20T06:02:50.687Z,2026-05-20T06:03:50.687Z,2,1.043,20.94,51
2026-05-20T06:03:50.851Z,2026-05-20T06:04:50.851Z,1,0.987,20.94,51
2026-05-20T06:04:50.917Z,2026-05-20T06:05:50.917Z,0,0.98,20.94,51
2026-05-20T06:05:51.081Z,2026-05-20T06:06:51.081Z,3,1.163,20.94,51
2026-05-20T06:06:51.246Z,2026-05-20T06:07:51.246Z,1,1.016,20.94,51
2026-05-20T06:07:51.309Z,2026-05-20T06:08:51.309Z,1,1.05,20.94,51
2026-05-20T06:08:51.474Z,2026-05-20T06:09:51.474Z,0,1.0,20.94,51
2026-05-20T06:09:51.638Z,2026-05-20T06:10:51.638Z,1,0.883,20.94,51
2026-05-20T06:10:51.703Z,2026-05-20T06:11:51.703Z,0,0.884,20.94,51
2026-05-20T06:11:51.868Z,2026-05-20T06:12:51.868Z,0,0.661,20.94,51
2026-05-20T06:12:52.032Z,2026-05-20T06:13:52.032Z,0,0.943,20.94,51
2026-05-20T06:13:52.096Z,2026-05-20T06:14:52.096Z,0,0.827,20.94,51
2026-05-20T06:14:52.260Z,2026-05-20T06:15:52.260Z,0,0.814,20.94,51
2026-05-20T06:15:52.426Z,2026-05-20T06:16:52.426Z,0,0.953,20.94,51
2026-05-20T06:16:52.490Z,2026-05-20T06:17:52.490Z,0,0.375,20.94,51
2026-05-20T06:39:55.473Z,2026-05-20T06:40:55.473Z,0,0.076,20.94,51
2026-05-20T06:41:55.700Z,2026-05-20T06:42:55.700Z,0,0.053,20.94,51
2026-05-20T06:42:55.865Z,2026-05-20T06:43:55.865Z,0,0.296,20.94,51
2026-05-20T06:43:56.029Z,2026-05-20T06:44:56.029Z,1,0.11,20.94,51
2026-05-20T06:44:56.095Z,2026-05-20T06:45:56.095Z,0,0.558,20.94,51
2026-05-20T06:45:56.259Z,2026-05-20T06:46:56.259Z,0,0.252,20.94,51
2026-05-20T06:46:56.424Z,2026-05-20T06:47:56.424Z,0,0.613,20.94,51
2026-05-20T06:47:56.487Z,2026-05-20T06:48:56.487Z,3,0.312,20.94,51
2026-05-20T06:48:56.653Z,2026-05-20T06:49:56.653Z,0,0.595,20.94,51
2026-05-20T06:49:56.816Z,2026-05-20T06:50:56.816Z,0,0.657,20.94,51
2026-05-20T06:50:56.881Z,2026-05-20T06:51:56.881Z,2,0.455,20.94,51
2026-05-20T06:54:57.440Z,2026-05-20T06:55:57.440Z,1,0.267,20.94,51
2026-05-20T06:55:57.503Z,2026-05-20T06:56:57.503Z,1,0.977,20.94,51
2026-05-20T06:56:57.668Z,2026-05-20T06:57:57.668Z,1,0.555,20.94,51
2026-05-20T06:57:57.832Z,2026-05-20T06:58:57.832Z,0,0.393,20.94,51
2026-05-20T06:58:57.897Z,2026-05-20T06:59:57.897Z,0,0.196,20.94,51
2026-05-20T06:59:58.062Z,2026-05-20T07:00:58.062Z,0,0.213,20.94,51
2026-05-20T07:01:58.290Z,2026-05-20T07:02:58.290Z,0,0.03,20.94,51
2026-05-20T07:02:58.454Z,2026-05-20T07:03:58.454Z,0,0.445,20.94,51
2026-05-20T07:03:58.619Z,2026-05-20T07:04:58.619Z,0,0.727,20.94,51
2026-05-20T07:04:58.684Z,2026-05-20T07:05:58.684Z,0,0.691,20.94,51
2026-05-20T07:05:58.848Z,2026-05-20T07:06:58.848Z,0,0.66,20.94,51
2026-05-20T07:06:58.913Z,2026-05-20T07:07:58.913Z,0,0.718,20.94,51
2026-05-20T07:07:59.078Z,2026-05-20T07:08:59.078Z,0,0.671,20.94,51
2026-05-20T07:08:59.242Z,2026-05-20T07:09:59.242Z,0,0.36,20.94,51
2026-05-20T07:09:59.306Z,2026-05-20T07:10:59.306Z,0,0.452,20.94,51
2026-05-20T07:10:59.470Z,2026-05-20T07:11:59.470Z,0,0.116,20.94,51
2026-05-20T07:11:59.635Z,2026-05-20T07:12:59.635Z,4,0.323,20.94,51
2026-05-20T07:12:59.700Z,2026-05-20T07:13:59.700Z,3,1.179,20.94,51
2026-05-20T07:13:59.864Z,2026-05-20T07:14:59.864Z,1,0.286,20.94,51
2026-05-20T07:15:00.029Z,2026-05-20T07:16:00.029Z,1,1.03,20.94,51
2026-05-20T07:16:00.092Z,2026-05-20T07:17:00.092Z,0,0.93,20.94,51
2026-05-20T07:17:00.257Z,2026-05-20T07:18:00.257Z,1,0.628,20.94,51
2026-05-20T07:18:00.421Z,2026-05-20T07:19:00.421Z,2,0.67,20.94,51
2026-05-20T07:19:00.486Z,2026-05-20T07:20:00.486Z,0,0.056,20.94,51
2026-05-20T07:20:00.651Z,2026-05-20T07:21:00.651Z,1,0.177,20.94,51
2026-05-20T07:21:00.716Z,2026-05-20T07:22:00.716Z,0,0.575,20.94,51
2026-05-20T07:22:00.880Z,2026-05-20T07:23:00.880Z,0,0.455,20.94,51
2026-05-20T07:23:01.045Z,2026-05-20T07:24:01.045Z,0,0.5,20.94,51
2026-05-20T07:24:01.108Z,2026-05-20T07:25:01.108Z,2,1.043,20.94,51
2026-05-20T07:25:01.273Z,2026-05-20T07:26:01.273Z,0,0.668,20.94,51
2026-05-20T07:26:01.437Z,2026-05-20T07:27:01.437Z,0,0.537,20.94,51
2026-05-20T07:27:01.503Z,2026-05-20T07:28:01.503Z,0,0.512,20.94,51
2026-05-20T07:28:01.667Z,2026-05-20T07:29:01.667Z,0,0.439,20.94,51
2026-05-20T07:29:01.831Z,2026-05-20T07:30:01.831Z,0,0.597,20.94,51
2026-05-20T07:30:01.895Z,2026-05-20T07:31:01.895Z,0,0.801,20.94,51
2026-05-20T07:31:02.059Z,2026-05-20T07:32:02.059Z,0,0.834,20.94,51
2026-05-20T07:32:02.224Z,2026-05-20T07:33:02.224Z,0,0.997,20.94,51
2026-05-20T07:33:02.289Z,2026-05-20T07:34:02.289Z,0,0.551,20.94,51
2026-05-20T07:34:02.453Z,2026-05-20T07:35:02.453Z,0,0.635,20.94,51
2026-05-20T07:35:02.618Z,2026-05-20T07:36:02.618Z,0,0.07,20.94,51
2026-05-20T07:36:02.683Z,2026-05-20T07:37:02.683Z,0,0.086,20.94,51
2026-05-20T07:37:02.846Z,2026-05-20T07:38:02.846Z,0,0.113,20.94,51
2026-05-20T07:39:03.075Z,2026-05-20T07:40:03.075Z,0,0.03,20.94,51
2026-05-20T07:40:03.240Z,2026-05-20T07:41:03.240Z,0,0.033,20.94,51
2026-05-20T07:41:03.305Z,2026-05-20T07:42:03.305Z,0,0.096,20.94,51
2026-05-20T07:42:03.469Z,2026-05-20T07:43:03.469Z,0,0.027,20.94,51
2026-05-20T07:43:03.634Z,2026-05-20T07:44:03.634Z,0,0.007,20.94,51
2026-05-20T07:44:03.697Z,2026-05-20T07:45:03.697Z,0,0.116,20.94,51
2026-05-20T07:48:04.256Z,2026-05-20T07:49:04.256Z,1,0.07,20.94,51
2026-05-20T07:49:04.421Z,2026-05-20T07:50:04.421Z,0,0.003,20.94,51
2026-05-20T07:50:04.484Z,2026-05-20T07:51:04.484Z,0,0.007,20.94,51
2026-05-20T07:51:04.648Z,2026-05-20T07:52:04.648Z,0,0.017,20.94,51
2026-05-20T07:52:04.713Z,2026-05-20T07:53:04.713Z,0,0.066,20.94,51
2026-05-20T07:54:05.042Z,2026-05-20T07:55:05.042Z,0,0.043,20.94,51
2026-05-20T07:55:05.107Z,2026-05-20T07:56:05.107Z,0,0.116,20.94,51
2026-05-20T07:56:05.272Z,2026-05-20T07:57:05.272Z,0,0.003,20.94,51
2026-05-20T07:57:05.436Z,2026-05-20T07:58:05.436Z,0,0.103,20.94,51
2026-05-20T07:58:05.500Z,2026-05-20T07:59:05.500Z,0,0.688,20.94,51
2026-05-20T07:59:05.664Z,2026-05-20T08:00:05.664Z,0,0.681,20.94,51
2026-05-20T08:00:05.829Z,2026-05-20T08:01:05.829Z,0,0.03,20.94,51
2026-05-20T08:01:05.894Z,2026-05-20T08:02:05.894Z,0,0.236,20.94,51
2026-05-20T08:02:06.059Z,2026-05-20T08:03:06.059Z,0,0.455,20.94,51
2026-05-20T08:03:06.223Z,2026-05-20T08:04:06.223Z,0,0.723,20.94,51
2026-05-20T08:04:06.288Z,2026-05-20T08:05:06.288Z,0,0.233,20.94,51
2026-05-20T08:05:06.451Z,2026-05-20T08:06:06.451Z,0,0.153,20.94,51
2026-05-20T08:06:06.516Z,2026-05-20T08:07:06.516Z,0,0.146,20.94,51
2026-05-20T08:07:06.680Z,2026-05-20T08:08:06.680Z,0,0.066,20.94,51
2026-05-20T08:08:06.845Z,2026-05-20T08:09:06.845Z,0,0.087,20.94,51
2026-05-20T08:09:06.910Z,2026-05-20T08:10:06.910Z,0,0.166,20.94,51
2026-05-20T08:10:07.075Z,2026-05-20T08:11:07.075Z,0,0.017,20.94,51
2026-05-20T08:11:07.239Z,2026-05-20T08:12:07.239Z,0,0.087,20.94,51
2026-05-20T08:12:07.302Z,2026-05-20T08:13:07.302Z,0,0.1,20.94,51
2026-05-20T08:13:07.467Z,2026-05-20T08:14:07.467Z,0,0.103,20.94,51
2026-05-20T08:14:07.631Z,2026-05-20T08:15:07.631Z,0,0.477,20.94,51
2026-05-20T08:15:07.697Z,2026-05-20T08:16:07.697Z,0,0.027,20.94,51
2026-05-20T08:16:07.861Z,2026-05-20T08:17:07.861Z,0,0.156,20.94,51
2026-05-20T08:17:08.026Z,2026-05-20T08:18:08.026Z,0,0.58,20.94,51
2026-05-20T08:18:08.089Z,2026-05-20T08:19:08.089Z,0,0.578,20.94,51
2026-05-20T08:19:08.255Z,2026-05-20T08:20:08.255Z,0,0.548,20.94,51
2026-05-20T08:20:08.418Z,2026-05-20T08:21:08.418Z,0,0.38,20.94,51
2026-05-20T08:21:08.483Z,2026-05-20T08:22:08.483Z,0,0.289,20.94,51
2026-05-20T08:22:08.648Z,2026-05-20T08:23:08.648Z,0,0.84,20.94,51
2026-05-20T08:23:08.713Z,2026-05-20T08:24:08.713Z,0,0.375,20.94,51
2026-05-20T08:24:08.877Z,2026-05-20T08:25:08.877Z,0,0.223,20.94,51
2026-05-20T08:25:09.040Z,2026-05-20T08:26:09.040Z,0,0.747,20.94,51
2026-05-20T08:26:09.105Z,2026-05-20T08:27:09.105Z,0,0.266,20.94,51
2026-05-20T08:27:09.269Z,2026-05-20T08:28:09.269Z,1,0.409,20.94,51
2026-05-20T08:28:09.434Z,2026-05-20T08:29:09.434Z,0,0.657,20.94,51
2026-05-20T08:29:09.499Z,2026-05-20T08:30:09.499Z,0,0.555,20.94,51
2026-05-20T08:30:09.664Z,2026-05-20T08:31:09.664Z,0,0.621,20.94,51
2026-05-20T08:31:09.828Z,2026-05-20T08:32:09.828Z,0,0.747,20.94,51
2026-05-20T08:32:09.892Z,2026-05-20T08:33:09.892Z,0,0.85,20.94,51
2026-05-20T08:33:10.056Z,2026-05-20T08:34:10.056Z,0,0.292,20.94,51
2026-05-20T08:34:10.221Z,2026-05-20T08:35:10.221Z,0,0.36,20.94,51
2026-05-20T08:35:10.286Z,2026-05-20T08:36:10.286Z,0,0.229,20.94,51
2026-05-20T08:36:10.450Z,2026-05-20T08:37:10.450Z,0,0.32,20.94,51
2026-05-20T08:37:10.515Z,2026-05-20T08:38:10.515Z,0,0.877,20.94,51
2026-05-20T08:38:10.678Z,2026-05-20T08:39:10.678Z,0,0.731,20.94,51
2026-05-20T08:39:10.844Z,2026-05-20T08:40:10.844Z,0,0.4,20.94,51
2026-05-20T08:40:10.907Z,2026-05-20T08:41:10.907Z,0,0.409,20.94,51
2026-05-20T08:41:11.072Z,2026-05-20T08:42:11.072Z,0,0.485,20.94,51
2026-05-20T08:42:11.236Z,2026-05-20T08:43:11.236Z,0,0.587,20.94,51
2026-05-20T08:43:11.302Z,2026-05-20T08:44:11.302Z,0,0.907,20.94,51
2026-05-20T08:44:11.466Z,2026-05-20T08:45:11.466Z,0,0.645,20.94,51
2026-05-20T08:45:11.631Z,2026-05-20T08:46:11.631Z,0,0.52,20.94,51
2026-05-20T08:46:11.694Z,2026-05-20T08:47:11.694Z,0,1.0,20.94,51
2026-05-20T08:47:11.859Z,2026-05-20T08:48:11.859Z,1,0.462,20.94,51
2026-05-20T08:48:12.023Z,2026-05-20T08:49:12.023Z,1,1.143,20.94,51
2026-05-20T08:49:12.088Z,2026-05-20T08:50:12.088Z,0,0.983,20.94,51
2026-05-20T08:50:12.253Z,2026-05-20T08:51:12.253Z,0,0.977,20.94,51
2026-05-20T08:51:12.417Z,2026-05-20T08:52:12.417Z,0,0.91,20.94,51
2026-05-20T08:52:12.482Z,2026-05-20T08:53:12.482Z,0,0.93,20.94,51
2026-05-20T08:53:12.645Z,2026-05-20T08:54:12.645Z,0,0.687,20.94,51
2026-05-20T08:54:12.710Z,2026-05-20T08:55:12.710Z,0,0.814,20.94,51
2026-05-20T08:55:12.875Z,2026-05-20T08:56:12.875Z,0,0.914,20.94,51
2026-05-20T08:56:13.039Z,2026-05-20T08:57:13.039Z,0,0.69,20.94,51
2026-05-20T08:57:13.104Z,2026-05-20T08:58:13.104Z,0,0.638,20.94,51
2026-05-20T08:58:13.269Z,2026-05-20T08:59:13.269Z,0,0.774,20.94,51
2026-05-20T08:59:13.433Z,2026-05-20T09:00:13.433Z,0,0.767,20.94,51
2026-05-20T09:00:13.497Z,2026-05-20T09:01:13.497Z,0,0.88,20.94,51
2026-05-20T09:01:13.661Z,2026-05-20T09:02:13.661Z,0,0.884,20.94,51
2026-05-20T09:02:13.825Z,2026-05-20T09:03:13.825Z,0,0.907,20.94,51
2026-05-20T09:03:13.891Z,2026-05-20T09:04:13.891Z,0,0.834,20.94,51
2026-05-20T09:04:14.055Z,2026-05-20T09:05:14.055Z,0,0.681,20.94,51
2026-05-20T09:05:14.220Z,2026-05-20T09:06:14.220Z,0,0.89,20.94,51
2026-05-20T09:06:14.283Z,2026-05-20T09:07:14.283Z,0,0.884,20.94,51
2026-05-20T09:07:14.448Z,2026-05-20T09:08:14.448Z,0,0.763,20.94,51
2026-05-20T09:08:14.513Z,2026-05-20T09:09:14.513Z,0,0.714,20.94,51
2026-05-20T09:09:14.677Z,2026-05-20T09:10:14.677Z,0,0.937,20.94,51
2026-05-20T09:10:14.842Z,2026-05-20T09:11:14.842Z,0,0.843,20.94,51
2026-05-20T09:11:14.907Z,2026-05-20T09:12:14.907Z,0,0.887,20.94,51
2026-05-20T09:12:15.071Z,2026-05-20T09:13:15.071Z,0,0.711,20.94,51
2026-05-20T09:13:15.234Z,2026-05-20T09:14:15.234Z,0,0.56,20.94,51
2026-05-20T09:14:15.299Z,2026-05-20T09:15:15.299Z,0,0.99,20.94,51
2026-05-20T09:15:15.463Z,2026-05-20T09:16:15.463Z,0,0.953,20.94,51
2026-05-20T09:16:15.628Z,2026-05-20T09:17:15.628Z,0,0.993,20.94,51
2026-05-20T09:17:15.693Z,2026-05-20T09:18:15.693Z,0,0.95,20.94,51
2026-05-20T09:18:15.858Z,2026-05-20T09:19:15.858Z,0,0.944,20.94,51
2026-05-20T09:19:16.022Z,2026-05-20T09:20:16.022Z,2,0.477,20.94,51
2026-05-20T09:24:16.644Z,2026-05-20T09:25:16.644Z,0,0.013,20.94,51
2026-05-20T09:25:16.709Z,2026-05-20T09:26:16.709Z,1,0.352,20.94,51
2026-05-20T09:26:16.872Z,2026-05-20T09:27:16.872Z,0,0.05,20.94,51
2026-05-20T09:27:17.038Z,2026-05-20T09:28:17.038Z,2,0.087,20.94,51
2026-05-20T09:28:17.101Z,2026-05-20T09:29:17.101Z,0,0.382,20.94,51
2026-05-20T09:29:17.266Z,2026-05-20T09:30:17.266Z,0,0.525,20.94,51
2026-05-20T09:30:17.430Z,2026-05-20T09:31:17.430Z,0,0.133,20.94,51
2026-05-20T09:31:17.494Z,2026-05-20T09:32:17.494Z,0,0.259,20.94,51
2026-05-20T09:32:17.660Z,2026-05-20T09:33:17.660Z,0,0.322,20.94,51
2026-05-20T09:33:17.823Z,2026-05-20T09:34:17.823Z,0,0.183,20.94,51
2026-05-20T09:34:17.888Z,2026-05-20T09:35:17.888Z,0,0.282,20.94,51
2026-05-20T09:35:18.052Z,2026-05-20T09:36:18.052Z,0,0.186,20.94,51
2026-05-20T09:36:18.217Z,2026-05-20T09:37:18.217Z,0,0.413,20.94,51
2026-05-20T09:37:18.282Z,2026-05-20T09:38:18.282Z,0,0.223,20.94,51
2026-05-20T09:38:18.446Z,2026-05-20T09:39:18.446Z,0,0.343,20.94,51
2026-05-20T09:39:18.510Z,2026-05-20T09:40:18.510Z,0,0.505,20.94,51
2026-05-20T09:40:18.674Z,2026-05-20T09:41:18.674Z,0,0.226,20.94,51
2026-05-20T09:41:18.839Z,2026-05-20T09:42:18.839Z,0,0.28,20.94,51
2026-05-20T09:42:18.904Z,2026-05-20T09:43:18.904Z,0,0.166,20.94,51
2026-05-20T09:43:19.069Z,2026-05-20T09:44:19.069Z,0,0.183,20.94,51
2026-05-20T09:44:19.233Z,2026-05-20T09:45:19.233Z,0,0.69,20.94,51
2026-05-20T09:45:19.298Z,2026-05-20T09:46:19.298Z,1,0.505,20.94,51
2026-05-20T09:46:19.461Z,2026-05-20T09:47:19.461Z,1,0.522,20.94,51
2026-05-20T09:47:19.627Z,2026-05-20T09:48:19.627Z,0,0.67,20.94,51
2026-05-20T09:48:19.690Z,2026-05-20T09:49:19.690Z,0,0.794,20.94,51
2026-05-20T09:49:19.855Z,2026-05-20T09:50:19.855Z,0,1.0,20.94,51
2026-05-20T09:50:20.019Z,2026-05-20T09:51:20.019Z,0,0.943,20.94,51
2026-05-20T09:51:20.084Z,2026-05-20T09:52:20.084Z,0,0.953,20.94,51
2026-05-20T09:52:20.249Z,2026-05-20T09:53:20.249Z,0,0.797,20.94,51
2026-05-20T09:53:20.312Z,2026-05-20T09:54:20.312Z,0,0.771,20.94,51
2026-05-20T09:54:20.477Z,2026-05-20T09:55:20.477Z,0,0.346,20.94,51
2026-05-20T09:55:20.641Z,2026-05-20T09:56:20.641Z,0,0.92,20.94,51
2026-05-20T09:56:20.707Z,2026-05-20T09:57:20.707Z,0,0.728,20.94,51
2026-05-20T09:57:20.871Z,2026-05-20T09:58:20.871Z,1,0.492,20.94,51
2026-05-20T09:58:21.036Z,2026-05-20T09:59:21.036Z,0,0.847,20.94,51
2026-05-20T09:59:21.099Z,2026-05-20T10:00:21.099Z,0,0.963,20.94,51
2026-05-20T10:00:21.263Z,2026-05-20T10:01:21.263Z,1,0.92,20.94,51
2026-05-20T10:01:21.428Z,2026-05-20T10:02:21.428Z,0,0.833,20.94,51
2026-05-20T10:02:21.493Z,2026-05-20T10:03:21.493Z,0,0.535,20.94,51
2026-05-20T10:03:21.657Z,2026-05-20T10:04:21.657Z,0,0.615,20.94,51
2026-05-20T10:04:21.822Z,2026-05-20T10:05:21.822Z,0,0.867,20.94,51
2026-05-20T10:05:21.887Z,2026-05-20T10:06:21.887Z,0,0.561,20.94,51
2026-05-20T10:06:22.051Z,2026-05-20T10:07:22.051Z,0,0.92,20.94,51
2026-05-20T10:07:22.115Z,2026-05-20T10:08:22.115Z,0,0.621,20.94,51
2026-05-20T10:08:22.279Z,2026-05-20T10:09:22.279Z,0,0.93,20.94,51
2026-05-20T10:09:22.444Z,2026-05-20T10:10:22.444Z,0,0.703,20.94,51
2026-05-20T10:10:22.509Z,2026-05-20T10:11:22.509Z,0,0.508,20.94,51
2026-05-20T10:11:22.673Z,2026-05-20T10:12:22.673Z,0,0.814,20.94,51
2026-05-20T10:12:22.838Z,2026-05-20T10:13:22.838Z,0,0.803,20.94,51
2026-05-20T10:13:22.901Z,2026-05-20T10:14:22.901Z,0,0.944,20.94,51
2026-05-20T10:14:23.066Z,2026-05-20T10:15:23.066Z,0,0.781,20.94,51
2026-05-20T10:15:23.230Z,2026-05-20T10:16:23.230Z,0,0.68,20.94,51
2026-05-20T10:16:23.296Z,2026-05-20T10:17:23.296Z,0,0.857,20.94,51
2026-05-20T10:17:23.460Z,2026-05-20T10:18:23.460Z,0,0.894,20.94,51
2026-05-20T10:18:23.625Z,2026-05-20T10:19:23.625Z,0,0.913,20.94,51
2026-05-20T10:19:23.688Z,2026-05-20T10:20:23.688Z,0,0.628,20.94,51
2026-05-20T10:20:23.854Z,2026-05-20T10:21:23.854Z,0,0.734,20.94,51
2026-05-20T10:21:24.017Z,2026-05-20T10:22:24.017Z,0,0.91,20.94,51
2026-05-20T10:22:24.082Z,2026-05-20T10:23:24.082Z,0,0.694,20.94,51
2026-05-20T10:23:24.246Z,2026-05-20T10:24:24.246Z,0,0.73,20.94,51
2026-05-20T10:24:24.312Z,2026-05-20T10:25:24.312Z,0,0.262,20.94,51
2026-05-20T10:25:24.476Z,2026-05-20T10:26:24.476Z,0,0.007,20.94,51
2026-05-20T10:26:24.640Z,2026-05-20T10:27:24.640Z,0,0.063,20.94,51
2026-05-20T10:27:24.704Z,2026-05-20T10:28:24.704Z,0,0.04,20.94,51
2026-05-20T10:28:24.868Z,2026-05-20T10:29:24.868Z,1,0.06,20.94,51
2026-05-20T10:29:25.033Z,2026-05-20T10:30:25.033Z,1,0.323,20.94,51
2026-05-20T10:30:25.098Z,2026-05-20T10:31:25.098Z,0,0.02,20.94,51
2026-05-20T10:31:25.263Z,2026-05-20T10:32:25.263Z,0,0.136,20.94,51
2026-05-20T10:32:25.427Z,2026-05-20T10:33:25.427Z,0,0.27,20.94,51
2026-05-20T10:33:25.492Z,2026-05-20T10:34:25.492Z,0,0.611,20.94,51
2026-05-20T10:34:25.655Z,2026-05-20T10:35:25.655Z,0,0.96,20.94,51
2026-05-20T10:35:25.821Z,2026-05-20T10:36:25.821Z,0,0.81,20.94,51
2026-05-20T10:36:25.884Z,2026-05-20T10:37:25.884Z,0,0.761,20.94,51
2026-05-20T10:37:26.049Z,2026-05-20T10:38:26.049Z,0,0.347,20.94,51
2026-05-20T10:38:26.114Z,2026-05-20T10:39:26.114Z,0,0.179,20.94,51
2026-05-20T10:39:26.278Z,2026-05-20T10:40:26.278Z,0,0.458,20.94,51
2026-05-20T10:40:26.443Z,2026-05-20T10:41:26.443Z,0,0.5,20.94,51
2026-05-20T10:41:26.506Z,2026-05-20T10:42:26.506Z,0,0.894,20.94,51
2026-05-20T10:42:26.671Z,2026-05-20T10:43:26.671Z,0,0.784,20.94,51
2026-05-20T10:43:26.835Z,2026-05-20T10:44:26.835Z,0,0.55,20.94,51
2026-05-20T10:44:26.901Z,2026-05-20T10:45:26.901Z,1,0.748,20.94,51
2026-05-20T10:45:27.065Z,2026-05-20T10:46:27.065Z,0,0.419,20.94,51
2026-05-20T10:46:27.230Z,2026-05-20T10:47:27.230Z,0,0.497,20.94,51
2026-05-20T10:47:27.293Z,2026-05-20T10:48:27.293Z,0,0.429,20.94,51
2026-05-20T10:48:27.459Z,2026-05-20T10:49:27.459Z,0,0.017,20.94,51
2026-05-20T10:49:27.622Z,2026-05-20T10:50:27.622Z,0,0.443,20.94,51
2026-05-20T10:50:27.687Z,2026-05-20T10:51:27.687Z,0,0.179,20.94,51
2026-05-20T10:51:27.851Z,2026-05-20T10:52:27.851Z,0,0.227,20.94,51
2026-05-20T10:52:27.915Z,2026-05-20T10:53:27.915Z,0,0.169,20.94,51
2026-05-20T10:53:28.081Z,2026-05-20T10:54:28.081Z,0,0.15,20.94,51
2026-05-20T10:54:28.244Z,2026-05-20T10:55:28.244Z,0,0.533,20.94,51
2026-05-20T10:55:28.309Z,2026-05-20T10:56:28.309Z,0,0.169,20.94,51
2026-05-20T10:56:28.473Z,2026-05-20T10:57:28.473Z,0,0.216,20.94,51
2026-05-20T10:57:28.638Z,2026-05-20T10:58:28.638Z,0,0.437,20.94,51
2026-05-20T10:58:28.703Z,2026-05-20T10:59:28.703Z,0,0.375,20.94,51
2026-05-20T10:59:28.868Z,2026-05-20T11:00:28.868Z,0,0.452,20.94,51
2026-05-20T11:00:29.032Z,2026-05-20T11:01:29.032Z,0,0.14,20.94,51
2026-05-20T11:01:29.096Z,2026-05-20T11:02:29.096Z,0,0.355,20.94,51
2026-05-20T11:02:29.260Z,2026-05-20T11:03:29.260Z,0,0.033,20.94,51
2026-05-20T11:03:29.424Z,2026-05-20T11:04:29.424Z,0,0.223,20.94,51
2026-05-20T11:04:29.490Z,2026-05-20T11:05:29.490Z,0,0.252,20.94,51
2026-05-20T11:05:29.654Z,2026-05-20T11:06:29.654Z,0,0.751,20.94,51
2026-05-20T11:06:29.819Z,2026-05-20T11:07:29.819Z,0,0.607,20.94,51
2026-05-20T11:07:29.882Z,2026-05-20T11:08:29.882Z,0,0.781,20.94,51
2026-05-20T11:08:30.048Z,2026-05-20T11:09:30.048Z,0,0.38,20.94,51
2026-05-20T11:09:30.111Z,2026-05-20T11:10:30.111Z,0,0.395,20.94,51
2026-05-20T11:10:30.276Z,2026-05-20T11:11:30.276Z,0,0.478,20.94,51
2026-05-20T11:11:30.440Z,2026-05-20T11:12:30.440Z,0,0.837,20.94,51
2026-05-20T11:12:30.506Z,2026-05-20T11:13:30.506Z,0,0.797,20.94,51
2026-05-20T11:13:30.670Z,2026-05-20T11:14:30.670Z,0,0.163,20.94,51
2026-05-20T11:14:30.835Z,2026-05-20T11:15:30.835Z,0,0.027,20.94,51
2026-05-20T11:15:30.898Z,2026-05-20T11:16:30.898Z,0,0.236,20.94,51
2026-05-20T11:16:31.062Z,2026-05-20T11:17:31.062Z,0,0.093,20.94,51
2026-05-20T11:17:31.227Z,2026-05-20T11:18:31.227Z,0,0.393,20.94,51
2026-05-20T11:18:31.292Z,2026-05-20T11:19:31.292Z,0,0.601,20.94,51
2026-05-20T11:19:31.457Z,2026-05-20T11:20:31.457Z,0,0.395,20.94,51
2026-05-20T11:20:31.621Z,2026-05-20T11:21:31.621Z,0,0.037,20.94,51
2026-05-20T11:21:31.686Z,2026-05-20T11:22:31.686Z,2,0.126,20.94,51
2026-05-20T11:22:31.849Z,2026-05-20T11:23:31.849Z,1,0.713,20.94,51
2026-05-20T11:23:31.914Z,2026-05-20T11:24:31.914Z,1,0.515,20.94,51
2026-05-20T11:24:32.078Z,2026-05-20T11:25:32.078Z,0,0.807,20.94,51
2026-05-20T11:25:32.243Z,2026-05-20T11:26:32.243Z,0,0.163,20.94,51
2026-05-20T11:26:32.308Z,2026-05-20T11:27:32.308Z,0,0.674,20.94,51
2026-05-20T11:27:32.473Z,2026-05-20T11:28:32.473Z,0,0.259,20.94,51
2026-05-20T11:28:32.637Z,2026-05-20T11:29:32.637Z,0,0.213,20.94,51
2026-05-20T11:29:32.700Z,2026-05-20T11:30:32.700Z,0,0.455,20.94,51
2026-05-20T11:30:32.865Z,2026-05-20T11:31:32.865Z,0,0.535,20.94,51
2026-05-20T11:31:33.029Z,2026-05-20T11:32:33.029Z,0,0.183,20.94,51
2026-05-20T11:32:33.095Z,2026-05-20T11:33:33.095Z,0,0.013,20.94,51
2026-05-20T11:33:33.259Z,2026-05-20T11:34:33.259Z,0,0.379,20.94,51
2026-05-20T11:34:33.424Z,2026-05-20T11:35:33.424Z,0,0.157,20.94,51
2026-05-20T11:35:33.487Z,2026-05-20T11:36:33.487Z,0,0.392,20.94,51
2026-05-20T11:36:33.653Z,2026-05-20T11:37:33.653Z,0,0.313,20.94,51
2026-05-20T11:37:33.717Z,2026-05-20T11:38:33.717Z,0,0.844,20.94,51
2026-05-20T11:38:33.881Z,2026-05-20T11:39:33.881Z,0,0.08,20.94,51
2026-05-20T11:39:34.046Z,2026-05-20T11:40:34.046Z,0,0.117,20.94,51
2026-05-20T11:40:34.109Z,2026-05-20T11:41:34.109Z,0,0.306,20.94,51
2026-05-20T11:41:34.275Z,2026-05-20T11:42:34.275Z,0,0.073,20.94,51
2026-05-20T11:42:34.438Z,2026-05-20T11:43:34.438Z,0,0.277,20.94,51
2026-05-20T11:43:34.503Z,2026-05-20T11:44:34.503Z,0,0.249,20.94,51
2026-05-20T11:44:34.667Z,2026-05-20T11:45:34.667Z,0,0.056,20.94,51
2026-05-20T11:45:34.832Z,2026-05-20T11:46:34.832Z,0,0.027,20.94,51
2026-05-20T11:46:34.897Z,2026-05-20T11:47:34.897Z,0,0.159,20.94,51
2026-05-20T11:47:35.061Z,2026-05-20T11:48:35.061Z,0,0.07,20.94,51
2026-05-20T11:48:35.226Z,2026-05-20T11:49:35.226Z,0,0.19,20.94,51
2026-05-20T11:49:35.289Z,2026-05-20T11:50:35.289Z,0,0.558,20.94,51
2026-05-20T11:50:35.454Z,2026-05-20T11:51:35.454Z,0,0.249,20.94,51
2026-05-20T11:51:35.618Z,2026-05-20T11:52:35.618Z,0,0.803,20.94,51
2026-05-20T11:52:35.684Z,2026-05-20T11:53:35.684Z,0,0.429,20.94,51
2026-05-20T11:53:35.848Z,2026-05-20T11:54:35.848Z,0,0.377,20.94,51
2026-05-20T11:54:35.913Z,2026-05-20T11:55:35.913Z,0,0.156,20.94,51
2026-05-20T11:55:36.076Z,2026-05-20T11:56:36.076Z,0,0.12,20.94,51
2026-05-20T11:56:36.242Z,2026-05-20T11:57:36.242Z,0,0.19,20.94,51
2026-05-20T11:57:36.305Z,2026-05-20T11:58:36.305Z,0,0.993,20.94,51
2026-05-20T11:58:36.470Z,2026-05-20T11:59:36.470Z,0,0.163,20.94,51
2026-05-20T11:59:36.634Z,2026-05-20T12:00:36.634Z,0,0.42,20.94,51
2026-05-20T12:00:36.698Z,2026-05-20T12:01:36.698Z,0,0.684,20.94,51
2026-05-20T12:01:36.864Z,2026-05-20T12:02:36.864Z,0,0.668,20.94,51
2026-05-20T12:02:37.028Z,2026-05-20T12:03:37.028Z,0,0.177,20.94,51
2026-05-20T12:03:37.092Z,2026-05-20T12:04:37.092Z,0,0.179,20.94,51
2026-05-20T12:04:37.256Z,2026-05-20T12:05:37.256Z,0,0.415,20.94,51
2026-05-20T12:05:37.421Z,2026-05-20T12:06:37.421Z,0,0.423,20.94,51
2026-05-20T12:06:37.486Z,2026-05-20T12:07:37.486Z,0,0.741,20.94,51
2026-05-20T12:07:37.651Z,2026-05-20T12:08:37.651Z,0,0.837,20.94,51
2026-05-20T12:08:37.714Z,2026-05-20T12:09:37.714Z,0,0.704,20.94,51
2026-05-20T12:09:37.878Z,2026-05-20T12:10:37.878Z,0,0.611,20.94,51
2026-05-20T12:10:38.043Z,2026-05-20T12:11:38.043Z,3,0.12,20.94,51
2026-05-20T19:10:32.253Z,2026-05-20T19:11:32.253Z,3,0.116,20.94,51
2026-05-21T00:41:14.823Z,2026-05-21T00:42:14.823Z,0,0.003,20.94,51
2026-05-21T01:18:19.509Z,2026-05-21T01:19:19.509Z,1,0.04,20.94,51
2026-05-21T01:19:19.673Z,2026-05-21T01:20:19.673Z,1,0.023,20.94,51
2026-05-21T01:21:19.901Z,2026-05-21T01:22:19.901Z,0,0.007,20.94,51
2026-05-21T01:29:21.017Z,2026-05-21T01:30:21.017Z,1,0.027,20.94,51
2026-05-21T02:33:29.242Z,2026-05-21T02:34:29.242Z,1,0.027,20.94,51
2026-05-21T02:37:29.700Z,2026-05-21T02:38:29.700Z,0,0.007,20.94,51
2026-05-21T02:49:31.273Z,2026-05-21T02:50:31.273Z,0,0.007,20.94,51
2026-05-21T02:50:31.437Z,2026-05-21T02:51:31.437Z,0,0.003,20.94,51
2026-05-21T02:51:31.502Z,2026-05-21T02:52:31.502Z,0,0.003,20.94,51
2026-05-21T03:02:32.911Z,2026-05-21T03:03:32.911Z,2,0.063,20.94,51
2026-05-21T03:03:33.075Z,2026-05-21T03:04:33.075Z,1,0.239,20.94,51
2026-05-21T03:04:33.240Z,2026-05-21T03:05:33.240Z,2,0.05,20.94,51
2026-05-21T03:06:33.469Z,2026-05-21T03:07:33.469Z,2,0.106,20.94,51
2026-05-21T03:07:33.632Z,2026-05-21T03:08:33.632Z,1,0.24,20.94,51
2026-05-21T03:08:33.697Z,2026-05-21T03:09:33.697Z,0,0.073,20.94,51
2026-05-21T03:09:33.861Z,2026-05-21T03:10:33.861Z,0,0.013,20.94,51
2026-05-21T03:10:34.026Z,2026-05-21T03:11:34.026Z,4,0.1,20.94,51
2026-05-21T03:11:34.091Z,2026-05-21T03:12:34.091Z,0,0.01,20.94,51
2026-05-21T03:13:34.420Z,2026-05-21T03:14:34.420Z,0,0.013,20.94,51
2026-05-21T03:14:34.483Z,2026-05-21T03:15:34.483Z,0,0.203,20.94,51
2026-05-21T03:15:34.648Z,2026-05-21T03:16:34.648Z,0,0.09,20.94,51
2026-05-21T03:16:34.713Z,2026-05-21T03:17:34.713Z,0,0.013,20.94,51
2026-05-21T03:17:34.878Z,2026-05-21T03:18:34.878Z,0,0.11,20.94,51
2026-05-21T03:18:35.042Z,2026-05-21T03:19:35.042Z,0,0.013,20.94,51
2026-05-21T03:20:35.270Z,2026-05-21T03:21:35.270Z,0,0.02,20.94,51
2026-05-21T03:23:35.664Z,2026-05-21T03:24:35.664Z,0,0.007,20.94,51
2026-05-21T03:27:36.221Z,2026-05-21T03:28:36.221Z,0,0.047,20.94,51
2026-05-21T03:29:36.450Z,2026-05-21T03:30:36.450Z,0,0.01,20.94,51
2026-05-21T03:30:36.624Z,2026-05-21T03:31:36.624Z,0,0.02,20.94,51
2026-05-21T03:31:36.680Z,2026-05-21T03:32:36.680Z,0,0.246,20.94,51
2026-05-21T03:33:36.908Z,2026-05-21T03:34:36.908Z,0,0.252,20.94,51
2026-05-21T03:34:37.072Z,2026-05-21T03:35:37.072Z,0,0.027,20.94,51
2026-05-21T03:35:37.237Z,2026-05-21T03:36:37.237Z,0,0.193,20.94,51
2026-05-21T03:36:37.302Z,2026-05-21T03:37:37.302Z,0,0.027,20.94,51
2026-05-21T03:38:37.631Z,2026-05-21T03:39:37.631Z,0,0.073,20.94,51
2026-05-21T03:39:37.696Z,2026-05-21T03:40:37.696Z,0,0.106,20.94,51
2026-05-21T03:40:37.859Z,2026-05-21T03:41:37.859Z,0,0.047,20.94,51
2026-05-21T03:41:38.023Z,2026-05-21T03:42:38.023Z,0,0.647,20.94,51
2026-05-21T03:42:38.088Z,2026-05-21T03:43:38.088Z,0,0.176,20.94,51
2026-05-21T03:43:38.253Z,2026-05-21T03:44:38.253Z,0,0.339,20.94,51
2026-05-21T03:44:38.417Z,2026-05-21T03:45:38.417Z,0,0.407,20.94,51
2026-05-21T03:45:38.482Z,2026-05-21T03:46:38.482Z,0,0.545,20.94,51
2026-05-21T03:48:38.884Z,2026-05-21T03:49:38.884Z,0,0.01,20.94,51
2026-05-21T03:51:39.276Z,2026-05-21T03:52:39.276Z,0,0.023,20.94,51
2026-05-21T03:52:39.434Z,2026-05-21T03:53:39.434Z,0,0.017,20.94,51
2026-05-21T03:53:39.497Z,2026-05-21T03:54:39.497Z,0,0.013,20.94,51
2026-05-21T03:54:39.671Z,2026-05-21T03:55:39.671Z,0,0.073,20.94,51
2026-05-21T03:55:39.835Z,2026-05-21T03:56:39.835Z,0,0.033,20.94,51
2026-05-21T03:57:40.055Z,2026-05-21T03:58:40.055Z,1,0.043,20.94,51
2026-05-21T03:59:40.285Z,2026-05-21T04:00:40.285Z,3,0.322,20.94,51
2026-05-21T04:00:40.448Z,2026-05-21T04:01:40.448Z,2,0.443,20.94,51
2026-05-21T04:01:40.513Z,2026-05-21T04:02:40.513Z,0,0.146,20.94,51
2026-05-21T04:02:40.677Z,2026-05-21T04:03:40.677Z,3,0.113,20.94,51
2026-05-21T04:03:40.851Z,2026-05-21T04:04:40.851Z,7,0.663,20.94,51
2026-05-21T04:04:40.914Z,2026-05-21T04:05:40.914Z,0,0.007,20.94,51
2026-05-21T04:05:41.079Z,2026-05-21T04:06:41.079Z,1,0.076,20.94,51
2026-05-21T04:06:41.236Z,2026-05-21T04:07:41.236Z,5,0.653,20.94,51
2026-05-21T04:07:41.309Z,2026-05-21T04:08:41.309Z,4,0.847,20.94,51
2026-05-21T04:08:41.473Z,2026-05-21T04:09:41.473Z,3,0.199,20.94,51
2026-05-21T04:09:41.638Z,2026-05-21T04:10:41.638Z,3,0.097,20.94,51
2026-05-21T04:43:46.020Z,2026-05-21T04:44:46.020Z,5,0.387,20.94,51
2026-05-21T04:44:46.085Z,2026-05-21T04:45:46.085Z,2,0.223,20.94,51
2026-05-21T04:45:46.250Z,2026-05-21T04:46:46.250Z,0,0.027,20.94,51
2026-05-21T04:46:46.313Z,2026-05-21T04:47:46.313Z,0,0.076,20.94,51
2026-05-21T04:47:46.479Z,2026-05-21T04:48:46.479Z,0,0.455,20.94,51
2026-05-21T04:48:46.642Z,2026-05-21T04:49:46.642Z,0,0.053,20.94,51
2026-05-21T04:49:46.707Z,2026-05-21T04:50:46.707Z,0,0.492,20.94,51
2026-05-21T04:50:46.871Z,2026-05-21T04:51:46.871Z,0,0.565,20.94,51
2026-05-21T04:51:47.036Z,2026-05-21T04:52:47.036Z,0,0.603,20.94,51
2026-05-21T04:52:47.101Z,2026-05-21T04:53:47.101Z,0,0.528,20.94,51
2026-05-21T04:53:47.265Z,2026-05-21T04:54:47.265Z,0,0.199,20.94,51
2026-05-21T04:54:47.430Z,2026-05-21T04:55:47.430Z,0,0.303,20.94,51
2026-05-21T04:55:47.493Z,2026-05-21T04:56:47.493Z,0,0.528,20.94,51
2026-05-21T04:56:47.658Z,2026-05-21T04:57:47.658Z,0,0.85,20.94,51
2026-05-21T04:57:47.822Z,2026-05-21T04:58:47.822Z,0,0.91,20.94,51
2026-05-21T04:58:47.888Z,2026-05-21T04:59:47.888Z,0,0.508,20.94,51
2026-05-21T04:59:48.052Z,2026-05-21T05:00:48.052Z,0,0.543,20.94,51
2026-05-21T05:00:48.117Z,2026-05-21T05:01:48.117Z,0,0.807,20.94,51
2026-05-21T05:01:48.280Z,2026-05-21T05:02:48.280Z,0,0.917,20.94,51
2026-05-21T05:02:48.446Z,2026-05-21T05:03:48.446Z,0,0.96,20.94,51
2026-05-21T05:03:48.509Z,2026-05-21T05:04:48.509Z,0,0.983,20.94,51
2026-05-21T05:04:48.674Z,2026-05-21T05:05:48.674Z,0,0.714,20.94,51
2026-05-21T05:05:48.838Z,2026-05-21T05:06:48.838Z,0,0.45,20.94,51
2026-05-21T05:06:48.903Z,2026-05-21T05:07:48.903Z,0,0.422,20.94,51
2026-05-21T05:07:49.068Z,2026-05-21T05:08:49.068Z,0,0.708,20.94,51
2026-05-21T05:08:49.232Z,2026-05-21T05:09:49.232Z,0,0.617,20.94,51
2026-05-21T05:09:49.296Z,2026-05-21T05:10:49.296Z,0,0.764,20.94,51
2026-05-21T05:10:49.460Z,2026-05-21T05:11:49.460Z,0,0.638,20.94,51
2026-05-21T05:11:49.625Z,2026-05-21T05:12:49.625Z,0,0.187,20.94,51
2026-05-21T05:12:49.690Z,2026-05-21T05:13:49.690Z,0,0.216,20.94,51
2026-05-21T05:13:49.854Z,2026-05-21T05:14:49.854Z,2,0.917,20.94,51
2026-05-21T05:14:50.019Z,2026-05-21T05:15:50.019Z,0,0.933,20.94,51
2026-05-21T05:15:50.082Z,2026-05-21T05:16:50.082Z,0,0.917,20.94,51
2026-05-21T05:16:50.247Z,2026-05-21T05:17:50.247Z,0,0.82,20.94,51
2026-05-21T05:17:50.312Z,2026-05-21T05:18:50.312Z,1,1.492,20.94,51
2026-05-21T05:18:50.476Z,2026-05-21T05:19:50.476Z,1,0.575,20.94,51
2026-05-21T05:19:50.641Z,2026-05-21T05:20:50.641Z,1,0.533,20.94,51
2026-05-21T05:20:50.706Z,2026-05-21T05:21:50.706Z,0,0.787,20.94,51
2026-05-21T05:21:50.869Z,2026-05-21T05:22:50.869Z,0,0.548,20.94,51
2026-05-21T05:22:51.033Z,2026-05-21T05:23:51.033Z,0,0.777,20.94,51
2026-05-21T05:23:51.098Z,2026-05-21T05:24:51.098Z,0,0.668,20.94,51
2026-05-21T05:24:51.263Z,2026-05-21T05:25:51.263Z,0,0.944,20.94,51
2026-05-21T05:25:51.427Z,2026-05-21T05:26:51.427Z,0,0.78,20.94,51
2026-05-21T05:26:51.492Z,2026-05-21T05:27:51.492Z,0,1.0,20.94,51
2026-05-21T05:27:51.657Z,2026-05-21T05:28:51.657Z,2,1.033,20.94,51
2026-05-21T05:28:51.821Z,2026-05-21T05:29:51.821Z,3,1.0,20.94,51
2026-05-21T05:29:51.885Z,2026-05-21T05:30:51.885Z,1,0.704,20.94,51
2026-05-21T05:30:52.049Z,2026-05-21T05:31:52.049Z,0,0.933,20.94,51
2026-05-21T05:31:52.114Z,2026-05-21T05:32:52.114Z,0,0.439,20.94,51
2026-05-21T05:32:52.279Z,2026-05-21T05:33:52.279Z,1,0.668,20.94,51
2026-05-21T05:33:52.443Z,2026-05-21T05:34:52.443Z,1,0.353,20.94,51
2026-05-21T05:34:52.507Z,2026-05-21T05:35:52.507Z,0,0.346,20.94,51
2026-05-21T05:35:52.671Z,2026-05-21T05:36:52.671Z,0,0.369,20.94,51
2026-05-21T05:36:52.836Z,2026-05-21T05:37:52.836Z,0,0.693,20.94,51
2026-05-21T05:37:52.901Z,2026-05-21T05:38:52.901Z,0,0.857,20.94,51
2026-05-21T05:38:53.065Z,2026-05-21T05:39:53.065Z,0,0.502,20.94,51
2026-05-21T05:39:53.230Z,2026-05-21T05:40:53.230Z,1,0.2,20.94,51
2026-05-21T05:52:54.868Z,2026-05-21T05:53:54.868Z,1,0.017,20.94,51
2026-05-21T05:53:55.032Z,2026-05-21T05:54:55.032Z,4,0.303,20.94,51
2026-05-21T05:54:55.096Z,2026-05-21T05:55:55.096Z,2,0.691,20.94,51
2026-05-21T05:55:55.260Z,2026-05-21T05:56:55.260Z,4,0.336,20.94,51
2026-05-21T07:51:10.073Z,2026-05-21T07:52:10.073Z,2,0.083,20.94,51
2026-05-21T07:52:10.239Z,2026-05-21T07:53:10.239Z,1,0.113,20.94,51
2026-05-21T07:55:10.631Z,2026-05-21T07:56:10.631Z,8,0.427,20.94,51
2026-05-21T07:56:10.696Z,2026-05-21T07:57:10.696Z,1,0.033,20.94,51
2026-05-21T08:00:11.253Z,2026-05-21T08:01:11.253Z,2,0.252,20.94,51
2026-05-21T08:01:11.418Z,2026-05-21T08:02:11.418Z,1,0.937,20.94,51
2026-05-21T08:02:11.483Z,2026-05-21T08:03:11.483Z,2,0.787,20.94,51
2026-05-21T08:03:11.648Z,2026-05-21T08:04:11.648Z,3,0.503,20.94,51
2026-05-21T08:04:11.711Z,2026-05-21T08:05:11.711Z,4,0.502,20.94,51
2026-05-21T08:05:11.877Z,2026-05-21T08:06:11.877Z,2,0.857,20.94,51
2026-05-21T08:06:12.040Z,2026-05-21T08:07:12.040Z,4,1.093,20.94,51
2026-05-21T08:07:12.105Z,2026-05-21T08:08:12.105Z,3,0.917,20.94,51
2026-05-21T08:08:12.269Z,2026-05-21T08:09:12.269Z,3,1.15,20.94,51
2026-05-21T08:09:12.434Z,2026-05-21T08:10:12.434Z,5,1.097,20.94,51
2026-05-21T08:10:12.499Z,2026-05-21T08:11:12.499Z,0,0.98,20.94,51
2026-05-21T08:11:12.663Z,2026-05-21T08:12:12.663Z,5,0.867,20.94,51
2026-05-21T08:12:12.828Z,2026-05-21T08:13:12.828Z,1,1.15,20.94,51
2026-05-21T08:13:12.891Z,2026-05-21T08:14:12.891Z,0,1.432,20.94,51
2026-05-21T08:14:13.056Z,2026-05-21T08:15:13.056Z,0,1.515,20.94,51
2026-05-21T08:15:13.220Z,2026-05-21T08:16:13.220Z,1,1.5,20.94,51
2026-05-21T08:16:13.286Z,2026-05-21T08:17:13.286Z,2,1.08,20.94,51
2026-05-21T08:17:13.450Z,2026-05-21T08:18:13.450Z,4,0.497,20.94,51
2026-05-21T08:18:13.513Z,2026-05-21T08:19:13.513Z,1,0.654,20.94,51
2026-05-21T08:19:13.678Z,2026-05-21T08:20:13.678Z,2,1.346,20.94,51
2026-05-21T08:20:13.842Z,2026-05-21T08:21:13.842Z,2,0.623,20.94,51
2026-05-21T08:21:13.907Z,2026-05-21T08:22:13.907Z,3,0.887,20.94,51
2026-05-21T08:22:14.072Z,2026-05-21T08:23:14.072Z,2,1.03,20.94,51
2026-05-21T08:23:14.236Z,2026-05-21T08:24:14.236Z,0,1.35,20.94,51
2026-05-21T08:24:14.301Z,2026-05-21T08:25:14.301Z,1,1.784,20.94,51
2026-05-21T08:25:14.466Z,2026-05-21T08:26:14.466Z,0,1.482,20.94,51
2026-05-21T08:26:14.630Z,2026-05-21T08:27:14.630Z,0,1.553,20.94,51
2026-05-21T08:27:14.694Z,2026-05-21T08:28:14.694Z,2,1.076,20.94,51
2026-05-21T08:28:14.858Z,2026-05-21T08:29:14.858Z,0,0.94,20.94,51
2026-05-21T08:29:15.023Z,2026-05-21T08:30:15.023Z,0,1.097,20.94,51
2026-05-21T08:30:15.088Z,2026-05-21T08:31:15.088Z,0,1.598,20.94,51
2026-05-21T08:31:15.253Z,2026-05-21T08:32:15.253Z,0,0.913,20.94,51
2026-05-21T08:32:15.316Z,2026-05-21T08:33:15.316Z,0,1.159,20.94,51
2026-05-21T08:33:15.480Z,2026-05-21T08:34:15.480Z,0,0.492,20.94,51
2026-05-21T08:34:15.645Z,2026-05-21T08:35:15.645Z,0,0.387,20.94,51
2026-05-21T08:35:15.710Z,2026-05-21T08:36:15.710Z,1,0.847,20.94,51
2026-05-21T08:36:15.875Z,2026-05-21T08:37:15.875Z,0,0.399,20.94,51
2026-05-21T08:37:16.039Z,2026-05-21T08:38:16.039Z,0,0.23,20.94,51
2026-05-21T08:38:16.104Z,2026-05-21T08:39:16.104Z,1,0.316,20.94,51
2026-05-21T08:39:16.267Z,2026-05-21T08:40:16.267Z,2,1.262,20.94,51
2026-05-21T08:40:16.433Z,2026-05-21T08:41:16.433Z,2,1.012,20.94,51
2026-05-21T08:41:16.496Z,2026-05-21T08:42:16.496Z,0,0.96,20.94,51
2026-05-21T08:42:16.661Z,2026-05-21T08:43:16.661Z,1,0.977,20.94,51
2026-05-21T08:43:16.825Z,2026-05-21T08:44:16.825Z,0,1.0,20.94,51
2026-05-21T08:44:16.891Z,2026-05-21T08:45:16.891Z,0,0.95,20.94,51
2026-05-21T08:45:17.055Z,2026-05-21T08:46:17.055Z,5,0.698,20.94,51
2026-05-21T08:46:17.219Z,2026-05-21T08:47:17.219Z,6,0.67,20.94,51
2026-05-21T08:47:17.283Z,2026-05-21T08:48:17.283Z,4,0.86,20.94,51
2026-05-21T08:48:17.447Z,2026-05-21T08:49:17.447Z,1,1.067,20.94,51
2026-05-21T08:49:17.513Z,2026-05-21T08:50:17.513Z,0,1.0,20.94,51
2026-05-21T08:50:17.677Z,2026-05-21T08:51:17.677Z,0,1.0,20.94,51
2026-05-21T08:51:17.842Z,2026-05-21T08:52:17.842Z,0,0.997,20.94,51
2026-05-21T08:52:17.905Z,2026-05-21T08:53:17.905Z,0,1.0,20.94,51
2026-05-21T08:53:18.071Z,2026-05-21T08:54:18.071Z,0,1.0,20.94,51
2026-05-21T08:54:18.234Z,2026-05-21T08:55:18.234Z,5,0.893,20.94,51
2026-05-21T08:55:18.299Z,2026-05-21T08:56:18.299Z,5,1.458,20.94,51
2026-05-21T08:56:18.463Z,2026-05-21T08:57:18.463Z,1,1.847,20.94,51
2026-05-21T08:57:18.628Z,2026-05-21T08:58:18.628Z,5,0.86,20.94,51
2026-05-21T08:58:18.693Z,2026-05-21T08:59:18.693Z,0,0.993,20.94,51
2026-05-21T08:59:18.858Z,2026-05-21T09:00:18.858Z,0,1.0,20.94,51
2026-05-21T09:00:19.022Z,2026-05-21T09:01:19.022Z,0,1.0,20.94,51
2026-05-21T09:01:19.085Z,2026-05-21T09:02:19.085Z,0,1.0,20.94,51
2026-05-21T09:02:19.250Z,2026-05-21T09:03:19.250Z,0,1.0,20.94,51
2026-05-21T09:03:19.315Z,2026-05-21T09:04:19.315Z,0,1.0,20.94,51
2026-05-21T09:04:19.480Z,2026-05-21T09:05:19.480Z,0,1.0,20.94,51
2026-05-21T09:05:19.644Z,2026-05-21T09:06:19.644Z,0,0.993,20.94,51
2026-05-21T09:06:19.709Z,2026-05-21T09:07:19.709Z,0,1.0,20.94,51
2026-05-21T09:07:19.872Z,2026-05-21T09:08:19.872Z,0,1.0,20.94,51
2026-05-21T09:08:20.038Z,2026-05-21T09:09:20.038Z,0,1.0,20.94,51
2026-05-21T09:09:20.101Z,2026-05-21T09:10:20.101Z,0,1.0,20.94,51
2026-05-21T09:10:20.266Z,2026-05-21T09:11:20.266Z,0,0.92,20.94,51
2026-05-21T09:11:20.430Z,2026-05-21T09:12:20.430Z,0,1.0,20.94,51
2026-05-21T09:12:20.496Z,2026-05-21T09:13:20.496Z,0,0.983,20.94,51
2026-05-21T09:13:20.660Z,2026-05-21T09:14:20.660Z,0,0.997,20.94,51
2026-05-21T09:14:20.823Z,2026-05-21T09:15:20.823Z,0,1.0,20.94,51
2026-05-21T09:15:20.888Z,2026-05-21T09:16:20.888Z,0,0.937,20.94,51
2026-05-21T09:16:21.052Z,2026-05-21T09:17:21.052Z,0,0.9,20.94,51
2026-05-21T09:17:21.217Z,2026-05-21T09:18:21.217Z,0,0.233,20.94,51
2026-05-21T09:18:21.282Z,2026-05-21T09:19:21.282Z,1,0.299,20.94,51
2026-05-21T09:19:21.447Z,2026-05-21T09:20:21.447Z,0,0.973,20.94,51
2026-05-21T09:20:21.510Z,2026-05-21T09:21:21.510Z,0,0.076,20.94,51
2026-05-21T09:21:21.676Z,2026-05-21T09:22:21.676Z,0,0.482,20.94,51
2026-05-21T09:22:21.839Z,2026-05-21T09:23:21.839Z,1,0.997,20.94,51
2026-05-21T09:23:21.904Z,2026-05-21T09:24:21.904Z,0,0.688,20.94,51
2026-05-21T09:24:22.069Z,2026-05-21T09:25:22.069Z,0,0.395,20.94,51
2026-05-21T09:26:22.298Z,2026-05-21T09:27:22.298Z,0,0.093,20.94,51
2026-05-21T09:27:22.463Z,2026-05-21T09:28:22.463Z,0,0.595,20.94,51
2026-05-21T09:28:22.627Z,2026-05-21T09:29:22.627Z,0,0.623,20.94,51
2026-05-21T09:29:22.690Z,2026-05-21T09:30:22.690Z,0,0.203,20.94,51
2026-05-21T09:30:22.855Z,2026-05-21T09:31:22.855Z,0,0.116,20.94,51
2026-05-21T09:31:23.019Z,2026-05-21T09:32:23.019Z,0,0.117,20.94,51
2026-05-21T09:32:23.085Z,2026-05-21T09:33:23.085Z,1,0.688,20.94,51
2026-05-21T09:33:23.249Z,2026-05-21T09:34:23.249Z,1,0.18,20.94,51
2026-05-21T09:36:23.642Z,2026-05-21T09:37:23.642Z,2,0.157,20.94,51
2026-05-21T09:37:23.707Z,2026-05-21T09:38:23.707Z,0,0.223,20.94,51
2026-05-21T09:38:23.871Z,2026-05-21T09:39:23.871Z,0,0.1,20.94,51
2026-05-21T09:39:24.036Z,2026-05-21T09:40:24.036Z,0,0.127,20.94,51
2026-05-21T09:40:24.101Z,2026-05-21T09:41:24.101Z,0,0.262,20.94,51
2026-05-21T09:41:24.265Z,2026-05-21T09:42:24.265Z,0,0.748,20.94,51
2026-05-21T09:42:24.430Z,2026-05-21T09:43:24.430Z,0,0.923,20.94,51
2026-05-21T09:43:24.493Z,2026-05-21T09:44:24.493Z,0,0.924,20.94,51
2026-05-21T09:44:24.658Z,2026-05-21T09:45:24.658Z,0,0.831,20.94,51
2026-05-21T09:45:24.822Z,2026-05-21T09:46:24.822Z,0,0.267,20.94,51
2026-05-21T09:46:24.887Z,2026-05-21T09:47:24.887Z,0,0.116,20.94,51
2026-05-21T09:47:25.052Z,2026-05-21T09:48:25.052Z,0,0.457,20.94,51
2026-05-21T09:48:25.115Z,2026-05-21T09:49:25.115Z,0,0.11,20.94,51
2026-05-21T09:49:25.280Z,2026-05-21T09:50:25.280Z,0,0.276,20.94,51
2026-05-21T09:50:25.444Z,2026-05-21T09:51:25.444Z,0,0.203,20.94,51
2026-05-21T09:51:25.509Z,2026-05-21T09:52:25.509Z,0,0.216,20.94,51
2026-05-21T09:52:25.674Z,2026-05-21T09:53:25.674Z,0,0.05,20.94,51
2026-05-21T09:53:25.838Z,2026-05-21T09:54:25.838Z,0,0.09,20.94,51
2026-05-21T09:54:25.903Z,2026-05-21T09:55:25.903Z,0,0.462,20.94,51
2026-05-21T09:55:26.066Z,2026-05-21T09:56:26.066Z,0,0.239,20.94,51
2026-05-21T09:57:26.296Z,2026-05-21T09:58:26.296Z,0,0.06,20.94,51
2026-05-21T09:58:26.460Z,2026-05-21T09:59:26.460Z,0,0.276,20.94,51
2026-05-21T09:59:26.625Z,2026-05-21T10:00:26.625Z,0,0.087,20.94,51
2026-05-21T10:00:26.690Z,2026-05-21T10:01:26.690Z,0,0.02,20.94,51
2026-05-21T10:01:26.854Z,2026-05-21T10:02:26.854Z,1,0.382,20.94,51
2026-05-21T10:02:27.019Z,2026-05-21T10:03:27.019Z,0,0.297,20.94,51
2026-05-21T10:03:27.082Z,2026-05-21T10:04:27.082Z,0,0.289,20.94,51
2026-05-21T10:04:27.247Z,2026-05-21T10:05:27.247Z,1,0.497,20.94,51
2026-05-21T10:05:27.312Z,2026-05-21T10:06:27.312Z,0,0.419,20.94,51
2026-05-21T10:06:27.476Z,2026-05-21T10:07:27.476Z,0,0.575,20.94,51
2026-05-21T10:07:27.641Z,2026-05-21T10:08:27.641Z,0,0.9,20.94,51
2026-05-21T10:08:27.706Z,2026-05-21T10:09:27.706Z,0,0.874,20.94,51
2026-05-21T10:09:27.869Z,2026-05-21T10:10:27.869Z,0,0.834,20.94,51
2026-05-21T10:10:28.035Z,2026-05-21T10:11:28.035Z,0,0.88,20.94,51
2026-05-21T10:11:28.098Z,2026-05-21T10:12:28.098Z,0,0.718,20.94,51
2026-05-21T10:12:28.263Z,2026-05-21T10:13:28.263Z,0,0.874,20.94,51
2026-05-21T10:13:28.427Z,2026-05-21T10:14:28.427Z,1,0.73,20.94,51
2026-05-21T10:14:28.492Z,2026-05-21T10:15:28.492Z,5,0.399,20.94,51
2026-05-21T10:15:28.657Z,2026-05-21T10:16:28.657Z,0,0.595,20.94,51
2026-05-21T10:16:28.821Z,2026-05-21T10:17:28.821Z,0,0.86,20.94,51
2026-05-21T10:17:28.885Z,2026-05-21T10:18:28.885Z,0,0.88,20.94,51
2026-05-21T10:18:29.049Z,2026-05-21T10:19:29.049Z,0,0.64,20.94,51
2026-05-21T10:19:29.115Z,2026-05-21T10:20:29.115Z,0,0.555,20.94,51
2026-05-21T10:20:29.279Z,2026-05-21T10:21:29.279Z,0,1.002,20.94,51
2026-05-21T10:21:29.444Z,2026-05-21T10:22:29.444Z,0,0.903,20.94,51
2026-05-21T10:22:29.507Z,2026-05-21T10:23:29.507Z,0,0.133,20.94,51
2026-05-21T10:23:29.673Z,2026-05-21T10:24:29.673Z,0,0.076,20.94,51
2026-05-21T10:24:29.836Z,2026-05-21T10:25:29.836Z,0,0.01,20.94,51
2026-05-21T10:25:29.901Z,2026-05-21T10:26:29.901Z,0,0.066,20.94,51
2026-05-21T10:26:30.065Z,2026-05-21T10:27:30.065Z,0,0.086,20.94,51
2026-05-21T10:27:30.230Z,2026-05-21T10:28:30.230Z,0,0.013,20.94,51
2026-05-21T10:28:30.295Z,2026-05-21T10:29:30.295Z,0,0.123,20.94,51
2026-05-21T10:29:30.459Z,2026-05-21T10:30:30.459Z,0,0.359,20.94,51
2026-05-21T10:30:30.624Z,2026-05-21T10:31:30.624Z,0,0.643,20.94,51
2026-05-21T10:31:30.687Z,2026-05-21T10:32:30.687Z,0,0.389,20.94,51
2026-05-21T10:32:30.852Z,2026-05-21T10:33:30.852Z,2,0.189,20.94,51
2026-05-21T10:35:31.446Z,2026-05-21T10:36:31.446Z,1,0.013,20.94,51
2026-05-21T10:36:31.509Z,2026-05-21T10:37:31.509Z,0,0.013,20.94,51
2026-05-21T10:37:31.674Z,2026-05-21T10:38:31.674Z,1,0.249,20.94,51
2026-05-21T10:38:31.838Z,2026-05-21T10:39:31.838Z,0,0.473,20.94,51
2026-05-21T10:39:31.904Z,2026-05-21T10:40:31.904Z,3,0.738,20.94,51
2026-05-21T10:40:32.068Z,2026-05-21T10:41:32.068Z,0,0.439,20.94,51
2026-05-21T10:41:32.233Z,2026-05-21T10:42:32.233Z,1,0.843,20.94,51
2026-05-21T10:42:32.296Z,2026-05-21T10:43:32.296Z,0,0.392,20.94,51
2026-05-21T10:43:32.461Z,2026-05-21T10:44:32.461Z,0,0.522,20.94,51
2026-05-21T10:44:32.625Z,2026-05-21T10:45:32.625Z,0,0.633,20.94,51
2026-05-21T10:45:32.690Z,2026-05-21T10:46:32.690Z,0,0.565,20.94,51
2026-05-21T10:46:32.855Z,2026-05-21T10:47:32.855Z,0,0.093,20.94,51
2026-05-21T10:47:33.019Z,2026-05-21T10:48:33.019Z,0,0.073,20.94,51
2026-05-21T10:48:33.084Z,2026-05-21T10:49:33.084Z,0,0.545,20.94,51
2026-05-21T10:49:33.247Z,2026-05-21T10:50:33.247Z,0,0.64,20.94,51
2026-05-21T10:50:33.312Z,2026-05-21T10:51:33.312Z,0,0.083,20.94,51
2026-05-21T10:51:33.476Z,2026-05-21T10:52:33.476Z,0,0.651,20.94,51
2026-05-21T10:52:33.641Z,2026-05-21T10:53:33.641Z,0,0.303,20.94,51
2026-05-21T10:53:33.706Z,2026-05-21T10:54:33.706Z,0,0.199,20.94,51
2026-05-21T10:54:33.871Z,2026-05-21T10:55:33.871Z,0,0.678,20.94,51
2026-05-21T10:55:34.035Z,2026-05-21T10:56:34.035Z,0,0.7,20.94,51
2026-05-21T10:56:34.099Z,2026-05-21T10:57:34.099Z,0,0.429,20.94,51
2026-05-21T10:57:34.263Z,2026-05-21T10:58:34.263Z,0,0.203,20.94,51
2026-05-21T10:58:34.428Z,2026-05-21T10:59:34.428Z,0,0.023,20.94,51
2026-05-21T10:59:34.493Z,2026-05-21T11:00:34.493Z,0,0.027,20.94,51
2026-05-21T11:00:34.657Z,2026-05-21T11:01:34.657Z,0,0.003,20.94,51
2026-05-21T11:01:34.822Z,2026-05-21T11:02:34.822Z,0,0.16,20.94,51
2026-05-21T11:02:34.885Z,2026-05-21T11:03:34.885Z,0,0.027,20.94,51
2026-05-21T11:03:35.051Z,2026-05-21T11:04:35.051Z,0,0.013,20.94,51
2026-05-21T11:04:35.115Z,2026-05-21T11:05:35.115Z,0,0.468,20.94,51
2026-05-21T11:05:35.279Z,2026-05-21T11:06:35.279Z,0,0.103,20.94,51
2026-05-21T11:06:35.444Z,2026-05-21T11:07:35.444Z,0,0.51,20.94,51
2026-05-21T11:07:35.509Z,2026-05-21T11:08:35.509Z,0,0.621,20.94,51
2026-05-21T11:08:35.673Z,2026-05-21T11:09:35.673Z,0,0.512,20.94,51
2026-05-21T11:09:35.838Z,2026-05-21T11:10:35.838Z,0,0.237,20.94,51
2026-05-21T11:10:35.901Z,2026-05-21T11:11:35.901Z,0,0.365,20.94,51
2026-05-21T11:11:36.066Z,2026-05-21T11:12:36.066Z,0,0.266,20.94,51
2026-05-21T11:12:36.230Z,2026-05-21T11:13:36.230Z,0,0.763,20.94,51
2026-05-21T11:13:36.296Z,2026-05-21T11:14:36.296Z,0,0.545,20.94,51
2026-05-21T11:14:36.460Z,2026-05-21T11:15:36.460Z,0,0.711,20.94,51
2026-05-21T11:15:36.624Z,2026-05-21T11:16:36.624Z,0,0.637,20.94,51
2026-05-21T11:16:36.688Z,2026-05-21T11:17:36.688Z,0,0.744,20.94,51
2026-05-21T11:17:36.852Z,2026-05-21T11:18:36.852Z,0,0.651,20.94,51
2026-05-21T11:18:37.017Z,2026-05-21T11:19:37.017Z,0,0.933,20.94,51
2026-05-21T11:19:37.082Z,2026-05-21T11:20:37.082Z,0,0.847,20.94,51
2026-05-21T11:20:37.246Z,2026-05-21T11:21:37.246Z,0,0.447,20.94,51
2026-05-21T11:21:37.311Z,2026-05-21T11:22:37.311Z,0,0.661,20.94,51
2026-05-21T11:22:37.476Z,2026-05-21T11:23:37.476Z,0,0.615,20.94,51
2026-05-21T11:23:37.640Z,2026-05-21T11:24:37.640Z,0,0.263,20.94,51
2026-05-21T11:24:37.704Z,2026-05-21T11:25:37.704Z,0,0.302,20.94,51
2026-05-21T11:25:37.868Z,2026-05-21T11:26:37.868Z,0,0.628,20.94,51
2026-05-21T11:26:38.033Z,2026-05-21T11:27:38.033Z,0,0.063,20.94,51
2026-05-21T11:27:38.098Z,2026-05-21T11:28:38.098Z,1,0.442,20.94,51
2026-05-21T11:28:38.262Z,2026-05-21T11:29:38.262Z,0,0.844,20.94,51
2026-05-21T11:29:38.427Z,2026-05-21T11:30:38.427Z,0,0.797,20.94,51
2026-05-21T11:30:38.490Z,2026-05-21T11:31:38.490Z,0,0.953,20.94,51
2026-05-21T11:31:38.655Z,2026-05-21T11:32:38.655Z,0,0.997,20.94,51
2026-05-21T11:32:38.819Z,2026-05-21T11:33:38.819Z,0,0.907,20.94,51
2026-05-21T11:33:38.884Z,2026-05-21T11:34:38.884Z,0,0.791,20.94,51
2026-05-21T11:34:39.049Z,2026-05-21T11:35:39.049Z,0,0.927,20.94,51
2026-05-21T11:35:39.114Z,2026-05-21T11:36:39.114Z,1,0.99,20.94,51
2026-05-21T11:36:39.278Z,2026-05-21T11:37:39.278Z,0,0.834,20.94,51
2026-05-21T11:37:39.443Z,2026-05-21T11:38:39.443Z,0,0.613,20.94,51
2026-05-21T11:38:39.506Z,2026-05-21T11:39:39.506Z,0,0.1,20.94,51
2026-05-21T11:39:39.671Z,2026-05-21T11:40:39.671Z,1,0.92,20.94,51
2026-05-21T11:40:39.835Z,2026-05-21T11:41:39.835Z,0,0.99,20.94,51
2026-05-21T11:41:39.901Z,2026-05-21T11:42:39.901Z,0,0.588,20.94,51
2026-05-21T11:42:40.065Z,2026-05-21T11:43:40.065Z,0,0.821,20.94,51
2026-05-21T11:43:40.229Z,2026-05-21T11:44:40.229Z,0,0.743,20.94,51
2026-05-21T11:44:40.293Z,2026-05-21T11:45:40.293Z,0,0.638,20.94,51
2026-05-21T11:45:40.457Z,2026-05-21T11:46:40.457Z,0,0.757,20.94,51
2026-05-21T11:46:40.622Z,2026-05-21T11:47:40.622Z,0,0.85,20.94,51
2026-05-21T11:47:40.687Z,2026-05-21T11:48:40.687Z,0,0.668,20.94,51
2026-05-21T11:48:40.851Z,2026-05-21T11:49:40.851Z,0,0.27,20.94,51
2026-05-21T11:49:40.915Z,2026-05-21T11:50:40.915Z,0,0.618,20.94,51
2026-05-21T11:50:41.081Z,2026-05-21T11:51:41.081Z,0,0.924,20.94,51
2026-05-21T11:51:41.244Z,2026-05-21T11:52:41.244Z,0,0.733,20.94,51
2026-05-21T11:52:41.309Z,2026-05-21T11:53:41.309Z,1,0.691,20.94,51
2026-05-21T11:53:41.473Z,2026-05-21T11:54:41.473Z,0,0.678,20.94,51
2026-05-21T11:54:41.638Z,2026-05-21T11:55:41.638Z,0,0.8,20.94,51
2026-05-21T11:55:41.703Z,2026-05-21T11:56:41.703Z,0,0.92,20.94,51
2026-05-21T11:56:41.868Z,2026-05-21T11:57:41.868Z,0,1.0,20.94,51
2026-05-21T11:57:42.032Z,2026-05-21T11:58:42.032Z,0,0.967,20.94,51
2026-05-21T11:58:42.096Z,2026-05-21T11:59:42.096Z,0,1.0,20.94,51
2026-05-21T11:59:42.260Z,2026-05-21T12:00:42.260Z,0,0.97,20.94,51
2026-05-21T12:00:42.424Z,2026-05-21T12:01:42.424Z,0,0.687,20.94,51
2026-05-21T12:01:42.490Z,2026-05-21T12:02:42.490Z,0,0.937,20.94,51
2026-05-21T12:02:42.654Z,2026-05-21T12:03:42.654Z,0,0.987,20.94,51
2026-05-21T12:03:42.819Z,2026-05-21T12:04:42.819Z,1,0.993,20.94,51
2026-05-21T12:04:42.882Z,2026-05-21T12:05:42.882Z,0,0.917,20.94,51
2026-05-21T12:05:43.048Z,2026-05-21T12:06:43.048Z,0,0.647,20.94,51
2026-05-21T12:06:43.111Z,2026-05-21T12:07:43.111Z,0,1.0,20.94,51
2026-05-21T12:07:43.276Z,2026-05-21T12:08:43.276Z,0,1.0,20.94,51
2026-05-21T12:08:43.440Z,2026-05-21T12:09:43.440Z,0,1.0,20.94,51
2026-05-21T12:09:43.506Z,2026-05-21T12:10:43.506Z,0,1.0,20.94,51
2026-05-21T12:10:43.670Z,2026-05-21T12:11:43.670Z,0,1.0,20.94,51
2026-05-21T12:11:43.834Z,2026-05-21T12:12:43.834Z,0,0.847,20.94,51
2026-05-21T12:12:43.898Z,2026-05-21T12:13:43.898Z,0,0.545,20.94,51
2026-05-21T12:13:44.062Z,2026-05-21T12:14:44.062Z,0,1.0,20.94,51
2026-05-21T12:14:44.227Z,2026-05-21T12:15:44.227Z,0,0.853,20.94,51
2026-05-21T12:15:44.292Z,2026-05-21T12:16:44.292Z,0,0.169,20.94,51
2026-05-21T12:16:44.457Z,2026-05-21T12:17:44.457Z,0,0.399,20.94,51
2026-05-21T12:17:44.621Z,2026-05-21T12:18:44.621Z,1,0.503,20.94,51
2026-05-21T12:18:44.686Z,2026-05-21T12:19:44.686Z,0,0.837,20.94,51
2026-05-21T12:19:44.849Z,2026-05-21T12:20:44.849Z,0,0.9,20.94,51
2026-05-21T12:20:44.914Z,2026-05-21T12:21:44.914Z,1,0.93,20.94,51
2026-05-21T12:21:45.078Z,2026-05-21T12:22:45.078Z,1,0.93,20.94,51
2026-05-21T12:22:45.243Z,2026-05-21T12:23:45.243Z,0,0.923,20.94,51
2026-05-21T12:23:45.308Z,2026-05-21T12:24:45.308Z,0,0.983,20.94,51
2026-05-21T12:24:45.471Z,2026-05-21T12:25:45.471Z,0,0.977,20.94,51
2026-05-21T12:25:45.637Z,2026-05-21T12:26:45.637Z,0,0.987,20.94,51
2026-05-21T12:26:45.700Z,2026-05-21T12:27:45.700Z,0,1.0,20.94,51
2026-05-21T12:27:45.865Z,2026-05-21T12:28:45.865Z,0,0.651,20.94,51
2026-05-21T12:28:46.029Z,2026-05-21T12:29:46.029Z,0,0.74,20.94,51
2026-05-21T12:29:46.095Z,2026-05-21T12:30:46.095Z,1,0.92,20.94,51
2026-05-21T12:30:46.259Z,2026-05-21T12:31:46.259Z,0,0.944,20.94,51
2026-05-21T12:31:46.424Z,2026-05-21T12:32:46.424Z,0,0.913,20.94,51
2026-05-21T12:32:46.487Z,2026-05-21T12:33:46.487Z,1,0.561,20.94,51
2026-05-21T12:33:46.653Z,2026-05-21T12:34:46.653Z,0,0.233,20.94,51
2026-05-21T12:34:46.917Z,2026-05-21T12:35:46.917Z,1,0.02,20.94,51
2026-05-21T12:35:47.081Z,2026-05-21T12:36:47.081Z,1,0.04,20.94,51
2026-05-21T12:36:47.246Z,2026-05-21T12:37:47.246Z,3,0.463,20.94,51
2026-05-21T12:37:47.309Z,2026-05-21T12:38:47.309Z,4,0.106,20.94,51
2026-05-21T12:38:47.474Z,2026-05-21T12:39:47.474Z,2,0.04,20.94,51
2026-05-21T12:39:47.638Z,2026-05-21T12:40:47.638Z,0,0.013,20.94,51
2026-05-21T12:40:47.703Z,2026-05-21T12:41:47.703Z,3,0.309,20.94,51
2026-05-21T12:41:47.868Z,2026-05-21T12:42:47.868Z,1,0.06,20.94,51
2026-05-21T12:42:48.032Z,2026-05-21T12:43:48.032Z,3,0.163,20.94,51
2026-05-21T12:43:48.096Z,2026-05-21T12:44:48.096Z,4,0.585,20.94,51
2026-05-21T12:44:48.260Z,2026-05-21T12:45:48.260Z,0,0.126,20.94,51
2026-05-21T12:45:48.426Z,2026-05-21T12:46:48.426Z,5,0.11,20.94,51
2026-05-21T13:12:51.865Z,2026-05-21T13:13:51.865Z,1,0.213,20.94,51
2026-05-21T13:13:52.030Z,2026-05-21T13:14:52.030Z,0,0.183,20.94,51
2026-05-21T13:14:52.095Z,2026-05-21T13:15:52.095Z,1,0.047,20.94,51
2026-05-21T13:15:52.259Z,2026-05-21T13:16:52.259Z,0,0.033,20.94,51
2026-05-21T13:16:52.424Z,2026-05-21T13:17:52.424Z,1,0.117,20.94,51
2026-05-21T19:15:38.502Z,2026-05-21T19:16:38.502Z,3,0.505,20.94,51
2026-05-21T19:16:38.665Z,2026-05-21T19:17:38.665Z,0,0.027,20.94,51
2026-05-21T19:17:38.829Z,2026-05-21T19:18:38.829Z,3,0.207,20.94,51
2026-05-21T19:18:38.894Z,2026-05-21T19:19:38.894Z,0,0.143,20.94,51
2026-05-21T19:19:39.059Z,2026-05-21T19:20:39.059Z,2,0.047,20.94,51
2026-05-22T01:01:23.039Z,2026-05-22T01:02:23.039Z,1,0.047,20.94,51
2026-05-22T02:06:31.628Z,2026-05-22T02:07:31.628Z,0,0.003,20.94,51
2026-05-22T02:12:32.313Z,2026-05-22T02:13:32.313Z,0,0.007,20.94,51
2026-05-22T02:16:32.871Z,2026-05-22T02:17:32.871Z,1,0.027,20.94,51
2026-05-22T02:18:33.101Z,2026-05-22T02:19:33.101Z,1,0.02,20.94,51
2026-05-22T02:27:34.280Z,2026-05-22T02:28:34.280Z,4,0.306,20.94,51
2026-05-22T02:28:34.444Z,2026-05-22T02:29:34.444Z,2,0.197,20.94,51
2026-05-22T02:29:34.509Z,2026-05-22T02:30:34.509Z,0,0.169,20.94,51
2026-05-22T02:30:34.674Z,2026-05-22T02:31:34.674Z,0,0.206,20.94,51
2026-05-22T02:31:34.838Z,2026-05-22T02:32:34.838Z,0,0.087,20.94,51
2026-05-22T02:32:34.903Z,2026-05-22T02:33:34.903Z,0,0.007,20.94,51
2026-05-22T02:34:35.232Z,2026-05-22T02:35:35.232Z,0,0.017,20.94,51
2026-05-22T02:37:35.625Z,2026-05-22T02:38:35.625Z,0,0.003,20.94,51
2026-05-22T02:38:35.688Z,2026-05-22T02:39:35.688Z,0,0.017,20.94,51
2026-05-22T02:39:35.854Z,2026-05-22T02:40:35.854Z,0,0.05,20.94,51
2026-05-22T02:41:36.082Z,2026-05-22T02:42:36.082Z,0,0.007,20.94,51
2026-05-22T02:46:36.704Z,2026-05-22T02:47:36.704Z,0,0.033,20.94,51
2026-05-22T02:55:37.884Z,2026-05-22T02:56:37.884Z,0,0.01,20.94,51
2026-05-22T02:57:38.112Z,2026-05-22T02:58:38.112Z,0,0.013,20.94,51
2026-05-22T03:07:39.457Z,2026-05-22T03:08:39.457Z,0,0.017,20.94,51
2026-05-22T03:08:39.621Z,2026-05-22T03:09:39.621Z,0,0.02,20.94,51
2026-05-22T03:09:39.687Z,2026-05-22T03:10:39.687Z,0,0.033,20.94,51
2026-05-22T03:11:39.915Z,2026-05-22T03:12:39.915Z,0,0.003,20.94,51
2026-05-22T03:13:40.243Z,2026-05-22T03:14:40.243Z,0,0.003,20.94,51
2026-05-22T03:14:40.309Z,2026-05-22T03:15:40.309Z,0,0.007,20.94,51
2026-05-22T03:21:41.259Z,2026-05-22T03:22:41.259Z,1,0.063,20.94,51
2026-05-22T03:22:41.424Z,2026-05-22T03:23:41.424Z,0,0.027,20.94,51
2026-05-22T03:23:41.489Z,2026-05-22T03:24:41.489Z,0,0.023,20.94,51
2026-05-22T03:24:41.653Z,2026-05-22T03:25:41.653Z,0,0.003,20.94,51
2026-05-22T03:27:42.046Z,2026-05-22T03:28:42.046Z,0,0.003,20.94,51
2026-05-22T03:29:42.275Z,2026-05-22T03:30:42.275Z,1,0.096,20.94,51
2026-05-22T03:30:42.440Z,2026-05-22T03:31:42.440Z,1,0.017,20.94,51
2026-05-22T03:33:42.832Z,2026-05-22T03:34:42.832Z,1,0.023,20.94,51
2026-05-22T03:45:44.306Z,2026-05-22T03:46:44.306Z,2,0.06,20.94,51
2026-05-22T03:46:44.470Z,2026-05-22T03:47:44.470Z,1,0.03,20.94,51
2026-05-22T03:49:44.864Z,2026-05-22T03:50:44.864Z,0,0.017,20.94,51
2026-05-22T03:50:45.029Z,2026-05-22T03:51:45.029Z,0,0.063,20.94,51
2026-05-22T03:51:45.092Z,2026-05-22T03:52:45.092Z,0,0.056,20.94,51
2026-05-22T03:56:45.714Z,2026-05-22T03:57:45.714Z,0,0.116,20.94,51
2026-05-22T03:57:45.880Z,2026-05-22T03:58:45.880Z,0,0.073,20.94,51
2026-05-22T03:58:46.043Z,2026-05-22T03:59:46.043Z,0,0.003,20.94,51
2026-05-22T04:00:46.273Z,2026-05-22T04:01:46.273Z,0,0.003,20.94,51
2026-05-22T04:01:46.437Z,2026-05-22T04:02:46.437Z,0,0.003,20.94,51
2026-05-22T04:02:46.502Z,2026-05-22T04:03:46.502Z,0,0.007,20.94,51
2026-05-22T04:03:46.667Z,2026-05-22T04:04:46.667Z,1,0.007,20.94,51
2026-05-22T04:26:49.648Z,2026-05-22T04:27:49.648Z,0,0.003,20.94,51
2026-05-22T04:31:50.270Z,2026-05-22T04:32:50.270Z,0,0.003,20.94,51
2026-05-22T04:32:50.434Z,2026-05-22T04:33:50.434Z,0,0.013,20.94,51
2026-05-22T04:45:52.072Z,2026-05-22T04:46:52.072Z,3,0.575,20.94,51
2026-05-22T04:46:52.236Z,2026-05-22T04:47:52.236Z,1,0.033,20.94,51
2026-05-22T04:47:52.302Z,2026-05-22T04:48:52.302Z,2,1.056,20.94,51
2026-05-22T04:48:52.467Z,2026-05-22T04:49:52.467Z,0,1.389,20.94,51
2026-05-22T04:49:52.631Z,2026-05-22T04:50:52.631Z,1,1.012,20.94,51
2026-05-22T04:50:52.694Z,2026-05-22T04:51:52.694Z,0,1.395,20.94,51
2026-05-22T04:51:52.859Z,2026-05-22T04:52:52.859Z,0,1.016,20.94,51
2026-05-22T04:52:53.023Z,2026-05-22T04:53:53.023Z,2,0.77,20.94,51
2026-05-22T04:53:53.088Z,2026-05-22T04:54:53.088Z,1,0.126,20.94,51
2026-05-22T04:58:53.710Z,2026-05-22T04:59:53.710Z,0,0.003,20.94,51
2026-05-22T05:00:54.039Z,2026-05-22T05:01:54.039Z,0,0.013,20.94,51
2026-05-22T05:01:54.104Z,2026-05-22T05:02:54.104Z,0,0.007,20.94,51
2026-05-22T05:05:54.661Z,2026-05-22T05:06:54.661Z,0,0.027,20.94,51
2026-05-22T05:07:54.891Z,2026-05-22T05:08:54.891Z,0,0.003,20.94,51
2026-05-22T05:12:55.513Z,2026-05-22T05:13:55.513Z,1,0.056,20.94,51
2026-05-22T05:28:57.644Z,2026-05-22T05:29:57.644Z,0,0.003,20.94,51
2026-05-22T05:29:57.709Z,2026-05-22T05:30:57.709Z,2,0.033,20.94,51
2026-05-22T05:30:57.872Z,2026-05-22T05:31:57.872Z,1,0.023,20.94,51
2026-05-22T05:31:58.036Z,2026-05-22T05:32:58.036Z,0,0.003,20.94,51
2026-05-22T05:32:58.101Z,2026-05-22T05:33:58.101Z,1,0.12,20.94,51
2026-05-22T05:33:58.266Z,2026-05-22T05:34:58.266Z,0,0.003,20.94,51
2026-05-22T05:36:58.660Z,2026-05-22T05:37:58.660Z,0,0.003,20.94,51
2026-05-22T05:37:58.823Z,2026-05-22T05:38:58.823Z,0,0.003,20.94,51
2026-05-22T05:39:59.052Z,2026-05-22T05:40:59.052Z,0,0.05,20.94,51
2026-05-22T05:40:59.217Z,2026-05-22T05:41:59.217Z,0,0.007,20.94,51
2026-05-22T05:43:59.510Z,2026-05-22T05:44:59.510Z,0,0.013,20.94,51
2026-05-22T05:44:59.674Z,2026-05-22T05:45:59.674Z,0,0.063,20.94,51
2026-05-22T05:45:59.839Z,2026-05-22T05:46:59.839Z,0,0.013,20.94,51
2026-05-22T05:48:00.069Z,2026-05-22T05:49:00.069Z,0,0.252,20.94,51
2026-05-22T05:55:01.019Z,2026-05-22T05:56:01.019Z,0,0.003,20.94,51
2026-05-22T06:10:02.885Z,2026-05-22T06:11:02.885Z,0,0.003,20.94,51
2026-05-22T06:11:03.051Z,2026-05-22T06:12:03.051Z,0,0.04,20.94,51
2026-05-22T06:13:03.279Z,2026-05-22T06:14:03.279Z,0,0.003,20.94,51
2026-05-22T06:31:05.640Z,2026-05-22T06:32:05.640Z,0,0.023,20.94,51
2026-05-22T06:32:05.704Z,2026-05-22T06:33:05.704Z,0,0.047,20.94,51
2026-05-22T06:33:05.868Z,2026-05-22T06:34:05.868Z,1,0.037,20.94,51
2026-05-22T06:38:06.490Z,2026-05-22T06:39:06.490Z,2,0.033,20.94,51
2026-05-22T06:40:06.819Z,2026-05-22T06:41:06.819Z,0,0.003,20.94,51
2026-05-22T06:43:07.112Z,2026-05-22T06:44:07.112Z,0,0.003,20.94,51
2026-05-22T06:50:08.063Z,2026-05-22T06:51:08.063Z,0,0.163,20.94,51
2026-05-22T06:51:08.229Z,2026-05-22T06:52:08.229Z,0,0.073,20.94,51
2026-05-22T06:53:08.457Z,2026-05-22T06:54:08.457Z,0,0.11,20.94,51
2026-05-22T06:54:08.621Z,2026-05-22T06:55:08.621Z,1,0.09,20.94,51
2026-05-22T06:55:08.687Z,2026-05-22T06:56:08.687Z,2,0.073,20.94,51
2026-05-22T06:56:08.851Z,2026-05-22T06:57:08.851Z,1,0.173,20.94,51
2026-05-22T07:02:09.638Z,2026-05-22T07:03:09.638Z,1,0.05,20.94,51
2026-05-22T07:05:10.030Z,2026-05-22T07:06:10.030Z,0,0.007,20.94,51
2026-05-22T07:15:11.276Z,2026-05-22T07:16:11.276Z,0,0.013,20.94,51
2026-05-22T07:17:11.505Z,2026-05-22T07:18:11.505Z,0,0.017,20.94,51
2026-05-22T07:25:12.619Z,2026-05-22T07:26:12.619Z,1,0.013,20.94,51
2026-05-22T07:34:13.700Z,2026-05-22T07:35:13.700Z,2,0.186,20.94,51
2026-05-22T07:42:14.716Z,2026-05-22T07:43:14.716Z,1,0.027,20.94,51
2026-05-22T07:53:16.224Z,2026-05-22T07:54:16.224Z,1,0.03,20.94,51
2026-05-22T07:54:16.289Z,2026-05-22T07:55:16.289Z,0,0.083,20.94,51
2026-05-22T07:55:16.453Z,2026-05-22T07:56:16.453Z,3,1.096,20.94,51
2026-05-22T07:56:16.618Z,2026-05-22T07:57:16.618Z,1,0.973,20.94,51
2026-05-22T07:57:16.681Z,2026-05-22T07:58:16.681Z,0,0.973,20.94,51
2026-05-22T07:58:16.846Z,2026-05-22T07:59:16.846Z,0,0.987,20.94,51
2026-05-22T07:59:16.911Z,2026-05-22T08:00:16.911Z,1,0.907,20.94,51
2026-05-22T08:00:17.075Z,2026-05-22T08:01:17.075Z,1,0.997,20.94,51
2026-05-22T08:01:17.240Z,2026-05-22T08:02:17.240Z,0,1.0,20.94,51
2026-05-22T08:02:17.305Z,2026-05-22T08:03:17.305Z,0,0.957,20.94,51
2026-05-22T08:03:17.469Z,2026-05-22T08:04:17.469Z,0,1.0,20.94,51
2026-05-22T08:04:17.634Z,2026-05-22T08:05:17.634Z,0,1.0,20.94,51
2026-05-22T08:05:17.697Z,2026-05-22T08:06:17.697Z,0,0.997,20.94,51
2026-05-22T08:06:17.862Z,2026-05-22T08:07:17.862Z,0,0.977,20.94,51
2026-05-22T08:07:18.026Z,2026-05-22T08:08:18.026Z,1,0.143,20.94,51
2026-05-22T08:09:18.256Z,2026-05-22T08:10:18.256Z,3,0.136,20.94,51
2026-05-22T08:10:18.420Z,2026-05-22T08:11:18.420Z,0,0.987,20.94,51
2026-05-22T08:11:18.484Z,2026-05-22T08:12:18.484Z,1,0.877,20.94,51
2026-05-22T08:12:18.648Z,2026-05-22T08:13:18.648Z,0,1.0,20.94,51
2026-05-22T08:13:18.713Z,2026-05-22T08:14:18.713Z,0,0.243,20.94,51
2026-05-22T08:14:18.878Z,2026-05-22T08:15:18.878Z,3,0.156,20.94,51
2026-05-22T08:15:19.042Z,2026-05-22T08:16:19.042Z,1,0.087,20.94,51
2026-05-22T08:16:19.107Z,2026-05-22T08:17:19.107Z,0,0.183,20.94,51
2026-05-22T08:17:19.270Z,2026-05-22T08:18:19.270Z,0,0.056,20.94,51
2026-05-22T08:19:19.500Z,2026-05-22T08:20:19.500Z,0,0.003,20.94,51
2026-05-22T08:28:20.680Z,2026-05-22T08:29:20.680Z,0,0.017,20.94,51
2026-05-22T08:32:21.237Z,2026-05-22T08:33:21.237Z,0,0.003,20.94,51
2026-05-22T09:00:24.842Z,2026-05-22T09:01:24.842Z,2,0.013,20.94,51
2026-05-22T09:01:24.907Z,2026-05-22T09:02:24.907Z,0,0.003,20.94,51
2026-05-22T09:19:27.267Z,2026-05-22T09:20:27.267Z,1,0.063,20.94,51
2026-05-22T09:22:27.661Z,2026-05-22T09:23:27.661Z,2,0.103,20.94,51
2026-05-22T09:23:27.825Z,2026-05-22T09:24:27.825Z,1,0.013,20.94,51
2026-05-22T09:43:30.315Z,2026-05-22T09:44:30.315Z,0,0.003,20.94,51
2026-05-22T09:44:30.479Z,2026-05-22T09:45:30.479Z,1,0.033,20.94,51
2026-05-22T10:28:36.315Z,2026-05-22T10:29:36.315Z,3,0.11,20.94,51
2026-05-24T19:15:55.869Z,2026-05-24T19:16:55.869Z,3,0.17,20.94,51
2026-05-24T19:16:55.910Z,2026-05-24T19:17:55.910Z,1,0.136,20.94,51
2026-05-25T00:39:37.661Z,2026-05-25T00:40:37.661Z,0,0.003,20.94,51
2026-05-25T00:40:37.825Z,2026-05-25T00:41:37.825Z,2,0.087,20.94,51
2026-05-25T01:49:46.674Z,2026-05-25T01:50:46.674Z,0,0.073,20.94,51
2026-05-25T01:53:47.232Z,2026-05-25T01:54:47.232Z,0,0.083,20.94,51
2026-05-25T01:57:47.690Z,2026-05-25T01:58:47.690Z,4,0.561,20.94,51
2026-05-25T01:58:47.854Z,2026-05-25T01:59:47.854Z,0,0.007,20.94,51
2026-05-25T03:50:02.107Z,2026-05-25T03:51:02.107Z,2,0.156,20.94,51
2026-05-25T04:58:10.888Z,2026-05-25T04:59:10.888Z,3,0.199,20.94,51
2026-05-25T04:59:11.052Z,2026-05-25T05:00:11.052Z,1,0.076,20.94,51
2026-05-25T05:00:11.217Z,2026-05-25T05:01:11.217Z,2,0.163,20.94,51
2026-05-25T05:01:11.282Z,2026-05-25T05:02:11.282Z,0,0.003,20.94,51
2026-05-25T05:02:11.447Z,2026-05-25T05:03:11.447Z,3,0.097,20.94,51
2026-05-25T05:03:11.510Z,2026-05-25T05:04:11.510Z,1,0.146,20.94,51
2026-05-25T05:04:11.676Z,2026-05-25T05:05:11.676Z,1,0.053,20.94,51
2026-05-25T05:05:11.839Z,2026-05-25T05:06:11.839Z,0,0.03,20.94,51
2026-05-25T05:06:11.904Z,2026-05-25T05:07:11.904Z,3,0.196,20.94,51
2026-05-25T05:07:12.069Z,2026-05-25T05:08:12.069Z,3,0.056,20.94,51
2026-05-25T05:08:12.233Z,2026-05-25T05:09:12.233Z,3,0.087,20.94,51
2026-05-25T05:09:12.298Z,2026-05-25T05:10:12.298Z,1,0.063,20.94,51
2026-05-25T05:11:12.627Z,2026-05-25T05:12:12.627Z,1,0.0,20.94,51
2026-05-25T05:12:12.690Z,2026-05-25T05:13:12.690Z,2,0.13,20.94,51
2026-05-25T06:29:22.653Z,2026-05-25T06:30:22.653Z,1,0.053,20.94,51
2026-05-25T06:30:22.818Z,2026-05-25T06:31:22.818Z,5,0.07,20.94,51
2026-05-25T06:31:22.881Z,2026-05-25T06:32:22.881Z,0,0.09,20.94,51
2026-05-25T06:32:23.046Z,2026-05-25T06:33:23.046Z,0,0.157,20.94,51
2026-05-25T06:33:23.111Z,2026-05-25T06:34:23.111Z,0,0.037,20.94,51
2026-05-25T06:34:23.276Z,2026-05-25T06:35:23.276Z,2,0.066,20.94,51
2026-05-25T06:35:23.440Z,2026-05-25T06:36:23.440Z,2,0.063,20.94,51
2026-05-25T06:38:23.832Z,2026-05-25T06:39:23.832Z,0,0.037,20.94,51
2026-05-25T06:39:23.898Z,2026-05-25T06:40:23.898Z,0,0.233,20.94,51
2026-05-25T06:40:24.062Z,2026-05-25T06:41:24.062Z,0,0.223,20.94,51
2026-05-25T06:41:24.226Z,2026-05-25T06:42:24.226Z,0,0.057,20.94,51
2026-05-25T06:42:24.290Z,2026-05-25T06:43:24.290Z,0,0.007,20.94,51
2026-05-25T06:44:24.619Z,2026-05-25T06:45:24.619Z,0,0.007,20.94,51
2026-05-25T06:57:26.257Z,2026-05-25T06:58:26.257Z,0,0.007,20.94,51
2026-05-25T06:59:26.486Z,2026-05-25T07:00:26.486Z,0,0.013,20.94,51
2026-05-25T07:00:26.651Z,2026-05-25T07:01:26.651Z,0,0.01,20.94,51
2026-05-25T07:02:26.880Z,2026-05-25T07:03:26.880Z,0,0.003,20.94,51
2026-05-25T07:03:27.043Z,2026-05-25T07:04:27.043Z,0,0.053,20.94,51
2026-05-25T07:05:27.273Z,2026-05-25T07:06:27.273Z,0,0.023,20.94,51
2026-05-25T07:06:27.437Z,2026-05-25T07:07:27.437Z,0,0.103,20.94,51
2026-05-25T07:07:27.502Z,2026-05-25T07:08:27.502Z,0,0.013,20.94,51
2026-05-25T07:08:27.667Z,2026-05-25T07:09:27.667Z,0,0.04,20.94,51
2026-05-25T07:09:27.831Z,2026-05-25T07:10:27.831Z,0,0.163,20.94,51
2026-05-25T07:10:27.894Z,2026-05-25T07:11:27.894Z,0,0.076,20.94,51
2026-05-25T07:11:28.059Z,2026-05-25T07:12:28.059Z,0,0.179,20.94,51
2026-05-25T07:12:28.223Z,2026-05-25T07:13:28.223Z,0,0.423,20.94,51
2026-05-25T07:13:28.289Z,2026-05-25T07:14:28.289Z,0,0.173,20.94,51
2026-05-25T07:14:28.453Z,2026-05-25T07:15:28.453Z,0,0.033,20.94,51
2026-05-25T07:15:28.618Z,2026-05-25T07:16:28.618Z,0,0.01,20.94,51
2026-05-25T07:16:28.681Z,2026-05-25T07:17:28.681Z,0,0.223,20.94,51
2026-05-25T07:18:28.911Z,2026-05-25T07:19:28.911Z,0,0.017,20.94,51
2026-05-25T07:19:29.075Z,2026-05-25T07:20:29.075Z,0,0.365,20.94,51
2026-05-25T07:20:29.240Z,2026-05-25T07:21:29.240Z,0,0.56,20.94,51
2026-05-25T07:21:29.303Z,2026-05-25T07:22:29.303Z,0,0.342,20.94,51
2026-05-25T07:22:29.469Z,2026-05-25T07:23:29.469Z,0,0.355,20.94,51
2026-05-25T07:23:29.632Z,2026-05-25T07:24:29.632Z,0,0.11,20.94,51
2026-05-25T07:24:29.697Z,2026-05-25T07:25:29.697Z,0,0.585,20.94,51
2026-05-25T07:25:29.861Z,2026-05-25T07:26:29.861Z,0,0.256,20.94,51
2026-05-25T07:26:30.026Z,2026-05-25T07:27:30.026Z,1,0.223,20.94,51
2026-05-25T07:27:30.091Z,2026-05-25T07:28:30.091Z,0,0.475,20.94,51
2026-05-25T07:28:30.256Z,2026-05-25T07:29:30.256Z,0,0.203,20.94,51
2026-05-25T07:29:30.420Z,2026-05-25T07:30:30.420Z,0,0.003,20.94,51
2026-05-25T07:30:30.483Z,2026-05-25T07:31:30.483Z,0,0.02,20.94,51
2026-05-25T07:32:30.713Z,2026-05-25T07:33:30.713Z,0,0.229,20.94,51
2026-05-25T07:33:30.878Z,2026-05-25T07:34:30.878Z,0,0.007,20.94,51
2026-05-25T07:34:31.042Z,2026-05-25T07:35:31.042Z,0,0.06,20.94,51
2026-05-25T07:35:31.107Z,2026-05-25T07:36:31.107Z,0,0.07,20.94,51
2026-05-25T07:36:31.270Z,2026-05-25T07:37:31.270Z,0,0.023,20.94,51
2026-05-25T07:37:31.434Z,2026-05-25T07:38:31.434Z,0,0.077,20.94,51
2026-05-25T07:38:31.500Z,2026-05-25T07:39:31.500Z,0,0.219,20.94,51
2026-05-25T07:39:31.664Z,2026-05-25T07:40:31.664Z,0,0.189,20.94,51
2026-05-25T07:40:31.828Z,2026-05-25T07:41:31.828Z,0,0.07,20.94,51
2026-05-25T07:41:31.892Z,2026-05-25T07:42:31.892Z,0,0.066,20.94,51
2026-05-25T07:42:32.058Z,2026-05-25T07:43:32.058Z,0,0.319,20.94,51
2026-05-25T07:43:32.221Z,2026-05-25T07:44:32.221Z,0,0.003,20.94,51
2026-05-25T07:44:32.286Z,2026-05-25T07:45:32.286Z,0,0.233,20.94,51
2026-05-25T07:45:32.450Z,2026-05-25T07:46:32.450Z,0,0.247,20.94,51
2026-05-25T07:46:32.515Z,2026-05-25T07:47:32.515Z,0,0.08,20.94,51
2026-05-25T07:47:32.680Z,2026-05-25T07:48:32.680Z,0,0.04,20.94,51
2026-05-25T07:48:32.844Z,2026-05-25T07:49:32.844Z,0,0.147,20.94,51
2026-05-25T07:49:32.908Z,2026-05-25T07:50:32.908Z,0,0.027,20.94,51
2026-05-25T07:50:33.072Z,2026-05-25T07:51:33.072Z,0,0.06,20.94,51
2026-05-25T07:52:33.302Z,2026-05-25T07:53:33.302Z,0,0.176,20.94,51
2026-05-25T07:53:33.467Z,2026-05-25T07:54:33.467Z,1,0.063,20.94,51
2026-05-25T08:24:37.463Z,2026-05-25T08:25:37.463Z,1,0.169,20.94,51
2026-05-25T08:25:37.628Z,2026-05-25T08:26:37.628Z,0,0.017,20.94,51
2026-05-25T08:26:37.693Z,2026-05-25T08:27:37.693Z,0,0.12,20.94,51
2026-05-25T08:27:37.858Z,2026-05-25T08:28:37.858Z,0,0.239,20.94,51
2026-05-25T08:28:38.022Z,2026-05-25T08:29:38.022Z,0,0.113,20.94,51
2026-05-25T08:29:38.086Z,2026-05-25T08:30:38.086Z,0,0.409,20.94,51
2026-05-25T08:30:38.250Z,2026-05-25T08:31:38.250Z,0,0.463,20.94,51
2026-05-25T08:31:38.315Z,2026-05-25T08:32:38.315Z,0,0.429,20.94,51
2026-05-25T08:32:38.480Z,2026-05-25T08:33:38.480Z,0,0.551,20.94,51
2026-05-25T08:33:38.644Z,2026-05-25T08:34:38.644Z,0,0.333,20.94,51
2026-05-25T08:34:38.709Z,2026-05-25T08:35:38.709Z,0,0.93,20.94,51
2026-05-25T08:35:38.872Z,2026-05-25T08:36:38.872Z,0,0.748,20.94,51
2026-05-25T08:36:39.038Z,2026-05-25T08:37:39.038Z,0,0.253,20.94,51
2026-05-25T08:37:39.101Z,2026-05-25T08:38:39.101Z,0,0.555,20.94,51
2026-05-25T08:38:39.266Z,2026-05-25T08:39:39.266Z,0,0.286,20.94,51
2026-05-25T08:39:39.430Z,2026-05-25T08:40:39.430Z,0,0.077,20.94,51
2026-05-25T08:40:39.496Z,2026-05-25T08:41:39.496Z,0,0.033,20.94,51
2026-05-25T08:42:39.825Z,2026-05-25T08:43:39.825Z,0,0.04,20.94,51
2026-05-25T08:43:39.888Z,2026-05-25T08:44:39.888Z,0,0.053,20.94,51
2026-05-25T08:44:40.052Z,2026-05-25T08:45:40.052Z,0,0.01,20.94,51
2026-05-25T08:45:40.217Z,2026-05-25T08:46:40.217Z,0,0.017,20.94,51
2026-05-25T08:46:40.282Z,2026-05-25T08:47:40.282Z,0,0.09,20.94,51
2026-05-25T08:48:40.510Z,2026-05-25T08:49:40.510Z,0,0.066,20.94,51
2026-05-25T08:49:40.676Z,2026-05-25T08:50:40.676Z,0,0.13,20.94,51
2026-05-25T08:50:40.839Z,2026-05-25T08:51:40.839Z,0,0.107,20.94,51
2026-05-25T08:51:40.904Z,2026-05-25T08:52:40.904Z,0,0.066,20.94,51
2026-05-25T08:52:41.069Z,2026-05-25T08:53:41.069Z,0,0.14,20.94,51
2026-05-25T08:53:41.233Z,2026-05-25T08:54:41.233Z,0,0.003,20.94,51
2026-05-25T08:54:41.298Z,2026-05-25T08:55:41.298Z,0,0.03,20.94,51
2026-05-25T08:55:41.463Z,2026-05-25T08:56:41.463Z,0,0.027,20.94,51
2026-05-25T08:56:41.627Z,2026-05-25T08:57:41.627Z,0,0.01,20.94,51
2026-05-25T08:57:41.690Z,2026-05-25T08:58:41.690Z,0,0.003,20.94,51
2026-05-25T08:58:41.855Z,2026-05-25T08:59:41.855Z,0,0.03,20.94,51
2026-05-25T08:59:42.019Z,2026-05-25T09:00:42.019Z,0,0.013,20.94,51
2026-05-25T09:00:42.085Z,2026-05-25T09:01:42.085Z,0,0.017,20.94,51
2026-05-25T09:01:42.249Z,2026-05-25T09:02:42.249Z,0,0.107,20.94,51
2026-05-25T09:02:42.313Z,2026-05-25T09:03:42.313Z,0,0.216,20.94,51
2026-05-25T09:03:42.477Z,2026-05-25T09:04:42.477Z,0,0.066,20.94,51
2026-05-25T09:04:42.642Z,2026-05-25T09:05:42.642Z,0,0.763,20.94,51
2026-05-25T09:05:42.707Z,2026-05-25T09:06:42.707Z,1,0.807,20.94,51
2026-05-25T09:06:42.871Z,2026-05-25T09:07:42.871Z,2,0.515,20.94,51
2026-05-25T09:07:43.036Z,2026-05-25T09:08:43.036Z,0,0.277,20.94,51
2026-05-25T09:08:43.099Z,2026-05-25T09:09:43.099Z,0,0.674,20.94,51
2026-05-25T09:09:43.265Z,2026-05-25T09:10:43.265Z,1,0.186,20.94,51
2026-05-25T09:10:43.428Z,2026-05-25T09:11:43.428Z,0,0.03,20.94,51
2026-05-25T09:11:43.493Z,2026-05-25T09:12:43.493Z,1,0.279,20.94,51
2026-05-25T09:12:43.657Z,2026-05-25T09:13:43.657Z,0,0.399,20.94,51
2026-05-25T09:13:43.822Z,2026-05-25T09:14:43.822Z,1,0.303,20.94,51
2026-05-25T09:14:43.887Z,2026-05-25T09:15:43.887Z,0,0.01,20.94,51
2026-05-25T09:15:44.052Z,2026-05-25T09:16:44.052Z,0,0.187,20.94,51
2026-05-25T09:16:44.115Z,2026-05-25T09:17:44.115Z,0,0.429,20.94,51
2026-05-25T09:17:44.279Z,2026-05-25T09:18:44.279Z,0,0.724,20.94,51
2026-05-25T09:18:44.444Z,2026-05-25T09:19:44.444Z,0,0.273,20.94,51
2026-05-25T09:19:44.509Z,2026-05-25T09:20:44.509Z,1,0.183,20.94,51
2026-05-25T09:20:44.674Z,2026-05-25T09:21:44.674Z,0,0.329,20.94,51
2026-05-25T09:21:44.838Z,2026-05-25T09:22:44.838Z,0,0.297,20.94,51
2026-05-25T09:22:44.903Z,2026-05-25T09:23:44.903Z,0,0.01,20.94,51
2026-05-25T09:23:45.066Z,2026-05-25T09:24:45.066Z,0,0.027,20.94,51
2026-05-25T09:26:45.460Z,2026-05-25T09:27:45.460Z,2,0.116,20.94,51
2026-05-25T09:27:45.625Z,2026-05-25T09:28:45.625Z,0,0.007,20.94,51
2026-05-25T09:32:46.246Z,2026-05-25T09:33:46.246Z,0,0.01,20.94,51
2026-05-25T09:33:46.312Z,2026-05-25T09:34:46.312Z,0,0.076,20.94,51
2026-05-25T09:34:46.476Z,2026-05-25T09:35:46.476Z,0,0.063,20.94,51
2026-05-25T09:36:46.704Z,2026-05-25T09:37:46.704Z,0,0.047,20.94,51
2026-05-25T09:37:46.868Z,2026-05-25T09:38:46.868Z,0,0.003,20.94,51
2026-05-25T09:42:47.492Z,2026-05-25T09:43:47.492Z,0,0.01,20.94,51
2026-05-25T09:45:47.884Z,2026-05-25T09:46:47.884Z,1,0.04,20.94,51
2026-05-25T09:46:48.049Z,2026-05-25T09:47:48.049Z,0,0.04,20.94,51
2026-05-25T09:47:48.114Z,2026-05-25T09:48:48.114Z,0,0.02,20.94,51
2026-05-25T09:49:48.443Z,2026-05-25T09:50:48.443Z,0,0.153,20.94,51
2026-05-25T09:50:48.506Z,2026-05-25T09:51:48.506Z,0,0.256,20.94,51
2026-05-25T09:51:48.671Z,2026-05-25T09:52:48.671Z,0,0.262,20.94,51
2026-05-25T09:52:48.835Z,2026-05-25T09:53:48.835Z,0,0.43,20.94,51
2026-05-25T09:53:48.901Z,2026-05-25T09:54:48.901Z,0,0.392,20.94,51
2026-05-25T09:54:49.065Z,2026-05-25T09:55:49.065Z,0,0.229,20.94,51
2026-05-25T09:55:49.230Z,2026-05-25T09:56:49.230Z,0,0.283,20.94,51
2026-05-25T09:56:49.293Z,2026-05-25T09:57:49.293Z,0,0.429,20.94,51
2026-05-25T09:57:49.459Z,2026-05-25T09:58:49.459Z,0,0.276,20.94,51
2026-05-25T09:58:49.622Z,2026-05-25T09:59:49.622Z,0,0.19,20.94,51
2026-05-25T09:59:49.687Z,2026-05-25T10:00:49.687Z,0,0.635,20.94,51
2026-05-25T10:00:49.851Z,2026-05-25T10:01:49.851Z,0,0.56,20.94,51
2026-05-25T10:01:49.915Z,2026-05-25T10:02:49.915Z,0,0.206,20.94,51
2026-05-25T10:02:50.081Z,2026-05-25T10:03:50.081Z,0,0.588,20.94,51
2026-05-25T10:03:50.244Z,2026-05-25T10:04:50.244Z,0,0.737,20.94,51
2026-05-25T10:04:50.309Z,2026-05-25T10:05:50.309Z,0,0.817,20.94,51
2026-05-25T10:05:50.473Z,2026-05-25T10:06:50.473Z,0,0.462,20.94,51
2026-05-25T10:06:50.638Z,2026-05-25T10:07:50.638Z,0,0.01,20.94,51
2026-05-25T10:07:50.703Z,2026-05-25T10:08:50.703Z,0,0.724,20.94,51
2026-05-25T10:08:50.867Z,2026-05-25T10:09:50.867Z,0,0.731,20.94,51
2026-05-25T10:09:51.032Z,2026-05-25T10:10:51.032Z,0,0.947,20.94,51
2026-05-25T10:10:51.095Z,2026-05-25T10:11:51.095Z,0,0.801,20.94,51
2026-05-25T10:11:51.260Z,2026-05-25T10:12:51.260Z,0,0.854,20.94,51
2026-05-25T10:12:51.424Z,2026-05-25T10:13:51.424Z,0,0.25,20.94,51
2026-05-25T10:13:51.490Z,2026-05-25T10:14:51.490Z,0,0.724,20.94,51
2026-05-25T10:14:51.654Z,2026-05-25T10:15:51.654Z,0,0.973,20.94,51
2026-05-25T10:15:51.819Z,2026-05-25T10:16:51.819Z,0,0.803,20.94,51
2026-05-25T10:16:51.882Z,2026-05-25T10:17:51.882Z,0,0.95,20.94,51
2026-05-25T10:17:52.046Z,2026-05-25T10:18:52.046Z,0,0.687,20.94,51
2026-05-25T10:18:52.111Z,2026-05-25T10:19:52.111Z,0,0.532,20.94,51
2026-05-25T10:19:52.276Z,2026-05-25T10:20:52.276Z,0,0.721,20.94,51
2026-05-25T10:20:52.440Z,2026-05-25T10:21:52.440Z,0,0.93,20.94,51
2026-05-25T10:21:52.505Z,2026-05-25T10:22:52.505Z,0,0.591,20.94,51
2026-05-25T10:22:52.670Z,2026-05-25T10:23:52.670Z,0,0.847,20.94,51
2026-05-25T10:23:52.834Z,2026-05-25T10:24:52.834Z,0,0.743,20.94,51
2026-05-25T10:24:52.898Z,2026-05-25T10:25:52.898Z,0,0.478,20.94,51
2026-05-25T10:25:53.062Z,2026-05-25T10:26:53.062Z,0,0.751,20.94,51
2026-05-25T10:26:53.226Z,2026-05-25T10:27:53.226Z,0,0.427,20.94,51
2026-05-25T10:27:53.292Z,2026-05-25T10:28:53.292Z,0,0.625,20.94,51
2026-05-25T10:28:53.456Z,2026-05-25T10:29:53.456Z,0,0.475,20.94,51
2026-05-25T10:29:53.621Z,2026-05-25T10:30:53.621Z,0,0.307,20.94,51
2026-05-25T10:30:53.684Z,2026-05-25T10:31:53.684Z,0,0.724,20.94,51
2026-05-25T10:31:53.849Z,2026-05-25T10:32:53.849Z,0,0.147,20.94,51
2026-05-25T10:32:53.914Z,2026-05-25T10:33:53.914Z,0,0.073,20.94,51
2026-05-25T10:33:54.078Z,2026-05-25T10:34:54.078Z,0,0.744,20.94,51
2026-05-25T10:34:54.243Z,2026-05-25T10:35:54.243Z,0,0.883,20.94,51
2026-05-25T10:35:54.306Z,2026-05-25T10:36:54.306Z,0,0.399,20.94,51
2026-05-25T10:36:54.471Z,2026-05-25T10:37:54.471Z,0,0.598,20.94,51
2026-05-25T10:37:54.635Z,2026-05-25T10:38:54.635Z,0,0.98,20.94,51
2026-05-25T10:38:54.700Z,2026-05-25T10:39:54.700Z,0,0.017,20.94,51
2026-05-25T10:39:54.865Z,2026-05-25T10:40:54.865Z,0,0.674,20.94,51
2026-05-25T10:40:55.029Z,2026-05-25T10:41:55.029Z,0,0.363,20.94,51
2026-05-25T10:41:55.094Z,2026-05-25T10:42:55.094Z,0,0.352,20.94,51
2026-05-25T10:42:55.257Z,2026-05-25T10:43:55.257Z,0,0.083,20.94,51
2026-05-25T10:43:55.423Z,2026-05-25T10:44:55.423Z,0,0.003,20.94,51
2026-05-25T10:44:55.486Z,2026-05-25T10:45:55.486Z,0,0.013,20.94,51
2026-05-25T10:45:55.651Z,2026-05-25T10:46:55.651Z,0,0.077,20.94,51
2026-05-25T10:46:55.716Z,2026-05-25T10:47:55.716Z,0,0.243,20.94,51
2026-05-25T10:47:55.881Z,2026-05-25T10:48:55.881Z,0,0.817,20.94,51
2026-05-25T10:48:56.045Z,2026-05-25T10:49:56.045Z,0,0.507,20.94,51
2026-05-25T10:49:56.109Z,2026-05-25T10:50:56.109Z,0,0.85,20.94,51
2026-05-25T10:50:56.273Z,2026-05-25T10:51:56.273Z,0,0.787,20.94,51
2026-05-25T10:51:56.438Z,2026-05-25T10:52:56.438Z,0,0.307,20.94,51
2026-05-25T10:52:56.503Z,2026-05-25T10:53:56.503Z,0,0.153,20.94,51
2026-05-25T10:53:56.667Z,2026-05-25T10:54:56.667Z,0,0.07,20.94,51
2026-05-25T10:54:56.832Z,2026-05-25T10:55:56.832Z,0,0.003,20.94,51
2026-05-25T10:56:57.061Z,2026-05-25T10:57:57.061Z,0,0.12,20.94,51
2026-05-25T10:57:57.224Z,2026-05-25T10:58:57.224Z,0,0.15,20.94,51
2026-05-25T10:58:57.289Z,2026-05-25T10:59:57.289Z,0,0.312,20.94,51
2026-05-25T10:59:57.453Z,2026-05-25T11:00:57.453Z,0,0.515,20.94,51
2026-05-25T11:00:57.618Z,2026-05-25T11:01:57.618Z,0,0.357,20.94,51
2026-05-25T11:01:57.683Z,2026-05-25T11:02:57.683Z,0,0.133,20.94,51
2026-05-25T11:02:57.846Z,2026-05-25T11:03:57.846Z,0,0.217,20.94,51
2026-05-25T11:03:57.911Z,2026-05-25T11:04:57.911Z,0,0.003,20.94,51
2026-05-25T11:05:58.240Z,2026-05-25T11:06:58.240Z,0,0.137,20.94,51
2026-05-25T11:06:58.305Z,2026-05-25T11:07:58.305Z,0,0.186,20.94,51
2026-05-25T11:07:58.470Z,2026-05-25T11:08:58.470Z,0,0.279,20.94,51
2026-05-25T11:08:58.634Z,2026-05-25T11:09:58.634Z,0,0.637,20.94,51
2026-05-25T11:09:58.698Z,2026-05-25T11:10:58.698Z,0,0.425,20.94,51
2026-05-25T11:10:58.862Z,2026-05-25T11:11:58.862Z,0,0.146,20.94,51
2026-05-25T11:11:59.026Z,2026-05-25T11:12:59.026Z,0,0.013,20.94,51
2026-05-25T11:12:59.092Z,2026-05-25T11:13:59.092Z,0,0.618,20.94,51
2026-05-25T11:13:59.256Z,2026-05-25T11:14:59.256Z,0,0.306,20.94,51
2026-05-25T11:14:59.421Z,2026-05-25T11:15:59.421Z,0,0.227,20.94,51
2026-05-25T11:15:59.484Z,2026-05-25T11:16:59.484Z,0,0.02,20.94,51
2026-05-25T11:16:59.650Z,2026-05-25T11:17:59.650Z,0,0.45,20.94,51
2026-05-25T11:17:59.713Z,2026-05-25T11:18:59.713Z,0,0.272,20.94,51
2026-05-25T11:18:59.878Z,2026-05-25T11:19:59.878Z,0,0.927,20.94,51
2026-05-25T11:20:00.042Z,2026-05-25T11:21:00.042Z,0,0.143,20.94,51
2026-05-25T11:21:00.107Z,2026-05-25T11:22:00.107Z,0,0.365,20.94,51
2026-05-25T11:22:00.272Z,2026-05-25T11:23:00.272Z,0,0.223,20.94,51
2026-05-25T11:23:00.436Z,2026-05-25T11:24:00.436Z,0,0.29,20.94,51
2026-05-25T11:24:00.500Z,2026-05-25T11:25:00.500Z,0,0.595,20.94,51
2026-05-25T11:26:00.829Z,2026-05-25T11:27:00.829Z,0,0.003,20.94,51
2026-05-25T11:27:00.894Z,2026-05-25T11:28:00.894Z,0,0.362,20.94,51
2026-05-25T11:28:01.059Z,2026-05-25T11:29:01.059Z,0,0.568,20.94,51
2026-05-25T11:29:01.223Z,2026-05-25T11:30:01.223Z,0,0.65,20.94,51
2026-05-25T11:30:01.288Z,2026-05-25T11:31:01.288Z,0,0.14,20.94,51
2026-05-25T11:31:01.451Z,2026-05-25T11:32:01.451Z,0,0.143,20.94,51
2026-05-25T11:32:01.516Z,2026-05-25T11:33:01.516Z,0,0.608,20.94,51
2026-05-25T11:33:01.680Z,2026-05-25T11:34:01.680Z,0,0.591,20.94,51
2026-05-25T11:34:01.845Z,2026-05-25T11:35:01.845Z,0,0.37,20.94,51
2026-05-25T11:35:01.910Z,2026-05-25T11:36:01.910Z,0,0.312,20.94,51
2026-05-25T11:36:02.073Z,2026-05-25T11:37:02.073Z,0,0.272,20.94,51
2026-05-25T11:37:02.239Z,2026-05-25T11:38:02.239Z,1,0.323,20.94,51
2026-05-25T11:38:02.302Z,2026-05-25T11:39:02.302Z,3,0.143,20.94,51
2026-05-25T11:39:02.467Z,2026-05-25T11:40:02.467Z,1,0.03,20.94,51
2026-05-25T19:24:02.299Z,2026-05-25T19:25:02.299Z,3,0.259,20.94,51
2026-05-25T19:25:02.438Z,2026-05-25T19:26:02.438Z,1,0.183,20.94,51
2026-05-25T19:28:02.832Z,2026-05-25T19:29:02.832Z,1,0.023,20.94,51
2026-05-25T23:10:31.464Z,2026-05-25T23:11:31.464Z,0,0.013,20.94,51
2026-05-25T23:11:31.630Z,2026-05-25T23:12:31.630Z,0,0.127,20.94,51
2026-05-25T23:32:34.257Z,2026-05-25T23:33:34.257Z,0,0.003,20.94,51
2026-05-25T23:36:34.716Z,2026-05-25T23:37:34.716Z,0,0.003,20.94,51
2026-05-25T23:39:35.108Z,2026-05-25T23:40:35.108Z,0,0.007,20.94,51
2026-05-25T23:45:35.895Z,2026-05-25T23:46:35.895Z,0,0.003,20.94,51
2026-05-25T23:51:36.683Z,2026-05-25T23:52:36.683Z,0,0.003,20.94,51
2026-05-26T00:25:41.073Z,2026-05-26T00:26:41.073Z,1,0.066,20.94,51
2026-05-26T00:26:41.239Z,2026-05-26T00:27:41.239Z,1,0.043,20.94,51
2026-05-26T00:30:41.697Z,2026-05-26T00:31:41.697Z,2,0.05,20.94,51
2026-05-26T00:33:42.089Z,2026-05-26T00:34:42.089Z,0,0.003,20.94,51
2026-05-26T00:57:45.236Z,2026-05-26T00:58:45.236Z,1,0.04,20.94,51
2026-05-26T01:02:45.858Z,2026-05-26T01:03:45.858Z,2,0.08,20.94,51
2026-05-26T01:03:46.023Z,2026-05-26T01:04:46.023Z,2,0.06,20.94,51
2026-05-26T01:04:46.088Z,2026-05-26T01:05:46.088Z,1,0.037,20.94,51
2026-05-26T01:05:46.252Z,2026-05-26T01:06:46.252Z,0,0.007,20.94,51
2026-05-26T01:06:46.316Z,2026-05-26T01:07:46.316Z,2,0.1,20.94,51
2026-05-26T01:07:46.480Z,2026-05-26T01:08:46.480Z,4,0.299,20.94,51
2026-05-26T01:08:46.645Z,2026-05-26T01:09:46.645Z,3,0.363,20.94,51
2026-05-26T01:09:46.710Z,2026-05-26T01:10:46.710Z,4,0.209,20.94,51
2026-05-26T01:10:46.875Z,2026-05-26T01:11:46.875Z,5,0.495,20.94,51
2026-05-26T01:11:47.039Z,2026-05-26T01:12:47.039Z,5,0.413,20.94,51
2026-05-26T01:12:47.102Z,2026-05-26T01:13:47.102Z,7,0.276,20.94,51
2026-05-26T01:13:47.267Z,2026-05-26T01:14:47.267Z,5,0.279,20.94,51
2026-05-26T01:14:47.431Z,2026-05-26T01:15:47.431Z,4,0.21,20.94,51
2026-05-26T01:15:47.496Z,2026-05-26T01:16:47.496Z,3,0.116,20.94,51
2026-05-26T01:16:47.661Z,2026-05-26T01:17:47.661Z,4,0.236,20.94,51
2026-05-26T01:18:47.890Z,2026-05-26T01:19:47.890Z,1,0.03,20.94,51
2026-05-26T01:42:51.036Z,2026-05-26T01:43:51.036Z,1,0.15,20.94,51
2026-05-26T06:20:26.686Z,2026-05-26T06:21:26.686Z,1,0.037,20.94,51
2026-05-26T06:21:26.851Z,2026-05-26T06:22:26.851Z,0,0.013,20.94,51
2026-05-26T06:22:26.914Z,2026-05-26T06:23:26.914Z,0,0.003,20.94,51
2026-05-26T06:23:27.079Z,2026-05-26T06:24:27.079Z,0,0.013,20.94,51
2026-05-26T06:25:27.309Z,2026-05-26T06:26:27.309Z,0,0.003,20.94,51
2026-05-26T06:26:27.473Z,2026-05-26T06:27:27.473Z,0,0.007,20.94,51
2026-05-26T06:27:27.638Z,2026-05-26T06:28:27.638Z,0,0.01,20.94,51
2026-05-26T06:28:27.701Z,2026-05-26T06:29:27.701Z,0,0.063,20.94,51
2026-05-26T06:29:27.867Z,2026-05-26T06:30:27.867Z,0,0.379,20.94,51
2026-05-26T06:30:28.030Z,2026-05-26T06:31:28.030Z,0,0.373,20.94,51
2026-05-26T06:31:28.095Z,2026-05-26T06:32:28.095Z,0,0.279,20.94,51
2026-05-26T06:32:28.259Z,2026-05-26T06:33:28.259Z,0,0.047,20.94,51
2026-05-26T06:33:28.424Z,2026-05-26T06:34:28.424Z,0,0.003,20.94,51
2026-05-26T06:34:28.489Z,2026-05-26T06:35:28.489Z,0,0.525,20.94,51
2026-05-26T06:35:28.653Z,2026-05-26T06:36:28.653Z,0,0.173,20.94,51
2026-05-26T06:36:28.818Z,2026-05-26T06:37:28.818Z,0,0.217,20.94,51
2026-05-26T06:37:28.881Z,2026-05-26T06:38:28.881Z,0,0.322,20.94,51
2026-05-26T06:38:29.046Z,2026-05-26T06:39:29.046Z,0,0.573,20.94,51
2026-05-26T06:39:29.111Z,2026-05-26T06:40:29.111Z,0,0.033,20.94,51
2026-05-26T06:40:29.275Z,2026-05-26T06:41:29.275Z,0,0.043,20.94,51
2026-05-26T06:41:29.440Z,2026-05-26T06:42:29.440Z,0,0.073,20.94,51
2026-05-26T06:42:29.503Z,2026-05-26T06:43:29.503Z,0,0.113,20.94,51
2026-05-26T06:43:29.668Z,2026-05-26T06:44:29.668Z,0,0.233,20.94,51
2026-05-26T06:44:29.832Z,2026-05-26T06:45:29.832Z,0,0.04,20.94,51
2026-05-26T06:45:29.898Z,2026-05-26T06:46:29.898Z,0,0.382,20.94,51
2026-05-26T06:46:30.062Z,2026-05-26T06:47:30.062Z,0,0.711,20.94,51
2026-05-26T06:47:30.226Z,2026-05-26T06:48:30.226Z,0,0.423,20.94,51
2026-05-26T06:48:30.290Z,2026-05-26T06:49:30.290Z,0,0.133,20.94,51
2026-05-26T06:51:30.684Z,2026-05-26T06:52:30.684Z,0,0.06,20.94,51
2026-05-26T06:52:30.848Z,2026-05-26T06:53:30.848Z,0,0.247,20.94,51
2026-05-26T06:53:30.913Z,2026-05-26T06:54:30.913Z,0,0.053,20.94,51
2026-05-26T06:54:31.078Z,2026-05-26T06:55:31.078Z,0,0.561,20.94,51
2026-05-26T06:55:31.242Z,2026-05-26T06:56:31.242Z,0,0.227,20.94,51
2026-05-26T06:56:31.305Z,2026-05-26T06:57:31.305Z,0,0.226,20.94,51
2026-05-26T06:57:31.470Z,2026-05-26T06:58:31.470Z,0,0.033,20.94,51
2026-05-26T06:58:31.634Z,2026-05-26T06:59:31.634Z,0,0.05,20.94,51
2026-05-26T06:59:31.700Z,2026-05-26T07:00:31.700Z,0,0.086,20.94,51
2026-05-26T07:01:32.029Z,2026-05-26T07:02:32.029Z,0,0.023,20.94,51
2026-05-26T07:02:32.092Z,2026-05-26T07:03:32.092Z,0,0.435,20.94,51
2026-05-26T07:03:32.257Z,2026-05-26T07:04:32.257Z,1,0.166,20.94,51
2026-05-26T07:04:32.421Z,2026-05-26T07:05:32.421Z,0,0.027,20.94,51
2026-05-26T07:05:32.486Z,2026-05-26T07:06:32.486Z,0,0.326,20.94,51
2026-05-26T07:06:32.651Z,2026-05-26T07:07:32.651Z,0,0.023,20.94,51
2026-05-26T07:07:32.714Z,2026-05-26T07:08:32.714Z,0,0.329,20.94,51
2026-05-26T07:08:32.880Z,2026-05-26T07:09:32.880Z,0,0.086,20.94,51
2026-05-26T07:10:33.108Z,2026-05-26T07:11:33.108Z,0,0.027,20.94,51
2026-05-26T07:11:33.273Z,2026-05-26T07:12:33.273Z,0,0.103,20.94,51
2026-05-26T07:12:33.437Z,2026-05-26T07:13:33.437Z,1,0.04,20.94,51
2026-05-26T07:13:33.502Z,2026-05-26T07:14:33.502Z,0,0.066,20.94,51
2026-05-26T07:14:33.665Z,2026-05-26T07:15:33.665Z,0,0.03,20.94,51
2026-05-26T07:15:33.831Z,2026-05-26T07:16:33.831Z,0,0.137,20.94,51
2026-05-26T07:16:33.895Z,2026-05-26T07:17:33.895Z,0,0.15,20.94,51
2026-05-26T07:17:34.059Z,2026-05-26T07:18:34.059Z,0,0.08,20.94,51
2026-05-26T07:18:34.223Z,2026-05-26T07:19:34.223Z,0,0.36,20.94,51
2026-05-26T07:19:34.289Z,2026-05-26T07:20:34.289Z,0,0.01,20.94,51
2026-05-26T07:21:34.618Z,2026-05-26T07:22:34.618Z,0,0.013,20.94,51
2026-05-26T07:22:34.681Z,2026-05-26T07:23:34.681Z,0,0.023,20.94,51
2026-05-26T07:23:34.845Z,2026-05-26T07:24:34.845Z,0,0.017,20.94,51
2026-05-26T07:24:34.911Z,2026-05-26T07:25:34.911Z,0,0.12,20.94,51
2026-05-26T07:26:35.240Z,2026-05-26T07:27:35.240Z,0,0.037,20.94,51
2026-05-26T07:29:35.632Z,2026-05-26T07:30:35.632Z,0,0.087,20.94,51
2026-05-26T07:31:35.861Z,2026-05-26T07:32:35.861Z,0,0.02,20.94,51
2026-05-26T07:34:36.255Z,2026-05-26T07:35:36.255Z,0,0.003,20.94,51
2026-05-26T07:35:36.420Z,2026-05-26T07:36:36.420Z,1,0.013,20.94,51
2026-05-26T07:36:36.483Z,2026-05-26T07:37:36.483Z,0,0.153,20.94,51
2026-05-26T07:38:36.713Z,2026-05-26T07:39:36.713Z,0,0.017,20.94,51
2026-05-26T07:39:36.878Z,2026-05-26T07:40:36.878Z,0,0.01,20.94,51
2026-05-26T07:40:37.042Z,2026-05-26T07:41:37.042Z,0,0.043,20.94,51
2026-05-26T07:46:37.828Z,2026-05-26T07:47:37.828Z,0,0.29,20.94,51
2026-05-26T07:47:37.892Z,2026-05-26T07:48:37.892Z,0,0.013,20.94,51
2026-05-26T07:49:38.221Z,2026-05-26T07:50:38.221Z,0,0.003,20.94,51
2026-05-26T07:50:38.286Z,2026-05-26T07:51:38.286Z,0,0.156,20.94,51
2026-05-26T07:51:38.450Z,2026-05-26T07:52:38.450Z,0,0.08,20.94,51
2026-05-26T07:52:38.516Z,2026-05-26T07:53:38.516Z,0,0.017,20.94,51
2026-05-26T07:53:38.680Z,2026-05-26T07:54:38.680Z,0,0.186,20.94,51
2026-05-26T07:56:39.072Z,2026-05-26T07:57:39.072Z,0,0.007,20.94,51
2026-05-26T07:57:39.237Z,2026-05-26T07:58:39.237Z,0,0.02,20.94,51
2026-05-26T07:58:39.302Z,2026-05-26T07:59:39.302Z,0,0.037,20.94,51
2026-05-26T07:59:39.467Z,2026-05-26T08:00:39.467Z,0,0.163,20.94,51
2026-05-26T08:00:39.631Z,2026-05-26T08:01:39.631Z,0,0.097,20.94,51
2026-05-26T08:27:43.071Z,2026-05-26T08:28:43.071Z,0,0.04,20.94,51
2026-05-26T08:28:43.236Z,2026-05-26T08:29:43.236Z,0,0.047,20.94,51
2026-05-26T08:29:43.299Z,2026-05-26T08:30:43.299Z,0,0.003,20.94,51
2026-05-26T08:30:43.464Z,2026-05-26T08:31:43.464Z,0,0.013,20.94,51
2026-05-26T08:31:43.628Z,2026-05-26T08:32:43.628Z,0,0.173,20.94,51
2026-05-26T08:32:43.694Z,2026-05-26T08:33:43.694Z,0,0.017,20.94,51
2026-05-26T08:33:43.858Z,2026-05-26T08:34:43.858Z,0,0.196,20.94,51
2026-05-26T08:34:44.023Z,2026-05-26T08:35:44.023Z,0,0.033,20.94,51
2026-05-26T08:35:44.086Z,2026-05-26T08:36:44.086Z,0,0.279,20.94,51
2026-05-26T08:36:44.252Z,2026-05-26T08:37:44.252Z,1,0.25,20.94,51
2026-05-26T08:37:44.315Z,2026-05-26T08:38:44.315Z,1,0.771,20.94,51
2026-05-26T08:38:44.480Z,2026-05-26T08:39:44.480Z,0,0.957,20.94,51
2026-05-26T08:39:44.644Z,2026-05-26T08:40:44.644Z,0,0.98,20.94,51
2026-05-26T08:40:44.709Z,2026-05-26T08:41:44.709Z,0,0.894,20.94,51
2026-05-26T08:41:44.874Z,2026-05-26T08:42:44.874Z,1,0.927,20.94,51
2026-05-26T08:42:45.038Z,2026-05-26T08:43:45.038Z,0,0.85,20.94,51
2026-05-26T08:43:45.102Z,2026-05-26T08:44:45.102Z,0,0.927,20.94,51
2026-05-26T08:44:45.266Z,2026-05-26T08:45:45.266Z,1,0.93,20.94,51
2026-05-26T08:45:45.431Z,2026-05-26T08:46:45.431Z,0,0.83,20.94,51
2026-05-26T08:46:45.496Z,2026-05-26T08:47:45.496Z,1,0.478,20.94,51
2026-05-26T08:47:45.661Z,2026-05-26T08:48:45.661Z,0,0.558,20.94,51
2026-05-26T08:48:45.825Z,2026-05-26T08:49:45.825Z,2,0.64,20.94,51
2026-05-26T08:49:45.888Z,2026-05-26T08:50:45.888Z,1,0.542,20.94,51
2026-05-26T08:50:46.053Z,2026-05-26T08:51:46.053Z,1,0.704,20.94,51
2026-05-26T08:51:46.217Z,2026-05-26T08:52:46.217Z,0,0.597,20.94,51
2026-05-26T08:52:46.282Z,2026-05-26T08:53:46.282Z,0,0.073,20.94,51
2026-05-26T08:55:46.676Z,2026-05-26T08:56:46.676Z,1,0.073,20.94,51
2026-05-26T08:56:46.841Z,2026-05-26T08:57:46.841Z,1,0.61,20.94,51
2026-05-26T08:57:46.904Z,2026-05-26T08:58:46.904Z,0,0.326,20.94,51
2026-05-26T08:58:47.069Z,2026-05-26T08:59:47.069Z,0,0.322,20.94,51
2026-05-26T08:59:47.233Z,2026-05-26T09:00:47.233Z,1,0.473,20.94,51
2026-05-26T09:00:47.299Z,2026-05-26T09:01:47.299Z,0,0.133,20.94,51
2026-05-26T09:01:47.463Z,2026-05-26T09:02:47.463Z,0,0.452,20.94,51
2026-05-26T09:02:47.627Z,2026-05-26T09:03:47.627Z,0,0.467,20.94,51
2026-05-26T09:03:47.691Z,2026-05-26T09:04:47.691Z,0,0.359,20.94,51
2026-05-26T09:04:47.855Z,2026-05-26T09:05:47.855Z,1,0.568,20.94,51
2026-05-26T09:05:48.020Z,2026-05-26T09:06:48.020Z,0,0.953,20.94,51
2026-05-26T09:06:48.085Z,2026-05-26T09:07:48.085Z,1,0.372,20.94,51
2026-05-26T09:07:48.250Z,2026-05-26T09:08:48.250Z,0,0.333,20.94,51
2026-05-26T09:08:48.313Z,2026-05-26T09:09:48.313Z,0,0.595,20.94,51
2026-05-26T09:09:48.479Z,2026-05-26T09:10:48.479Z,0,0.767,20.94,51
2026-05-26T09:10:48.642Z,2026-05-26T09:11:48.642Z,0,0.653,20.94,51
2026-05-26T09:11:48.707Z,2026-05-26T09:12:48.707Z,0,0.857,20.94,51
2026-05-26T09:12:48.871Z,2026-05-26T09:13:48.871Z,0,0.86,20.94,51
2026-05-26T09:13:49.036Z,2026-05-26T09:14:49.036Z,0,0.853,20.94,51
2026-05-26T09:14:49.101Z,2026-05-26T09:15:49.101Z,0,0.844,20.94,51
2026-05-26T09:15:49.265Z,2026-05-26T09:16:49.265Z,0,0.94,20.94,51
2026-05-26T09:16:49.430Z,2026-05-26T09:17:49.430Z,1,0.927,20.94,51
2026-05-26T09:17:49.493Z,2026-05-26T09:18:49.493Z,0,0.92,20.94,51
2026-05-26T09:18:49.658Z,2026-05-26T09:19:49.658Z,0,1.0,20.94,51
2026-05-26T09:19:49.822Z,2026-05-26T09:20:49.822Z,0,0.73,20.94,51
2026-05-26T09:20:49.888Z,2026-05-26T09:21:49.888Z,0,0.841,20.94,51
2026-05-26T09:21:50.052Z,2026-05-26T09:22:50.052Z,0,0.82,20.94,51
2026-05-26T09:22:50.117Z,2026-05-26T09:23:50.117Z,0,0.754,20.94,51
2026-05-26T09:23:50.280Z,2026-05-26T09:24:50.280Z,0,0.857,20.94,51
2026-05-26T09:24:50.444Z,2026-05-26T09:25:50.444Z,0,0.803,20.94,51
2026-05-26T09:25:50.509Z,2026-05-26T09:26:50.509Z,0,0.841,20.94,51
2026-05-26T09:26:50.674Z,2026-05-26T09:27:50.674Z,0,0.548,20.94,51
2026-05-26T09:27:50.838Z,2026-05-26T09:28:50.838Z,0,0.563,20.94,51
2026-05-26T09:28:50.903Z,2026-05-26T09:29:50.903Z,0,0.349,20.94,51
2026-05-26T09:29:51.068Z,2026-05-26T09:30:51.068Z,0,0.372,20.94,51
2026-05-26T09:30:51.232Z,2026-05-26T09:31:51.232Z,0,1.0,20.94,51
2026-05-26T09:31:51.296Z,2026-05-26T09:32:51.296Z,0,0.904,20.94,51
2026-05-26T09:32:51.460Z,2026-05-26T09:33:51.460Z,0,0.944,20.94,51
2026-05-26T09:33:51.625Z,2026-05-26T09:34:51.625Z,0,0.843,20.94,51
2026-05-26T09:34:51.690Z,2026-05-26T09:35:51.690Z,0,0.831,20.94,51
2026-05-26T09:35:51.854Z,2026-05-26T09:36:51.854Z,0,0.415,20.94,51
2026-05-26T09:36:52.019Z,2026-05-26T09:37:52.019Z,0,0.6,20.94,51
2026-05-26T09:37:52.082Z,2026-05-26T09:38:52.082Z,0,0.535,20.94,51
2026-05-26T09:38:52.247Z,2026-05-26T09:39:52.247Z,0,0.837,20.94,51
2026-05-26T09:39:52.312Z,2026-05-26T09:40:52.312Z,0,0.468,20.94,51
2026-05-26T09:40:52.476Z,2026-05-26T09:41:52.476Z,0,0.296,20.94,51
2026-05-26T09:41:52.641Z,2026-05-26T09:42:52.641Z,0,0.503,20.94,51
2026-05-26T09:42:52.706Z,2026-05-26T09:43:52.706Z,0,0.894,20.94,51
2026-05-26T09:43:52.869Z,2026-05-26T09:44:52.869Z,0,0.605,20.94,51
2026-05-26T09:44:53.035Z,2026-05-26T09:45:53.035Z,0,0.727,20.94,51
2026-05-26T09:45:53.098Z,2026-05-26T09:46:53.098Z,0,0.774,20.94,51
2026-05-26T09:46:53.263Z,2026-05-26T09:47:53.263Z,0,0.721,20.94,51
2026-05-26T09:47:53.427Z,2026-05-26T09:48:53.427Z,0,0.943,20.94,51
2026-05-26T09:48:53.492Z,2026-05-26T09:49:53.492Z,0,0.611,20.94,51
2026-05-26T09:49:53.657Z,2026-05-26T09:50:53.657Z,0,0.801,20.94,51
2026-05-26T09:50:53.821Z,2026-05-26T09:51:53.821Z,0,0.433,20.94,51
2026-05-26T09:51:53.885Z,2026-05-26T09:52:53.885Z,0,0.844,20.94,51
2026-05-26T09:52:54.049Z,2026-05-26T09:53:54.049Z,0,0.933,20.94,51
2026-05-26T09:53:54.115Z,2026-05-26T09:54:54.115Z,0,0.558,20.94,51
2026-05-26T09:54:54.279Z,2026-05-26T09:55:54.279Z,0,0.983,20.94,51
2026-05-26T09:55:54.444Z,2026-05-26T09:56:54.444Z,0,0.65,20.94,51
2026-05-26T09:56:54.507Z,2026-05-26T09:57:54.507Z,0,0.346,20.94,51
2026-05-26T09:57:54.673Z,2026-05-26T09:58:54.673Z,0,0.95,20.94,51
2026-05-26T09:58:54.836Z,2026-05-26T09:59:54.836Z,0,0.49,20.94,51
2026-05-26T09:59:54.901Z,2026-05-26T10:00:54.901Z,0,0.714,20.94,51
2026-05-26T10:00:55.065Z,2026-05-26T10:01:55.065Z,0,0.897,20.94,51
2026-05-26T10:01:55.230Z,2026-05-26T10:02:55.230Z,0,0.72,20.94,51
2026-05-26T10:02:55.295Z,2026-05-26T10:03:55.295Z,0,0.884,20.94,51
2026-05-26T10:03:55.459Z,2026-05-26T10:04:55.459Z,1,0.88,20.94,51
2026-05-26T10:04:55.624Z,2026-05-26T10:05:55.624Z,0,0.887,20.94,51
2026-05-26T10:05:55.687Z,2026-05-26T10:06:55.687Z,0,0.96,20.94,51
2026-05-26T10:06:55.852Z,2026-05-26T10:07:55.852Z,0,0.927,20.94,51
2026-05-26T10:07:56.117Z,2026-05-26T10:08:56.117Z,0,0.286,20.94,51
2026-05-26T10:08:56.280Z,2026-05-26T10:09:56.280Z,0,0.864,20.94,51
2026-05-26T10:09:56.446Z,2026-05-26T10:10:56.446Z,0,0.997,20.94,51
2026-05-26T10:10:56.509Z,2026-05-26T10:11:56.509Z,0,0.907,20.94,51
2026-05-26T10:11:56.674Z,2026-05-26T10:12:56.674Z,0,0.977,20.94,51
2026-05-26T10:12:56.838Z,2026-05-26T10:13:56.838Z,0,0.973,20.94,51
2026-05-26T10:13:56.904Z,2026-05-26T10:14:56.904Z,0,0.611,20.94,51
2026-05-26T10:14:57.068Z,2026-05-26T10:15:57.068Z,1,0.14,20.94,51
2026-05-26T10:15:57.232Z,2026-05-26T10:16:57.232Z,0,0.07,20.94,51
2026-05-26T10:17:57.460Z,2026-05-26T10:18:57.460Z,0,0.153,20.94,51
2026-05-26T10:19:57.690Z,2026-05-26T10:20:57.690Z,0,0.116,20.94,51
2026-05-26T10:20:57.855Z,2026-05-26T10:21:57.855Z,0,0.093,20.94,51
2026-05-26T10:24:58.312Z,2026-05-26T10:25:58.312Z,0,0.013,20.94,51
2026-05-26T10:26:58.641Z,2026-05-26T10:27:58.641Z,0,0.19,20.94,51
2026-05-26T10:27:58.706Z,2026-05-26T10:28:58.706Z,0,0.096,20.94,51
2026-05-26T10:30:59.098Z,2026-05-26T10:31:59.098Z,0,0.037,20.94,51
2026-05-26T10:31:59.263Z,2026-05-26T10:32:59.263Z,0,0.007,20.94,51
2026-05-26T10:32:59.427Z,2026-05-26T10:33:59.427Z,0,0.363,20.94,51
2026-05-26T10:33:59.493Z,2026-05-26T10:34:59.493Z,0,0.047,20.94,51
2026-05-26T10:34:59.657Z,2026-05-26T10:35:59.657Z,0,0.186,20.94,51
2026-05-26T10:35:59.822Z,2026-05-26T10:36:59.822Z,0,0.11,20.94,51
2026-05-26T10:36:59.885Z,2026-05-26T10:37:59.885Z,0,0.339,20.94,51
2026-05-26T10:38:00.049Z,2026-05-26T10:39:00.049Z,0,0.053,20.94,51
2026-05-26T10:40:00.279Z,2026-05-26T10:41:00.279Z,0,0.525,20.94,51
2026-05-26T10:41:00.444Z,2026-05-26T10:42:00.444Z,0,0.207,20.94,51
2026-05-26T10:42:00.507Z,2026-05-26T10:43:00.507Z,0,0.116,20.94,51
2026-05-26T10:43:00.673Z,2026-05-26T10:44:00.673Z,0,0.066,20.94,51
2026-05-26T10:44:00.836Z,2026-05-26T10:45:00.836Z,0,0.63,20.94,51
2026-05-26T10:45:00.901Z,2026-05-26T10:46:00.901Z,0,0.252,20.94,51
2026-05-26T10:46:01.065Z,2026-05-26T10:47:01.065Z,1,0.093,20.94,51
2026-05-26T10:47:01.230Z,2026-05-26T10:48:01.230Z,0,0.15,20.94,51
2026-05-26T10:48:01.295Z,2026-05-26T10:49:01.295Z,0,0.163,20.94,51
2026-05-26T10:49:01.460Z,2026-05-26T10:50:01.460Z,0,0.06,20.94,51
2026-05-26T10:50:01.624Z,2026-05-26T10:51:01.624Z,0,0.12,20.94,51
2026-05-26T10:51:01.687Z,2026-05-26T10:52:01.687Z,0,0.203,20.94,51
2026-05-26T10:52:01.852Z,2026-05-26T10:53:01.852Z,1,0.482,20.94,51
2026-05-26T10:53:02.016Z,2026-05-26T10:54:02.016Z,0,0.073,20.94,51
2026-05-26T10:54:02.082Z,2026-05-26T10:55:02.082Z,0,0.003,20.94,51
2026-05-26T10:55:02.246Z,2026-05-26T10:56:02.246Z,0,0.04,20.94,51
2026-05-26T10:56:02.311Z,2026-05-26T10:57:02.311Z,0,0.485,20.94,51
2026-05-26T10:57:02.474Z,2026-05-26T10:58:02.474Z,0,0.179,20.94,51
2026-05-26T10:58:02.640Z,2026-05-26T10:59:02.640Z,0,0.307,20.94,51
2026-05-26T10:59:02.703Z,2026-05-26T11:00:02.703Z,0,0.249,20.94,51
2026-05-26T11:00:02.868Z,2026-05-26T11:01:02.868Z,0,0.183,20.94,51
2026-05-26T11:01:03.032Z,2026-05-26T11:02:03.032Z,0,0.013,20.94,51
2026-05-26T11:04:03.426Z,2026-05-26T11:05:03.426Z,0,0.037,20.94,51
2026-05-26T11:05:03.490Z,2026-05-26T11:06:03.490Z,0,0.362,20.94,51
2026-05-26T11:06:03.654Z,2026-05-26T11:07:03.654Z,0,0.11,20.94,51
2026-05-26T11:07:03.819Z,2026-05-26T11:08:03.819Z,0,0.073,20.94,51
2026-05-26T11:08:03.884Z,2026-05-26T11:09:03.884Z,0,0.392,20.94,51
2026-05-26T11:09:04.049Z,2026-05-26T11:10:04.049Z,0,0.487,20.94,51
2026-05-26T11:10:04.112Z,2026-05-26T11:11:04.112Z,0,0.203,20.94,51
2026-05-26T11:11:04.276Z,2026-05-26T11:12:04.276Z,0,0.286,20.94,51
2026-05-26T11:12:04.441Z,2026-05-26T11:13:04.441Z,0,0.173,20.94,51
2026-05-26T11:13:04.506Z,2026-05-26T11:14:04.506Z,0,0.159,20.94,51
2026-05-26T11:14:04.671Z,2026-05-26T11:15:04.671Z,0,0.794,20.94,51
2026-05-26T11:15:04.835Z,2026-05-26T11:16:04.835Z,1,0.55,20.94,51
2026-05-26T11:16:04.900Z,2026-05-26T11:17:04.900Z,0,0.249,20.94,51
2026-05-26T11:17:05.063Z,2026-05-26T11:18:05.063Z,0,0.076,20.94,51
2026-05-26T11:18:05.227Z,2026-05-26T11:19:05.227Z,0,0.017,20.94,51
2026-05-26T11:19:05.292Z,2026-05-26T11:20:05.292Z,0,0.027,20.94,51
2026-05-26T11:20:05.457Z,2026-05-26T11:21:05.457Z,0,0.136,20.94,51
2026-05-26T11:21:05.621Z,2026-05-26T11:22:05.621Z,0,0.457,20.94,51
2026-05-26T11:22:05.686Z,2026-05-26T11:23:05.686Z,0,0.372,20.94,51
2026-05-26T11:23:05.851Z,2026-05-26T11:24:05.851Z,0,0.183,20.94,51
2026-05-26T11:24:05.914Z,2026-05-26T11:25:05.914Z,0,0.601,20.94,51
2026-05-26T11:25:06.079Z,2026-05-26T11:26:06.079Z,0,0.721,20.94,51
2026-05-26T11:26:06.243Z,2026-05-26T11:27:06.243Z,0,0.66,20.94,51
2026-05-26T11:27:06.309Z,2026-05-26T11:28:06.309Z,0,0.439,20.94,51
2026-05-26T11:28:06.473Z,2026-05-26T11:29:06.473Z,0,0.598,20.94,51
2026-05-26T11:29:06.638Z,2026-05-26T11:30:06.638Z,0,0.673,20.94,51
2026-05-26T11:30:06.701Z,2026-05-26T11:31:06.701Z,2,0.302,20.94,51
2026-05-26T11:31:06.865Z,2026-05-26T11:32:06.865Z,0,0.279,20.94,51
2026-05-26T11:32:07.030Z,2026-05-26T11:33:07.030Z,0,0.843,20.94,51
2026-05-26T11:33:07.095Z,2026-05-26T11:34:07.095Z,0,0.395,20.94,51
2026-05-26T11:34:07.259Z,2026-05-26T11:35:07.259Z,0,0.296,20.94,51
2026-05-26T11:36:07.489Z,2026-05-26T11:37:07.489Z,0,0.163,20.94,51
2026-05-26T11:37:07.653Z,2026-05-26T11:38:07.653Z,0,0.083,20.94,51
2026-05-26T11:38:07.818Z,2026-05-26T11:39:07.818Z,0,0.45,20.94,51
2026-05-26T11:39:07.881Z,2026-05-26T11:40:07.881Z,0,0.585,20.94,51
2026-05-26T11:40:08.046Z,2026-05-26T11:41:08.046Z,0,0.037,20.94,51
2026-05-26T11:41:08.111Z,2026-05-26T11:42:08.111Z,0,0.193,20.94,51
2026-05-26T11:42:08.275Z,2026-05-26T11:43:08.275Z,0,0.047,20.94,51
2026-05-26T11:43:08.440Z,2026-05-26T11:44:08.440Z,0,0.113,20.94,51
2026-05-26T11:44:08.503Z,2026-05-26T11:45:08.503Z,0,0.096,20.94,51
2026-05-26T11:45:08.668Z,2026-05-26T11:46:08.668Z,0,0.236,20.94,51
2026-05-26T11:46:08.832Z,2026-05-26T11:47:08.832Z,0,0.367,20.94,51
2026-05-26T11:47:08.898Z,2026-05-26T11:48:08.898Z,0,0.359,20.94,51
2026-05-26T11:48:09.062Z,2026-05-26T11:49:09.062Z,0,0.538,20.94,51
2026-05-26T11:49:09.226Z,2026-05-26T11:50:09.226Z,0,0.82,20.94,51
2026-05-26T11:50:09.290Z,2026-05-26T11:51:09.290Z,0,0.193,20.94,51
2026-05-26T11:51:09.454Z,2026-05-26T11:52:09.454Z,0,0.847,20.94,51
2026-05-26T11:52:09.619Z,2026-05-26T11:53:09.619Z,0,0.337,20.94,51
2026-05-26T11:53:09.684Z,2026-05-26T11:54:09.684Z,0,0.256,20.94,51
2026-05-26T11:54:09.848Z,2026-05-26T11:55:09.848Z,0,0.113,20.94,51
2026-05-26T11:55:09.913Z,2026-05-26T11:56:09.913Z,0,0.186,20.94,51
2026-05-26T11:56:10.078Z,2026-05-26T11:57:10.078Z,0,0.219,20.94,51
2026-05-26T11:57:10.242Z,2026-05-26T11:58:10.242Z,0,0.263,20.94,51
2026-05-26T11:58:10.306Z,2026-05-26T11:59:10.306Z,0,0.591,20.94,51
2026-05-26T11:59:10.470Z,2026-05-26T12:00:10.470Z,0,0.126,20.94,51
2026-05-26T12:00:10.635Z,2026-05-26T12:01:10.635Z,0,0.337,20.94,51
2026-05-26T12:01:10.700Z,2026-05-26T12:02:10.700Z,1,0.326,20.94,51
2026-05-26T12:02:10.864Z,2026-05-26T12:03:10.864Z,0,0.505,20.94,51
2026-05-26T12:03:11.029Z,2026-05-26T12:04:11.029Z,0,0.12,20.94,51
2026-05-26T12:04:11.092Z,2026-05-26T12:05:11.092Z,0,0.159,20.94,51
2026-05-26T12:05:11.257Z,2026-05-26T12:06:11.257Z,0,0.05,20.94,51
2026-05-26T12:06:11.421Z,2026-05-26T12:07:11.421Z,0,0.547,20.94,51
2026-05-26T12:07:11.486Z,2026-05-26T12:08:11.486Z,0,0.684,20.94,51
2026-05-26T12:09:11.716Z,2026-05-26T12:10:11.716Z,0,0.037,20.94,51
2026-05-26T12:11:12.043Z,2026-05-26T12:12:12.043Z,0,0.093,20.94,51
2026-05-26T12:13:12.273Z,2026-05-26T12:14:12.273Z,0,0.189,20.94,51
2026-05-26T12:14:12.437Z,2026-05-26T12:15:12.437Z,0,0.1,20.94,51
2026-05-26T12:15:12.502Z,2026-05-26T12:16:12.502Z,3,0.106,20.94,51
2026-05-26T12:16:12.667Z,2026-05-26T12:17:12.667Z,0,0.06,20.94,51
2026-05-26T12:18:12.895Z,2026-05-26T12:19:12.895Z,0,0.532,20.94,51
2026-05-26T12:19:13.059Z,2026-05-26T12:20:13.059Z,0,0.076,20.94,51
2026-05-26T12:20:13.223Z,2026-05-26T12:21:13.223Z,0,0.76,20.94,51
2026-05-26T12:21:13.289Z,2026-05-26T12:22:13.289Z,0,0.704,20.94,51
2026-05-26T12:22:13.453Z,2026-05-26T12:23:13.453Z,0,0.578,20.94,51
2026-05-26T12:23:13.618Z,2026-05-26T12:24:13.618Z,0,0.207,20.94,51
2026-05-26T12:24:13.681Z,2026-05-26T12:25:13.681Z,0,0.505,20.94,51
2026-05-26T12:25:13.846Z,2026-05-26T12:26:13.846Z,0,0.727,20.94,51
2026-05-26T12:26:13.911Z,2026-05-26T12:27:13.911Z,0,0.166,20.94,51
2026-05-26T12:27:14.075Z,2026-05-26T12:28:14.075Z,0,0.017,20.94,51
2026-05-26T12:28:14.240Z,2026-05-26T12:29:14.240Z,0,0.01,20.94,51
2026-05-26T12:29:14.305Z,2026-05-26T12:30:14.305Z,0,0.116,20.94,51
2026-05-26T12:30:14.469Z,2026-05-26T12:31:14.469Z,0,0.256,20.94,51
2026-05-26T12:31:14.632Z,2026-05-26T12:32:14.632Z,0,0.097,20.94,51
2026-05-26T12:32:14.697Z,2026-05-26T12:33:14.697Z,0,0.176,20.94,51
2026-05-26T12:33:14.861Z,2026-05-26T12:34:14.861Z,1,0.226,20.94,51
2026-05-26T12:34:15.026Z,2026-05-26T12:35:15.026Z,0,0.68,20.94,51
2026-05-26T12:35:15.091Z,2026-05-26T12:36:15.091Z,0,0.581,20.94,51
2026-05-26T12:36:15.256Z,2026-05-26T12:37:15.256Z,0,0.854,20.94,51
2026-05-26T12:37:15.420Z,2026-05-26T12:38:15.420Z,0,0.667,20.94,51
2026-05-26T12:38:15.484Z,2026-05-26T12:39:15.484Z,1,0.359,20.94,51
2026-05-26T12:39:15.648Z,2026-05-26T12:40:15.648Z,3,0.33,20.94,51
2026-05-26T12:40:15.713Z,2026-05-26T12:41:15.713Z,0,0.073,20.94,51
2026-05-26T19:17:07.038Z,2026-05-26T19:18:07.038Z,2,0.58,20.94,51
2026-05-26T19:18:07.101Z,2026-05-26T19:19:07.101Z,2,0.309,20.94,51
2026-05-26T19:19:07.266Z,2026-05-26T19:20:07.266Z,1,0.017,20.94,51
2026-05-27T01:44:57.282Z,2026-05-27T01:45:57.282Z,0,0.043,20.94,51
2026-05-27T02:56:06.457Z,2026-05-27T02:57:06.457Z,2,0.452,20.94,51
2026-05-27T02:57:06.621Z,2026-05-27T02:58:06.621Z,0,0.537,20.94,51
2026-05-27T02:58:06.687Z,2026-05-27T02:59:06.687Z,0,0.259,20.94,51
2026-05-27T02:59:06.851Z,2026-05-27T03:00:06.851Z,0,0.17,20.94,51
2026-05-27T03:00:06.914Z,2026-05-27T03:01:06.914Z,0,0.279,20.94,51
2026-05-27T03:01:07.079Z,2026-05-27T03:02:07.079Z,0,0.146,20.94,51
2026-05-27T03:02:07.243Z,2026-05-27T03:03:07.243Z,0,0.343,20.94,51
2026-05-27T03:03:07.309Z,2026-05-27T03:04:07.309Z,0,0.216,20.94,51
2026-05-27T03:04:07.473Z,2026-05-27T03:05:07.473Z,4,0.229,20.94,51
2026-05-27T03:05:07.637Z,2026-05-27T03:06:07.637Z,2,0.247,20.94,51
2026-05-27T03:08:08.030Z,2026-05-27T03:09:08.030Z,1,0.093,20.94,51
2026-05-27T03:09:08.095Z,2026-05-27T03:10:08.095Z,10,1.488,20.94,51
2026-05-27T03:10:08.259Z,2026-05-27T03:11:08.259Z,7,1.382,20.94,51
2026-05-27T03:12:08.489Z,2026-05-27T03:13:08.489Z,5,0.359,20.94,51
2026-05-27T03:13:08.653Z,2026-05-27T03:14:08.653Z,3,0.615,20.94,51
2026-05-27T03:14:08.816Z,2026-05-27T03:15:08.816Z,0,0.26,20.94,51
2026-05-27T03:15:08.881Z,2026-05-27T03:16:08.881Z,3,0.093,20.94,51
2026-05-27T03:19:09.440Z,2026-05-27T03:20:09.440Z,0,0.033,20.94,51
2026-05-27T03:20:09.503Z,2026-05-27T03:21:09.503Z,0,0.047,20.94,51
2026-05-27T03:24:10.062Z,2026-05-27T03:25:10.062Z,1,0.083,20.94,51
2026-05-27T03:25:10.226Z,2026-05-27T03:26:10.226Z,1,0.127,20.94,51
2026-05-27T03:29:10.684Z,2026-05-27T03:30:10.684Z,0,0.007,20.94,51
2026-05-27T03:30:10.848Z,2026-05-27T03:31:10.848Z,1,0.1,20.94,51
2026-05-27T03:34:11.305Z,2026-05-27T03:35:11.305Z,1,0.083,20.94,51
2026-05-27T03:35:11.470Z,2026-05-27T03:36:11.470Z,0,0.013,20.94,51
2026-05-27T03:38:11.864Z,2026-05-27T03:39:11.864Z,3,0.462,20.94,51
2026-05-27T03:39:12.028Z,2026-05-27T03:40:12.028Z,2,0.067,20.94,51
2026-05-27T03:40:12.092Z,2026-05-27T03:41:12.092Z,2,0.143,20.94,51
2026-05-27T03:41:12.256Z,2026-05-27T03:42:12.256Z,3,0.385,20.94,51
2026-05-27T03:42:12.421Z,2026-05-27T03:43:12.421Z,2,0.09,20.94,51
2026-05-27T03:43:12.486Z,2026-05-27T03:44:12.486Z,2,0.216,20.94,51
2026-05-27T03:44:12.650Z,2026-05-27T03:45:12.650Z,2,0.613,20.94,51
2026-05-27T03:45:12.714Z,2026-05-27T03:46:12.714Z,4,0.312,20.94,51
2026-05-27T03:46:12.878Z,2026-05-27T03:47:12.878Z,1,0.186,20.94,51
2026-05-27T03:47:13.043Z,2026-05-27T03:48:13.043Z,2,0.647,20.94,51
2026-05-27T03:48:13.108Z,2026-05-27T03:49:13.108Z,0,0.492,20.94,51
2026-05-27T03:49:13.273Z,2026-05-27T03:50:13.273Z,1,0.591,20.94,51
2026-05-27T03:50:13.437Z,2026-05-27T03:51:13.437Z,1,0.82,20.94,51
2026-05-27T03:51:13.500Z,2026-05-27T03:52:13.500Z,0,0.571,20.94,51
2026-05-27T03:52:13.665Z,2026-05-27T03:53:13.665Z,2,0.189,20.94,51
2026-05-27T03:53:13.829Z,2026-05-27T03:54:13.829Z,3,0.253,20.94,51
2026-05-27T03:54:13.894Z,2026-05-27T03:55:13.894Z,1,0.259,20.94,51
2026-05-27T03:55:14.059Z,2026-05-27T03:56:14.059Z,2,0.169,20.94,51
2026-05-27T03:56:14.223Z,2026-05-27T03:57:14.223Z,2,0.387,20.94,51
2026-05-27T03:58:14.451Z,2026-05-27T03:59:14.451Z,1,0.05,20.94,51
2026-05-27T03:59:14.516Z,2026-05-27T04:00:14.516Z,1,0.133,20.94,51
2026-05-27T04:01:14.845Z,2026-05-27T04:02:14.845Z,0,0.22,20.94,51
2026-05-27T04:05:15.302Z,2026-05-27T04:06:15.302Z,2,0.05,20.94,51
2026-05-27T04:07:15.631Z,2026-05-27T04:08:15.631Z,0,0.063,20.94,51
2026-05-27T04:08:15.697Z,2026-05-27T04:09:15.697Z,1,0.841,20.94,51
2026-05-27T04:09:15.861Z,2026-05-27T04:10:15.861Z,0,0.887,20.94,51
2026-05-27T04:10:16.026Z,2026-05-27T04:11:16.026Z,0,1.317,20.94,51
2026-05-27T04:11:16.089Z,2026-05-27T04:12:16.089Z,0,0.266,20.94,51
2026-05-27T04:12:16.255Z,2026-05-27T04:13:16.255Z,0,0.183,20.94,51
2026-05-27T04:13:16.418Z,2026-05-27T04:14:16.418Z,1,0.34,20.94,51
2026-05-27T04:14:16.483Z,2026-05-27T04:15:16.483Z,0,0.203,20.94,51
2026-05-27T04:15:16.648Z,2026-05-27T04:16:16.648Z,2,0.573,20.94,51
2026-05-27T04:16:16.711Z,2026-05-27T04:17:16.711Z,2,0.721,20.94,51
2026-05-27T04:17:16.877Z,2026-05-27T04:18:16.877Z,4,0.482,20.94,51
2026-05-27T04:18:17.040Z,2026-05-27T04:19:17.040Z,2,0.623,20.94,51
2026-05-27T04:19:17.105Z,2026-05-27T04:20:17.105Z,2,0.382,20.94,51
2026-05-27T04:20:17.269Z,2026-05-27T04:21:17.269Z,0,0.336,20.94,51
2026-05-27T04:21:17.434Z,2026-05-27T04:22:17.434Z,0,0.097,20.94,51
2026-05-27T04:22:17.499Z,2026-05-27T04:23:17.499Z,0,0.631,20.94,51
2026-05-27T04:23:17.663Z,2026-05-27T04:24:17.663Z,1,0.223,20.94,51
2026-05-27T04:24:17.828Z,2026-05-27T04:25:17.828Z,0,0.197,20.94,51
2026-05-27T04:25:17.891Z,2026-05-27T04:26:17.891Z,0,0.013,20.94,51
2026-05-27T04:26:18.056Z,2026-05-27T04:27:18.056Z,0,0.282,20.94,51
2026-05-27T04:27:18.220Z,2026-05-27T04:28:18.220Z,0,0.877,20.94,51
2026-05-27T04:28:18.286Z,2026-05-27T04:29:18.286Z,3,0.877,20.94,51
2026-05-27T04:29:18.450Z,2026-05-27T04:30:18.450Z,1,0.973,20.94,51
2026-05-27T04:30:18.513Z,2026-05-27T04:31:18.513Z,1,1.0,20.94,51
2026-05-27T04:31:18.678Z,2026-05-27T04:32:18.678Z,0,0.741,20.94,51
2026-05-27T04:32:18.842Z,2026-05-27T04:33:18.842Z,1,0.52,20.94,51
2026-05-27T04:33:18.907Z,2026-05-27T04:34:18.907Z,2,0.399,20.94,51
2026-05-27T04:34:19.072Z,2026-05-27T04:35:19.072Z,0,0.209,20.94,51
2026-05-27T04:35:19.236Z,2026-05-27T04:36:19.236Z,1,0.79,20.94,51
2026-05-27T04:36:19.301Z,2026-05-27T04:37:19.301Z,0,0.797,20.94,51
2026-05-27T04:37:19.466Z,2026-05-27T04:38:19.466Z,1,0.482,20.94,51
2026-05-27T04:38:19.630Z,2026-05-27T04:39:19.630Z,0,0.473,20.94,51
2026-05-27T04:39:19.694Z,2026-05-27T04:40:19.694Z,3,1.296,20.94,51
2026-05-27T04:40:19.858Z,2026-05-27T04:41:19.858Z,0,2.14,20.94,51
2026-05-27T04:41:20.023Z,2026-05-27T04:42:20.023Z,2,1.853,20.94,51
2026-05-27T04:42:20.088Z,2026-05-27T04:43:20.088Z,2,0.472,20.94,51
2026-05-27T04:44:20.316Z,2026-05-27T04:45:20.316Z,0,0.302,20.94,51
2026-05-27T04:45:20.480Z,2026-05-27T04:46:20.480Z,1,0.801,20.94,51
2026-05-27T04:55:21.825Z,2026-05-27T04:56:21.825Z,3,0.117,20.94,51
2026-05-27T04:57:22.053Z,2026-05-27T04:58:22.053Z,1,0.123,20.94,51
2026-05-27T05:11:23.855Z,2026-05-27T05:12:23.855Z,0,0.12,20.94,51
2026-05-27T05:34:26.838Z,2026-05-27T05:35:26.838Z,0,0.133,20.94,51
2026-05-27T05:48:28.641Z,2026-05-27T05:49:28.641Z,0,0.253,20.94,51
2026-05-27T05:49:28.706Z,2026-05-27T05:50:28.706Z,0,0.033,20.94,51
2026-05-27T05:53:29.263Z,2026-05-27T05:54:29.263Z,1,0.086,20.94,51
2026-05-27T05:56:29.657Z,2026-05-27T05:57:29.657Z,3,0.063,20.94,51
2026-05-27T05:59:30.049Z,2026-05-27T06:00:30.049Z,3,0.177,20.94,51
2026-05-27T06:02:30.443Z,2026-05-27T06:03:30.443Z,0,0.01,20.94,51
2026-05-27T06:05:30.836Z,2026-05-27T06:06:30.836Z,1,0.067,20.94,51
2026-05-27T06:06:30.901Z,2026-05-27T06:07:30.901Z,0,0.033,20.94,51
2026-05-27T06:07:31.065Z,2026-05-27T06:08:31.065Z,3,0.339,20.94,51
2026-05-27T06:08:31.230Z,2026-05-27T06:09:31.230Z,0,0.767,20.94,51
2026-05-27T06:09:31.295Z,2026-05-27T06:10:31.295Z,0,0.711,20.94,51
2026-05-27T06:10:31.459Z,2026-05-27T06:11:31.459Z,0,0.601,20.94,51
2026-05-27T06:11:31.622Z,2026-05-27T06:12:31.622Z,0,0.653,20.94,51
2026-05-27T06:12:31.687Z,2026-05-27T06:13:31.687Z,0,0.578,20.94,51
2026-05-27T06:13:31.851Z,2026-05-27T06:14:31.851Z,1,0.367,20.94,51
2026-05-27T06:24:33.260Z,2026-05-27T06:25:33.260Z,3,0.103,20.94,51
2026-05-27T06:25:33.426Z,2026-05-27T06:26:33.426Z,2,0.123,20.94,51
2026-05-27T06:26:33.490Z,2026-05-27T06:27:33.490Z,2,0.073,20.94,51
2026-05-27T06:52:36.865Z,2026-05-27T06:53:36.865Z,1,0.083,20.94,51
2026-05-27T06:57:37.487Z,2026-05-27T06:58:37.487Z,4,0.256,20.94,51
2026-05-27T07:02:38.109Z,2026-05-27T07:03:38.109Z,1,0.01,20.94,51
2026-05-27T07:03:38.275Z,2026-05-27T07:04:38.275Z,0,0.003,20.94,51
2026-05-27T07:12:39.454Z,2026-05-27T07:13:39.454Z,0,0.003,20.94,51
2026-05-27T07:14:39.684Z,2026-05-27T07:15:39.684Z,2,0.04,20.94,51
2026-05-27T07:18:40.242Z,2026-05-27T07:19:40.242Z,3,0.097,20.94,51
2026-05-27T07:19:40.305Z,2026-05-27T07:20:40.305Z,1,0.113,20.94,51
2026-05-27T07:40:43.059Z,2026-05-27T07:41:43.059Z,6,0.342,20.94,51
2026-05-27T07:41:43.223Z,2026-05-27T07:42:43.223Z,1,0.107,20.94,51
2026-05-27T07:42:43.288Z,2026-05-27T07:43:43.288Z,2,0.209,20.94,51
2026-05-27T07:45:43.881Z,2026-05-27T07:46:43.881Z,2,0.143,20.94,51
2026-05-27T07:46:44.046Z,2026-05-27T07:47:44.046Z,3,0.34,20.94,51
2026-05-27T07:57:45.454Z,2026-05-27T07:58:45.454Z,2,0.063,20.94,51
2026-05-27T08:03:46.242Z,2026-05-27T08:04:46.242Z,2,0.2,20.94,51
2026-05-27T08:04:46.305Z,2026-05-27T08:05:46.305Z,5,0.555,20.94,51
2026-05-27T08:05:46.470Z,2026-05-27T08:06:46.470Z,0,0.08,20.94,51
2026-05-27T08:17:48.043Z,2026-05-27T08:18:48.043Z,2,0.083,20.94,51
2026-05-27T08:18:48.108Z,2026-05-27T08:19:48.108Z,4,0.442,20.94,51
2026-05-27T09:10:54.859Z,2026-05-27T09:11:54.859Z,0,0.003,20.94,51
2026-05-27T09:11:55.023Z,2026-05-27T09:12:55.023Z,0,0.007,20.94,51
2026-05-27T09:12:55.088Z,2026-05-27T09:13:55.088Z,0,0.033,20.94,51
2026-05-27T09:13:55.253Z,2026-05-27T09:14:55.253Z,0,0.053,20.94,51
2026-05-27T09:14:55.417Z,2026-05-27T09:15:55.417Z,2,0.11,20.94,51
2026-05-27T09:15:55.482Z,2026-05-27T09:16:55.482Z,0,0.233,20.94,51
2026-05-27T09:16:55.647Z,2026-05-27T09:17:55.647Z,1,0.283,20.94,51
2026-05-27T09:17:55.710Z,2026-05-27T09:18:55.710Z,0,0.375,20.94,51
2026-05-27T09:18:55.875Z,2026-05-27T09:19:55.875Z,0,0.06,20.94,51
2026-05-27T19:17:12.861Z,2026-05-27T19:18:12.861Z,4,0.299,20.94,51
2026-05-27T23:11:43.069Z,2026-05-27T23:12:43.069Z,0,0.04,20.94,51
2026-05-27T23:12:43.233Z,2026-05-27T23:13:43.233Z,0,0.927,20.94,51
2026-05-27T23:13:43.298Z,2026-05-27T23:14:43.298Z,0,0.478,20.94,51
2026-05-28T00:49:55.661Z,2026-05-28T00:50:55.661Z,0,0.017,20.94,51
2026-05-28T00:50:55.825Z,2026-05-28T00:51:55.825Z,0,0.213,20.94,51
2026-05-28T00:51:55.890Z,2026-05-28T00:52:55.890Z,0,0.568,20.94,51
2026-05-28T00:52:56.055Z,2026-05-28T00:53:56.055Z,0,0.375,20.94,51
2026-05-28T01:48:03.299Z,2026-05-28T01:49:03.299Z,2,0.047,20.94,51
2026-05-28T02:11:06.282Z,2026-05-28T02:12:06.282Z,0,0.007,20.94,51
2026-05-28T02:12:06.446Z,2026-05-28T02:13:06.446Z,0,0.153,20.94,51
2026-05-28T03:44:18.275Z,2026-05-28T03:45:18.275Z,3,0.488,20.94,51
2026-05-28T03:45:18.438Z,2026-05-28T03:46:18.438Z,1,0.103,20.94,51
2026-05-28T03:56:19.848Z,2026-05-28T03:57:19.848Z,1,0.073,20.94,51
2026-05-28T03:57:19.913Z,2026-05-28T03:58:19.913Z,2,0.508,20.94,51
2026-05-28T03:58:20.076Z,2026-05-28T03:59:20.076Z,0,0.113,20.94,51
2026-05-28T04:14:22.108Z,2026-05-28T04:15:22.108Z,6,0.306,20.94,51
2026-05-28T04:15:22.272Z,2026-05-28T04:16:22.272Z,1,0.023,20.94,51
2026-05-28T04:31:24.302Z,2026-05-28T04:32:24.302Z,4,0.15,20.94,51
2026-05-28T04:32:24.467Z,2026-05-28T04:33:24.467Z,1,0.04,20.94,51
2026-05-28T04:50:26.828Z,2026-05-28T04:51:26.828Z,2,0.293,20.94,51
2026-05-28T04:51:26.891Z,2026-05-28T04:52:26.891Z,1,0.103,20.94,51
2026-05-28T05:14:29.875Z,2026-05-28T05:15:29.875Z,2,0.532,20.94,51
2026-05-28T05:20:30.661Z,2026-05-28T05:21:30.661Z,1,0.176,20.94,51
2026-05-28T05:21:30.825Z,2026-05-28T05:22:30.825Z,2,0.123,20.94,51
2026-05-28T05:22:30.890Z,2026-05-28T05:23:30.890Z,2,0.276,20.94,51
2026-05-28T05:51:34.658Z,2026-05-28T05:52:34.658Z,4,0.352,20.94,51
2026-05-28T06:06:36.625Z,2026-05-28T06:07:36.625Z,2,0.41,20.94,51
2026-05-28T06:12:37.312Z,2026-05-28T06:13:37.312Z,5,0.581,20.94,51
2026-05-28T06:13:37.476Z,2026-05-28T06:14:37.476Z,4,0.748,20.94,51
2026-05-28T06:14:37.641Z,2026-05-28T06:15:37.641Z,2,0.093,20.94,51
2026-05-28T06:16:37.871Z,2026-05-28T06:17:37.871Z,2,0.066,20.94,51
2026-05-28T06:17:38.035Z,2026-05-28T06:18:38.035Z,0,0.003,20.94,51
2026-05-28T06:20:38.428Z,2026-05-28T06:21:38.428Z,2,0.087,20.94,51
2026-05-28T06:21:38.493Z,2026-05-28T06:22:38.493Z,0,0.01,20.94,51
2026-05-28T06:22:38.657Z,2026-05-28T06:23:38.657Z,0,0.08,20.94,51
2026-05-28T06:23:38.822Z,2026-05-28T06:24:38.822Z,0,0.16,20.94,51
2026-05-28T06:24:38.885Z,2026-05-28T06:25:38.885Z,0,0.688,20.94,51
2026-05-28T06:25:39.051Z,2026-05-28T06:26:39.051Z,1,0.273,20.94,51
2026-05-28T06:26:39.115Z,2026-05-28T06:27:39.115Z,3,0.708,20.94,51
2026-05-28T06:27:39.279Z,2026-05-28T06:28:39.279Z,2,1.01,20.94,51
2026-05-28T06:28:39.444Z,2026-05-28T06:29:39.444Z,4,1.26,20.94,51
2026-05-28T06:29:39.509Z,2026-05-28T06:30:39.509Z,4,0.804,20.94,51
2026-05-28T06:30:39.673Z,2026-05-28T06:31:39.673Z,5,1.11,20.94,51
2026-05-28T06:31:39.836Z,2026-05-28T06:32:39.836Z,3,0.887,20.94,51
2026-05-28T06:32:39.901Z,2026-05-28T06:33:39.901Z,0,1.126,20.94,51
2026-05-28T06:33:40.065Z,2026-05-28T06:34:40.065Z,0,0.532,20.94,51
2026-05-28T06:35:40.295Z,2026-05-28T06:36:40.295Z,0,0.103,20.94,51
2026-05-28T06:36:40.460Z,2026-05-28T06:37:40.460Z,0,0.04,20.94,51
2026-05-28T06:37:40.624Z,2026-05-28T06:38:40.624Z,0,0.213,20.94,51
2026-05-28T06:38:40.688Z,2026-05-28T06:39:40.688Z,0,0.003,20.94,51
2026-05-28T06:40:41.017Z,2026-05-28T06:41:41.017Z,0,0.33,20.94,51
2026-05-28T06:41:41.082Z,2026-05-28T06:42:41.082Z,0,0.063,20.94,51
2026-05-28T06:42:41.246Z,2026-05-28T06:43:41.246Z,0,0.047,20.94,51
2026-05-28T06:43:41.311Z,2026-05-28T06:44:41.311Z,0,0.037,20.94,51
2026-05-28T06:45:41.640Z,2026-05-28T06:46:41.640Z,0,0.007,20.94,51
2026-05-28T06:48:42.032Z,2026-05-28T06:49:42.032Z,0,0.003,20.94,51
2026-05-28T06:49:42.098Z,2026-05-28T06:50:42.098Z,0,0.027,20.94,51
2026-05-28T06:50:42.262Z,2026-05-28T06:51:42.262Z,0,0.252,20.94,51
2026-05-28T06:52:42.490Z,2026-05-28T06:53:42.490Z,0,0.003,20.94,51
2026-05-28T06:53:42.654Z,2026-05-28T06:54:42.654Z,0,0.169,20.94,51
2026-05-28T06:54:42.819Z,2026-05-28T06:55:42.819Z,0,0.02,20.94,51
2026-05-28T06:55:42.884Z,2026-05-28T06:56:42.884Z,0,0.066,20.94,51
2026-05-28T06:56:43.049Z,2026-05-28T06:57:43.049Z,0,0.157,20.94,51
2026-05-28T06:57:43.112Z,2026-05-28T06:58:43.112Z,0,0.023,20.94,51
2026-05-28T06:58:43.278Z,2026-05-28T06:59:43.278Z,0,0.023,20.94,51
2026-05-28T06:59:43.441Z,2026-05-28T07:00:43.441Z,0,0.033,20.94,51
2026-05-28T07:00:43.506Z,2026-05-28T07:01:43.506Z,0,0.196,20.94,51
2026-05-28T07:01:43.671Z,2026-05-28T07:02:43.671Z,0,0.027,20.94,51
2026-05-28T07:02:43.835Z,2026-05-28T07:03:43.835Z,0,0.007,20.94,51
2026-05-28T07:03:43.900Z,2026-05-28T07:04:43.900Z,0,0.01,20.94,51
2026-05-28T07:06:44.292Z,2026-05-28T07:07:44.292Z,0,0.007,20.94,51
2026-05-28T07:07:44.457Z,2026-05-28T07:08:44.457Z,0,0.13,20.94,51
2026-05-28T07:08:44.621Z,2026-05-28T07:09:44.621Z,0,0.033,20.94,51
2026-05-28T07:09:44.687Z,2026-05-28T07:10:44.687Z,0,0.017,20.94,51
2026-05-28T07:10:44.851Z,2026-05-28T07:11:44.851Z,0,0.06,20.94,51
2026-05-28T07:11:44.915Z,2026-05-28T07:12:44.915Z,0,0.003,20.94,51
2026-05-28T07:12:45.079Z,2026-05-28T07:13:45.079Z,0,0.017,20.94,51
2026-05-28T07:13:45.244Z,2026-05-28T07:14:45.244Z,0,0.01,20.94,51
2026-05-28T07:14:45.309Z,2026-05-28T07:15:45.309Z,0,0.063,20.94,51
2026-05-28T07:15:45.473Z,2026-05-28T07:16:45.473Z,0,0.003,20.94,51
2026-05-28T07:16:45.638Z,2026-05-28T07:17:45.638Z,0,0.233,20.94,51
2026-05-28T07:17:45.701Z,2026-05-28T07:18:45.701Z,0,0.013,20.94,51
2026-05-28T07:18:45.867Z,2026-05-28T07:19:45.867Z,0,0.007,20.94,51
2026-05-28T07:20:46.095Z,2026-05-28T07:21:46.095Z,0,0.01,20.94,51
2026-05-28T07:23:46.489Z,2026-05-28T07:24:46.489Z,0,0.143,20.94,51
2026-05-28T07:24:46.653Z,2026-05-28T07:25:46.653Z,0,0.017,20.94,51
2026-05-28T07:25:46.818Z,2026-05-28T07:26:46.818Z,0,0.003,20.94,51
2026-05-28T07:27:47.046Z,2026-05-28T07:28:47.046Z,0,0.027,20.94,51
2026-05-28T07:29:47.276Z,2026-05-28T07:30:47.276Z,0,0.329,20.94,51
2026-05-28T07:30:47.440Z,2026-05-28T07:31:47.440Z,0,0.043,20.94,51
2026-05-28T07:31:47.505Z,2026-05-28T07:32:47.505Z,0,0.013,20.94,51
2026-05-28T07:33:47.834Z,2026-05-28T07:34:47.834Z,0,0.003,20.94,51
2026-05-28T07:34:47.898Z,2026-05-28T07:35:47.898Z,0,0.007,20.94,51
2026-05-28T07:35:48.062Z,2026-05-28T07:36:48.062Z,0,0.143,20.94,51
2026-05-28T07:36:48.226Z,2026-05-28T07:37:48.226Z,0,0.313,20.94,51
2026-05-28T07:39:48.619Z,2026-05-28T07:40:48.619Z,0,0.01,20.94,51
2026-05-28T07:40:48.684Z,2026-05-28T07:41:48.684Z,0,0.043,20.94,51
2026-05-28T07:41:48.848Z,2026-05-28T07:42:48.848Z,0,0.057,20.94,51
2026-05-28T07:42:48.914Z,2026-05-28T07:43:48.914Z,0,0.003,20.94,51
2026-05-28T07:44:49.243Z,2026-05-28T07:45:49.243Z,0,0.01,20.94,51
2026-05-28T07:49:49.865Z,2026-05-28T07:50:49.865Z,0,0.003,20.94,51
2026-05-28T07:50:50.029Z,2026-05-28T07:51:50.029Z,0,0.02,20.94,51
2026-05-28T07:51:50.094Z,2026-05-28T07:52:50.094Z,0,0.043,20.94,51
2026-05-28T07:52:50.257Z,2026-05-28T07:53:50.257Z,0,0.01,20.94,51
2026-05-28T07:53:50.423Z,2026-05-28T07:54:50.423Z,0,0.007,20.94,51
2026-05-28T07:54:50.486Z,2026-05-28T07:55:50.486Z,0,0.003,20.94,51
2026-05-28T07:56:50.716Z,2026-05-28T07:57:50.716Z,0,0.007,20.94,51
2026-05-28T08:25:54.484Z,2026-05-28T08:26:54.484Z,0,0.133,20.94,51
2026-05-28T08:26:54.650Z,2026-05-28T08:27:54.650Z,0,0.027,20.94,51
2026-05-28T08:27:54.713Z,2026-05-28T08:28:54.713Z,0,0.037,20.94,51
2026-05-28T08:28:54.878Z,2026-05-28T08:29:54.878Z,1,0.159,20.94,51
2026-05-28T08:29:55.042Z,2026-05-28T08:30:55.042Z,0,0.153,20.94,51
2026-05-28T08:30:55.107Z,2026-05-28T08:31:55.107Z,0,0.1,20.94,51
2026-05-28T08:31:55.272Z,2026-05-28T08:32:55.272Z,0,0.073,20.94,51
2026-05-28T08:32:55.436Z,2026-05-28T08:33:55.436Z,0,0.007,20.94,51
2026-05-28T08:33:55.500Z,2026-05-28T08:34:55.500Z,0,0.013,20.94,51
2026-05-28T08:34:55.664Z,2026-05-28T08:35:55.664Z,0,0.183,20.94,51
2026-05-28T08:35:55.829Z,2026-05-28T08:36:55.829Z,0,0.287,20.94,51
2026-05-28T08:36:55.894Z,2026-05-28T08:37:55.894Z,0,0.249,20.94,51
2026-05-28T08:37:56.058Z,2026-05-28T08:38:56.058Z,0,0.143,20.94,51
2026-05-28T08:38:56.223Z,2026-05-28T08:39:56.223Z,0,0.01,20.94,51
2026-05-28T08:39:56.286Z,2026-05-28T08:40:56.286Z,0,0.874,20.94,51
2026-05-28T08:40:56.451Z,2026-05-28T08:41:56.451Z,0,0.753,20.94,51
2026-05-28T08:41:56.516Z,2026-05-28T08:42:56.516Z,0,0.934,20.94,51
2026-05-28T08:42:56.680Z,2026-05-28T08:43:56.680Z,0,0.837,20.94,51
2026-05-28T08:43:56.845Z,2026-05-28T08:44:56.845Z,0,0.397,20.94,51
2026-05-28T08:44:56.910Z,2026-05-28T08:45:56.910Z,0,0.395,20.94,51
2026-05-28T08:45:57.073Z,2026-05-28T08:46:57.073Z,0,0.369,20.94,51
2026-05-28T08:46:57.239Z,2026-05-28T08:47:57.239Z,0,0.053,20.94,51
2026-05-28T08:47:57.302Z,2026-05-28T08:48:57.302Z,0,0.143,20.94,51
2026-05-28T08:48:57.467Z,2026-05-28T08:49:57.467Z,0,0.555,20.94,51
2026-05-28T08:49:57.631Z,2026-05-28T08:50:57.631Z,0,0.787,20.94,51
2026-05-28T08:50:57.696Z,2026-05-28T08:51:57.696Z,0,0.575,20.94,51
2026-05-28T08:51:57.861Z,2026-05-28T08:52:57.861Z,0,0.475,20.94,51
2026-05-28T08:52:58.025Z,2026-05-28T08:53:58.025Z,0,0.213,20.94,51
2026-05-28T08:53:58.089Z,2026-05-28T08:54:58.089Z,0,0.007,20.94,51
2026-05-28T08:54:58.253Z,2026-05-28T08:55:58.253Z,0,0.003,20.94,51
2026-05-28T08:55:58.418Z,2026-05-28T08:56:58.418Z,0,0.163,20.94,51
2026-05-28T08:56:58.483Z,2026-05-28T08:57:58.483Z,0,0.09,20.94,51
2026-05-28T08:57:58.647Z,2026-05-28T08:58:58.647Z,0,0.437,20.94,51
2026-05-28T08:58:58.711Z,2026-05-28T08:59:58.711Z,0,0.864,20.94,51
2026-05-28T08:59:58.875Z,2026-05-28T09:00:58.875Z,0,0.113,20.94,51
2026-05-28T09:00:59.040Z,2026-05-28T09:01:59.040Z,1,0.077,20.94,51
2026-05-28T09:01:59.105Z,2026-05-28T09:02:59.105Z,2,0.143,20.94,51
2026-05-28T09:02:59.269Z,2026-05-28T09:03:59.269Z,0,0.076,20.94,51
2026-05-28T09:03:59.434Z,2026-05-28T09:04:59.434Z,0,0.06,20.94,51
2026-05-28T09:04:59.499Z,2026-05-28T09:05:59.499Z,0,0.053,20.94,51
2026-05-28T09:05:59.663Z,2026-05-28T09:06:59.663Z,0,0.007,20.94,51
2026-05-28T09:06:59.826Z,2026-05-28T09:07:59.826Z,0,0.033,20.94,51
2026-05-28T09:07:59.891Z,2026-05-28T09:08:59.891Z,0,0.03,20.94,51
2026-05-28T09:09:00.055Z,2026-05-28T09:10:00.055Z,0,0.199,20.94,51
2026-05-28T09:10:00.220Z,2026-05-28T09:11:00.220Z,0,0.013,20.94,51
2026-05-28T09:11:00.285Z,2026-05-28T09:12:00.285Z,0,0.003,20.94,51
2026-05-28T09:12:00.450Z,2026-05-28T09:13:00.450Z,0,0.013,20.94,51
2026-05-28T09:13:00.513Z,2026-05-28T09:14:00.513Z,0,0.173,20.94,51
2026-05-28T09:14:00.678Z,2026-05-28T09:15:00.678Z,0,0.133,20.94,51
2026-05-28T09:15:00.842Z,2026-05-28T09:16:00.842Z,0,0.27,20.94,51
2026-05-28T09:16:00.907Z,2026-05-28T09:17:00.907Z,0,0.06,20.94,51
2026-05-28T09:17:01.072Z,2026-05-28T09:18:01.072Z,0,0.05,20.94,51
2026-05-28T09:19:01.301Z,2026-05-28T09:20:01.301Z,0,0.076,20.94,51
2026-05-28T09:20:01.464Z,2026-05-28T09:21:01.464Z,0,0.037,20.94,51
2026-05-28T09:21:01.630Z,2026-05-28T09:22:01.630Z,0,0.16,20.94,51
2026-05-28T09:22:01.694Z,2026-05-28T09:23:01.694Z,0,0.017,20.94,51
2026-05-28T09:24:02.023Z,2026-05-28T09:25:02.023Z,0,0.003,20.94,51
2026-05-28T09:26:02.252Z,2026-05-28T09:27:02.252Z,0,0.007,20.94,51
2026-05-28T09:30:02.710Z,2026-05-28T09:31:02.710Z,0,0.003,20.94,51
2026-05-28T09:31:02.874Z,2026-05-28T09:32:02.874Z,0,0.007,20.94,51
2026-05-28T09:35:03.431Z,2026-05-28T09:36:03.431Z,0,0.003,20.94,51
2026-05-28T09:38:03.825Z,2026-05-28T09:39:03.825Z,0,0.003,20.94,51
2026-05-28T09:39:03.890Z,2026-05-28T09:40:03.890Z,1,0.027,20.94,51
2026-05-28T09:40:04.053Z,2026-05-28T09:41:04.053Z,1,0.1,20.94,51
2026-05-28T19:24:19.259Z,2026-05-28T19:25:19.259Z,2,0.1,20.94,51
2026-05-28T19:25:19.298Z,2026-05-28T19:26:19.298Z,2,0.08,20.94,51
2026-05-28T23:43:53.029Z,2026-05-28T23:44:53.029Z,0,0.003,20.94,51
2026-05-28T23:44:53.094Z,2026-05-28T23:45:53.094Z,0,0.003,20.94,51
2026-05-28T23:59:55.061Z,2026-05-29T00:00:55.061Z,0,0.066,20.94,51
2026-05-29T00:00:55.226Z,2026-05-29T00:01:55.226Z,0,0.06,20.94,51
2026-05-29T00:01:55.289Z,2026-05-29T00:02:55.289Z,0,0.017,20.94,51
2026-05-29T00:02:55.454Z,2026-05-29T00:03:55.454Z,0,0.027,20.94,51
2026-05-29T00:03:55.618Z,2026-05-29T00:04:55.618Z,0,0.237,20.94,51
2026-05-29T00:04:55.684Z,2026-05-29T00:05:55.684Z,0,0.086,20.94,51
2026-05-29T00:06:55.913Z,2026-05-29T00:07:55.913Z,0,0.003,20.94,51
2026-05-29T00:30:59.059Z,2026-05-29T00:31:59.059Z,0,0.013,20.94,51
2026-05-29T00:31:59.223Z,2026-05-29T00:32:59.223Z,0,0.02,20.94,51
2026-05-29T00:32:59.289Z,2026-05-29T00:33:59.289Z,0,0.106,20.94,51
2026-05-29T00:33:59.453Z,2026-05-29T00:34:59.453Z,0,0.033,20.94,51
2026-05-29T00:49:01.420Z,2026-05-29T00:50:01.420Z,0,0.007,20.94,51
2026-05-29T00:52:01.713Z,2026-05-29T00:53:01.713Z,0,0.1,20.94,51
2026-05-29T01:07:03.680Z,2026-05-29T01:08:03.680Z,0,0.92,20.94,51
2026-05-29T01:08:03.845Z,2026-05-29T01:09:03.845Z,0,0.643,20.94,51
2026-05-29T01:09:03.908Z,2026-05-29T01:10:03.908Z,0,0.013,20.94,51
2026-05-29T01:33:07.055Z,2026-05-29T01:34:07.055Z,3,0.538,20.94,51
2026-05-29T01:34:07.220Z,2026-05-29T01:35:07.220Z,0,0.677,20.94,51
2026-05-29T01:40:07.907Z,2026-05-29T01:41:07.907Z,0,0.183,20.94,51
2026-05-29T01:41:08.072Z,2026-05-29T01:42:08.072Z,0,1.103,20.94,51
2026-05-29T01:42:08.236Z,2026-05-29T01:43:08.236Z,0,2.527,20.94,51
2026-05-29T01:43:08.301Z,2026-05-29T01:44:08.301Z,0,0.545,20.94,51
2026-05-29T01:46:08.694Z,2026-05-29T01:47:08.694Z,0,0.146,20.94,51
2026-05-29T01:57:10.102Z,2026-05-29T01:58:10.102Z,1,0.03,20.94,51
2026-05-29T01:58:10.266Z,2026-05-29T01:59:10.266Z,0,0.007,20.94,51
2026-05-29T02:01:10.661Z,2026-05-29T02:02:10.661Z,0,0.007,20.94,51
2026-05-29T02:02:10.825Z,2026-05-29T02:03:10.825Z,3,0.157,20.94,51
2026-05-29T02:04:11.053Z,2026-05-29T02:05:11.053Z,3,0.106,20.94,51
2026-05-29T02:07:11.447Z,2026-05-29T02:08:11.447Z,0,0.03,20.94,51
2026-05-29T02:08:11.512Z,2026-05-29T02:09:11.512Z,0,0.03,20.94,51
2026-05-29T02:09:11.676Z,2026-05-29T02:10:11.676Z,1,0.043,20.94,51
2026-05-29T02:19:13.020Z,2026-05-29T02:20:13.020Z,0,0.013,20.94,51
2026-05-29T02:20:13.085Z,2026-05-29T02:21:13.085Z,0,0.003,20.94,51
2026-05-29T02:27:14.036Z,2026-05-29T02:28:14.036Z,2,0.07,20.94,51
2026-05-29T03:14:20.065Z,2026-05-29T03:15:20.065Z,1,0.047,20.94,51
2026-05-29T03:17:20.457Z,2026-05-29T03:18:20.457Z,1,0.023,20.94,51
2026-05-29T03:18:20.621Z,2026-05-29T03:19:20.621Z,0,0.013,20.94,51
2026-05-29T03:32:22.424Z,2026-05-29T03:33:22.424Z,0,0.047,20.94,51
2026-05-29T03:33:22.489Z,2026-05-29T03:34:22.489Z,1,0.086,20.94,51
2026-05-29T04:07:26.878Z,2026-05-29T04:08:26.878Z,1,0.027,20.94,51
2026-05-29T04:09:27.108Z,2026-05-29T04:10:27.108Z,1,0.03,20.94,51
2026-05-29T04:10:27.273Z,2026-05-29T04:11:27.273Z,1,0.01,20.94,51
2026-05-29T04:33:30.255Z,2026-05-29T04:34:30.255Z,0,0.003,20.94,51
2026-05-29T05:39:38.709Z,2026-05-29T05:40:38.709Z,0,0.003,20.94,51
2026-05-29T05:43:39.266Z,2026-05-29T05:44:39.266Z,1,0.02,20.94,51
2026-05-29T05:46:39.660Z,2026-05-29T05:47:39.660Z,1,0.063,20.94,51
2026-05-29T05:47:39.823Z,2026-05-29T05:48:39.823Z,0,0.02,20.94,51
2026-05-29T05:49:40.052Z,2026-05-29T05:50:40.052Z,1,0.03,20.94,51
2026-05-29T05:50:40.217Z,2026-05-29T05:51:40.217Z,0,0.007,20.94,51
2026-05-29T05:57:41.069Z,2026-05-29T05:58:41.069Z,0,0.017,20.94,51
2026-05-29T05:58:41.233Z,2026-05-29T05:59:41.233Z,0,0.04,20.94,51
2026-05-29T06:00:41.461Z,2026-05-29T06:01:41.461Z,0,0.007,20.94,51
2026-05-29T06:06:42.249Z,2026-05-29T06:07:42.249Z,0,0.03,20.94,51
2026-05-29T06:28:45.066Z,2026-05-29T06:29:45.066Z,0,0.01,20.94,51
2026-05-29T06:29:45.232Z,2026-05-29T06:30:45.232Z,1,0.07,20.94,51
2026-05-29T06:31:45.460Z,2026-05-29T06:32:45.460Z,1,0.023,20.94,51
2026-05-29T06:33:45.688Z,2026-05-29T06:34:45.688Z,0,0.007,20.94,51
2026-05-29T07:29:52.898Z,2026-05-29T07:30:52.898Z,2,0.03,20.94,51
2026-05-29T07:32:53.292Z,2026-05-29T07:33:53.292Z,1,0.053,20.94,51
2026-05-29T07:33:53.457Z,2026-05-29T07:34:53.457Z,0,0.007,20.94,51
2026-05-29T07:38:54.078Z,2026-05-29T07:39:54.078Z,0,0.07,20.94,51
2026-05-29T07:39:54.243Z,2026-05-29T07:40:54.243Z,0,0.003,20.94,51
2026-05-29T07:49:55.487Z,2026-05-29T07:50:55.487Z,0,0.033,20.94,51
2026-05-29T08:05:57.819Z,2026-05-29T08:06:57.819Z,1,0.067,20.94,51
2026-05-29T08:17:59.292Z,2026-05-29T08:18:59.292Z,1,0.086,20.94,51
2026-05-29T08:20:59.686Z,2026-05-29T08:21:59.686Z,1,0.027,20.94,51
2026-05-29T08:24:00.079Z,2026-05-29T08:25:00.079Z,0,0.003,20.94,51
2026-05-29T08:25:00.243Z,2026-05-29T08:26:00.243Z,1,0.02,20.94,51
2026-05-29T08:28:00.638Z,2026-05-29T08:29:00.638Z,0,0.217,20.94,51
2026-05-29T08:29:00.701Z,2026-05-29T08:30:00.701Z,0,0.04,20.94,51
2026-05-29T08:30:00.865Z,2026-05-29T08:31:00.865Z,0,0.066,20.94,51
2026-05-29T08:31:01.030Z,2026-05-29T08:32:01.030Z,2,0.2,20.94,51
2026-05-29T08:32:01.095Z,2026-05-29T08:33:01.095Z,1,0.03,20.94,51
2026-05-29T09:14:06.502Z,2026-05-29T09:15:06.502Z,0,0.003,20.94,51
2026-05-29T09:15:06.665Z,2026-05-29T09:16:06.665Z,0,0.013,20.94,51
2026-05-29T09:16:06.831Z,2026-05-29T09:17:06.831Z,0,0.043,20.94,51
2026-05-29T09:17:06.894Z,2026-05-29T09:18:06.894Z,0,0.013,20.94,51
2026-05-29T09:18:07.059Z,2026-05-29T09:19:07.059Z,0,0.02,20.94,51
2026-05-29T09:19:07.223Z,2026-05-29T09:20:07.223Z,0,0.02,20.94,51
2026-05-29T09:20:07.288Z,2026-05-29T09:21:07.288Z,0,0.027,20.94,51
2026-05-29T09:21:07.453Z,2026-05-29T09:22:07.453Z,1,0.11,20.94,51
2026-05-29T09:22:07.617Z,2026-05-29T09:23:07.617Z,1,0.17,20.94,51
2026-05-29T09:23:07.681Z,2026-05-29T09:24:07.681Z,0,0.176,20.94,51
2026-05-29T09:24:07.845Z,2026-05-29T09:25:07.845Z,0,0.263,20.94,51
2026-05-29T09:25:07.911Z,2026-05-29T09:26:07.911Z,1,0.173,20.94,51
2026-05-29T09:26:08.075Z,2026-05-29T09:27:08.075Z,0,0.203,20.94,51
2026-05-29T09:27:08.239Z,2026-05-29T09:28:08.239Z,0,0.173,20.94,51
2026-05-29T09:28:08.303Z,2026-05-29T09:29:08.303Z,1,0.226,20.94,51
2026-05-29T09:29:08.467Z,2026-05-29T09:30:08.467Z,1,0.276,20.94,51
2026-05-29T09:30:08.632Z,2026-05-29T09:31:08.632Z,0,0.013,20.94,51
2026-05-30T00:26:04.260Z,2026-05-30T00:27:04.260Z,0,0.09,20.94,51
2026-05-30T00:28:04.490Z,2026-05-30T00:29:04.490Z,0,0.047,20.94,51
2026-05-30T00:30:04.819Z,2026-05-30T00:31:04.819Z,0,0.05,20.94,51
2026-05-30T00:31:04.882Z,2026-05-30T00:32:04.882Z,0,0.023,20.94,51
2026-05-30T00:41:06.227Z,2026-05-30T00:42:06.227Z,0,0.147,20.94,51
2026-05-30T00:42:06.292Z,2026-05-30T00:43:06.292Z,0,0.379,20.94,51
2026-05-30T00:43:06.457Z,2026-05-30T00:44:06.457Z,0,0.073,20.94,51
2026-05-30T00:46:06.849Z,2026-05-30T00:47:06.849Z,0,0.373,20.94,51
2026-05-30T00:47:06.914Z,2026-05-30T00:48:06.914Z,0,0.359,20.94,51
2026-05-30T00:48:07.078Z,2026-05-30T00:49:07.078Z,0,0.017,20.94,51
2026-05-30T00:51:07.471Z,2026-05-30T00:52:07.471Z,0,0.02,20.94,51
2026-05-30T00:52:07.637Z,2026-05-30T00:53:07.637Z,0,0.017,20.94,51
2026-05-30T00:53:07.700Z,2026-05-30T00:54:07.700Z,0,0.093,20.94,51
2026-05-30T00:54:07.865Z,2026-05-30T00:55:07.865Z,0,0.043,20.94,51
2026-05-30T00:55:08.029Z,2026-05-30T00:56:08.029Z,0,1.5,20.94,51
2026-05-30T00:56:08.095Z,2026-05-30T00:57:08.095Z,0,1.442,20.94,51
2026-05-30T00:57:08.259Z,2026-05-30T00:58:08.259Z,0,0.581,20.94,51
2026-05-30T00:58:08.424Z,2026-05-30T00:59:08.424Z,0,0.033,20.94,51
2026-05-30T01:03:09.046Z,2026-05-30T01:04:09.046Z,0,0.043,20.94,51
2026-05-30T02:30:20.451Z,2026-05-30T02:31:20.451Z,0,0.07,20.94,51
2026-05-30T02:31:20.516Z,2026-05-30T02:32:20.516Z,0,0.15,20.94,51
2026-05-30T02:40:21.697Z,2026-05-30T02:41:21.697Z,0,0.003,20.94,51
2026-05-30T02:41:21.861Z,2026-05-30T02:42:21.861Z,0,0.023,20.94,51
2026-05-30T02:42:22.026Z,2026-05-30T02:43:22.026Z,0,0.057,20.94,51
2026-05-30T02:43:22.089Z,2026-05-30T02:44:22.089Z,0,0.07,20.94,51
2026-05-30T02:44:22.253Z,2026-05-30T02:45:22.253Z,0,0.037,20.94,51
2026-05-30T02:45:22.418Z,2026-05-30T02:46:22.418Z,0,0.07,20.94,51
2026-05-30T02:46:22.483Z,2026-05-30T02:47:22.483Z,0,0.953,20.94,51
2026-05-30T02:47:22.648Z,2026-05-30T02:48:22.648Z,0,1.02,20.94,51
2026-05-30T02:48:22.711Z,2026-05-30T02:49:22.711Z,0,1.0,20.94,51
2026-05-30T02:49:22.877Z,2026-05-30T02:50:22.877Z,0,1.0,20.94,51
2026-05-30T02:50:23.040Z,2026-05-30T02:51:23.040Z,0,0.353,20.94,51
2026-05-30T02:52:23.269Z,2026-05-30T02:53:23.269Z,0,0.007,20.94,51
2026-05-30T02:54:23.499Z,2026-05-30T02:55:23.499Z,0,0.013,20.94,51
2026-05-30T02:56:23.828Z,2026-05-30T02:57:23.828Z,0,0.783,20.94,51
2026-05-30T02:57:23.891Z,2026-05-30T02:58:23.891Z,0,0.787,20.94,51
2026-05-30T02:58:24.055Z,2026-05-30T02:59:24.055Z,0,0.997,20.94,51
2026-05-30T02:59:24.220Z,2026-05-30T03:00:24.220Z,0,0.923,20.94,51
2026-05-30T03:00:24.285Z,2026-05-30T03:01:24.285Z,0,1.06,20.94,51
2026-05-30T03:01:24.450Z,2026-05-30T03:02:24.450Z,0,0.897,20.94,51
2026-05-30T03:03:24.678Z,2026-05-30T03:04:24.678Z,0,0.405,20.94,51
2026-05-30T03:04:24.842Z,2026-05-30T03:05:24.842Z,0,0.28,20.94,51
2026-05-30T03:05:24.907Z,2026-05-30T03:06:24.907Z,0,0.07,20.94,51
2026-05-30T03:36:28.904Z,2026-05-30T03:37:28.904Z,0,0.173,20.94,51
2026-05-30T03:37:29.069Z,2026-05-30T03:38:29.069Z,0,0.003,20.94,51
2026-05-30T03:38:29.233Z,2026-05-30T03:39:29.233Z,0,0.187,20.94,51
2026-05-30T03:39:29.298Z,2026-05-30T03:40:29.298Z,0,0.11,20.94,51
2026-05-30T03:40:29.463Z,2026-05-30T03:41:29.463Z,0,0.316,20.94,51
2026-05-30T03:41:29.627Z,2026-05-30T03:42:29.627Z,0,0.317,20.94,51
2026-05-30T04:29:35.821Z,2026-05-30T04:30:35.821Z,0,0.017,20.94,51
2026-05-30T04:42:37.459Z,2026-05-30T04:43:37.459Z,0,0.113,20.94,51
2026-05-30T04:43:37.622Z,2026-05-30T04:44:37.622Z,0,1.79,20.94,51
2026-05-30T04:44:37.687Z,2026-05-30T04:45:37.687Z,0,2.993,20.94,51
2026-05-30T04:45:37.851Z,2026-05-30T04:46:37.851Z,0,1.527,20.94,51
2026-05-30T05:05:40.440Z,2026-05-30T05:06:40.440Z,0,0.033,20.94,51
2026-05-30T05:07:40.670Z,2026-05-30T05:08:40.670Z,0,0.269,20.94,51
2026-05-30T05:08:40.834Z,2026-05-30T05:09:40.834Z,0,0.63,20.94,51
2026-05-30T05:09:40.898Z,2026-05-30T05:10:40.898Z,0,0.153,20.94,51
2026-05-30T05:22:42.637Z,2026-05-30T05:23:42.637Z,0,0.067,20.94,51
2026-05-30T05:23:42.700Z,2026-05-30T05:24:42.700Z,0,0.013,20.94,51
2026-05-30T05:24:42.865Z,2026-05-30T05:25:42.865Z,0,0.113,20.94,51
2026-05-30T05:25:43.029Z,2026-05-30T05:26:43.029Z,0,0.277,20.94,51
2026-05-30T05:26:43.094Z,2026-05-30T05:27:43.094Z,0,0.01,20.94,51
2026-05-30T05:27:43.259Z,2026-05-30T05:28:43.259Z,0,0.003,20.94,51
2026-05-30T05:28:43.423Z,2026-05-30T05:29:43.423Z,0,0.027,20.94,51
2026-05-30T05:44:45.453Z,2026-05-30T05:45:45.453Z,0,0.003,20.94,51
2026-05-30T06:23:50.467Z,2026-05-30T06:24:50.467Z,0,0.003,20.94,51
2026-05-30T06:24:50.631Z,2026-05-30T06:25:50.631Z,0,0.207,20.94,51
2026-05-30T06:44:53.220Z,2026-05-30T06:45:53.220Z,0,0.04,20.94,51
2026-05-30T07:55:02.233Z,2026-05-30T07:56:02.233Z,1,0.11,20.94,51
2026-05-30T07:56:02.296Z,2026-05-30T07:57:02.296Z,0,0.15,20.94,51
2026-05-30T07:57:02.460Z,2026-05-30T07:58:02.460Z,0,0.043,20.94,51
2026-05-30T07:58:02.625Z,2026-05-30T07:59:02.625Z,0,0.023,20.94,51
2026-05-30T08:16:04.885Z,2026-05-30T08:17:04.885Z,0,0.017,20.94,51
2026-05-30T08:17:05.049Z,2026-05-30T08:18:05.049Z,0,0.003,20.94,51
2026-05-30T08:24:05.901Z,2026-05-30T08:25:05.901Z,0,0.003,20.94,51
2026-05-30T08:29:06.624Z,2026-05-30T08:30:06.624Z,0,0.02,20.94,51
2026-05-30T08:35:07.510Z,2026-05-30T08:36:07.510Z,0,0.003,20.94,51
2026-05-30T08:36:07.674Z,2026-05-30T08:37:07.674Z,0,0.007,20.94,51
2026-05-30T08:37:07.838Z,2026-05-30T08:38:07.838Z,0,0.017,20.94,51
2026-05-30T08:49:09.312Z,2026-05-30T08:50:09.312Z,0,0.003,20.94,51
2026-05-30T08:51:09.641Z,2026-05-30T08:52:09.641Z,0,0.263,20.94,51
2026-05-30T08:52:09.706Z,2026-05-30T08:53:09.706Z,0,0.033,20.94,51
2026-05-30T08:53:09.871Z,2026-05-30T08:54:09.871Z,0,0.05,20.94,51
2026-05-30T08:54:10.035Z,2026-05-30T08:55:10.035Z,0,0.037,20.94,51
2026-05-30T08:55:10.098Z,2026-05-30T08:56:10.098Z,0,0.073,20.94,51
2026-05-30T08:56:10.263Z,2026-05-30T08:57:10.263Z,0,0.056,20.94,51
2026-05-30T08:57:10.427Z,2026-05-30T08:58:10.427Z,0,0.257,20.94,51
2026-05-30T08:58:10.493Z,2026-05-30T08:59:10.493Z,0,0.169,20.94,51
2026-05-30T08:59:10.657Z,2026-05-30T09:00:10.657Z,0,0.123,20.94,51
2026-05-30T09:00:10.822Z,2026-05-30T09:01:10.822Z,0,0.143,20.94,51
2026-05-30T09:01:10.885Z,2026-05-30T09:02:10.885Z,0,0.219,20.94,51
2026-05-30T09:02:11.051Z,2026-05-30T09:03:11.051Z,1,0.2,20.94,51
2026-05-30T09:03:11.115Z,2026-05-30T09:04:11.115Z,0,0.037,20.94,51
2026-05-30T09:04:11.279Z,2026-05-30T09:05:11.279Z,0,0.02,20.94,51
2026-05-30T09:05:11.444Z,2026-05-30T09:06:11.444Z,0,0.01,20.94,51
2026-05-30T09:06:11.507Z,2026-05-30T09:07:11.507Z,0,0.007,20.94,51
2026-05-30T09:07:11.673Z,2026-05-30T09:08:11.673Z,0,0.01,20.94,51
2026-05-30T09:08:11.836Z,2026-05-30T09:09:11.836Z,0,0.01,20.94,51
2026-05-30T09:09:11.901Z,2026-05-30T09:10:11.901Z,0,0.007,20.94,51
2026-05-30T09:10:12.065Z,2026-05-30T09:11:12.065Z,0,0.003,20.94,51
2026-05-30T09:11:12.230Z,2026-05-30T09:12:12.230Z,0,0.01,20.94,51
2026-05-30T09:12:12.295Z,2026-05-30T09:13:12.295Z,0,0.027,20.94,51
2026-05-30T09:13:12.459Z,2026-05-30T09:14:12.459Z,0,0.007,20.94,51
2026-05-30T09:14:12.624Z,2026-05-30T09:15:12.624Z,0,0.007,20.94,51
2026-05-31T08:41:13.825Z,2026-05-31T08:42:13.825Z,0,0.017,20.94,51
2026-05-31T23:31:40.075Z,2026-05-31T23:32:40.075Z,0,0.013,20.94,51
2026-05-31T23:32:40.138Z,2026-05-31T23:33:40.138Z,0,0.013,20.94,51
2026-05-31T23:33:40.303Z,2026-05-31T23:34:40.303Z,0,0.01,20.94,51
2026-05-31T23:34:40.368Z,2026-05-31T23:35:40.368Z,0,0.066,20.94,51
2026-05-31T23:35:40.532Z,2026-05-31T23:36:40.532Z,0,0.033,20.94,51
2026-05-31T23:36:40.697Z,2026-05-31T23:37:40.697Z,0,0.027,20.94,51
2026-05-31T23:48:42.171Z,2026-05-31T23:49:42.171Z,0,0.04,20.94,51
2026-06-01T00:24:46.892Z,2026-06-01T00:25:46.892Z,0,0.02,20.94,51
2026-06-01T01:04:51.970Z,2026-06-01T01:05:51.970Z,0,0.076,20.94,51
2026-06-01T01:05:52.135Z,2026-06-01T01:06:52.135Z,0,0.14,20.94,51
2026-06-01T02:00:59.279Z,2026-06-01T02:01:59.279Z,0,0.003,20.94,51
2026-06-01T03:19:09.505Z,2026-06-01T03:20:09.505Z,0,0.003,20.94,51
2026-06-01T03:22:09.898Z,2026-06-01T03:23:09.898Z,0,0.003,20.94,51
2026-06-01T03:47:13.108Z,2026-06-01T03:48:13.108Z,0,0.11,20.94,51
2026-06-01T03:48:13.273Z,2026-06-01T03:49:13.273Z,0,0.017,20.94,51
2026-06-01T03:52:13.732Z,2026-06-01T03:53:13.732Z,0,0.01,20.94,51
2026-06-01T03:54:13.960Z,2026-06-01T03:55:13.960Z,0,0.023,20.94,51
2026-06-01T03:55:14.125Z,2026-06-01T03:56:14.125Z,0,0.385,20.94,51
2026-06-01T03:57:14.354Z,2026-06-01T03:58:14.354Z,0,0.03,20.94,51
2026-06-01T03:59:14.681Z,2026-06-01T04:00:14.681Z,0,0.007,20.94,51
2026-06-01T04:10:16.091Z,2026-06-01T04:11:16.091Z,0,0.027,20.94,51
2026-06-01T04:13:16.484Z,2026-06-01T04:14:16.484Z,0,0.04,20.94,51
2026-06-01T04:14:16.549Z,2026-06-01T04:15:16.549Z,0,0.01,20.94,51
2026-06-01T06:30:34.312Z,2026-06-01T06:31:34.312Z,1,0.033,20.94,51
2026-06-01T06:31:34.476Z,2026-06-01T06:32:34.476Z,5,0.177,20.94,51
2026-06-01T06:32:34.542Z,2026-06-01T06:33:34.542Z,1,0.053,20.94,51
2026-06-01T06:34:34.770Z,2026-06-01T06:35:34.770Z,1,0.017,20.94,51
2026-06-01T06:35:34.934Z,2026-06-01T06:36:34.934Z,0,0.037,20.94,51
2026-06-01T06:36:35.099Z,2026-06-01T06:37:35.099Z,0,0.01,20.94,51
2026-06-01T06:39:35.493Z,2026-06-01T06:40:35.493Z,0,0.007,20.94,51
2026-06-01T06:40:35.556Z,2026-06-01T06:41:35.556Z,0,0.169,20.94,51
2026-06-01T06:41:35.721Z,2026-06-01T06:42:35.721Z,0,0.003,20.94,51
2026-06-01T06:42:35.885Z,2026-06-01T06:43:35.885Z,0,0.033,20.94,51
2026-06-01T06:44:36.115Z,2026-06-01T06:45:36.115Z,0,0.02,20.94,51
2026-06-01T06:46:36.344Z,2026-06-01T06:47:36.344Z,0,0.017,20.94,51
2026-06-01T06:47:36.509Z,2026-06-01T06:48:36.509Z,0,0.19,20.94,51
2026-06-01T06:48:36.572Z,2026-06-01T06:49:36.572Z,0,0.04,20.94,51
2026-06-01T06:50:36.901Z,2026-06-01T06:51:36.901Z,0,0.033,20.94,51
2026-06-01T06:53:37.295Z,2026-06-01T06:54:37.295Z,0,0.06,20.94,51
2026-06-01T06:54:37.359Z,2026-06-01T06:55:37.359Z,0,0.043,20.94,51
2026-06-01T06:55:37.523Z,2026-06-01T06:56:37.523Z,0,0.06,20.94,51
2026-06-01T06:56:37.687Z,2026-06-01T06:57:37.687Z,0,0.04,20.94,51
2026-06-01T06:57:37.753Z,2026-06-01T06:58:37.753Z,0,0.01,20.94,51
2026-06-01T06:58:37.917Z,2026-06-01T06:59:37.917Z,0,0.053,20.94,51
2026-06-01T06:59:38.082Z,2026-06-01T07:00:38.082Z,0,0.007,20.94,51
2026-06-01T07:00:38.145Z,2026-06-01T07:01:38.145Z,0,0.003,20.94,51
2026-06-01T07:01:38.311Z,2026-06-01T07:02:38.311Z,0,0.027,20.94,51
2026-06-01T07:02:38.474Z,2026-06-01T07:03:38.474Z,0,0.057,20.94,51
2026-06-01T07:03:38.539Z,2026-06-01T07:04:38.539Z,0,0.076,20.94,51
2026-06-01T07:04:38.703Z,2026-06-01T07:05:38.703Z,0,0.033,20.94,51
2026-06-01T07:05:38.769Z,2026-06-01T07:06:38.769Z,2,0.239,20.94,51
2026-06-01T07:06:38.933Z,2026-06-01T07:07:38.933Z,2,0.183,20.94,51
2026-06-01T07:07:39.098Z,2026-06-01T07:08:39.098Z,2,0.137,20.94,51
2026-06-01T07:09:39.326Z,2026-06-01T07:10:39.326Z,0,0.06,20.94,51
2026-06-01T07:10:39.490Z,2026-06-01T07:11:39.490Z,1,0.2,20.94,51
2026-06-01T07:11:39.555Z,2026-06-01T07:12:39.555Z,0,0.1,20.94,51
2026-06-01T07:12:39.720Z,2026-06-01T07:13:39.720Z,0,0.14,20.94,51
2026-06-01T07:13:39.884Z,2026-06-01T07:14:39.884Z,0,0.083,20.94,51
2026-06-01T07:14:39.948Z,2026-06-01T07:15:39.948Z,0,0.252,20.94,51
2026-06-01T07:15:40.112Z,2026-06-01T07:16:40.112Z,0,0.116,20.94,51
2026-06-01T07:16:40.278Z,2026-06-01T07:17:40.278Z,0,0.093,20.94,51
2026-06-01T07:17:40.342Z,2026-06-01T07:18:40.342Z,0,0.209,20.94,51
2026-06-01T07:18:40.506Z,2026-06-01T07:19:40.506Z,0,0.15,20.94,51
2026-06-01T07:19:40.571Z,2026-06-01T07:20:40.571Z,1,0.05,20.94,51
2026-06-01T07:20:40.736Z,2026-06-01T07:21:40.736Z,0,0.528,20.94,51
2026-06-01T07:21:40.900Z,2026-06-01T07:22:40.900Z,0,0.233,20.94,51
2026-06-01T07:22:40.964Z,2026-06-01T07:23:40.964Z,0,0.193,20.94,51
2026-06-01T07:23:41.128Z,2026-06-01T07:24:41.128Z,0,0.003,20.94,51
2026-06-01T07:24:41.293Z,2026-06-01T07:25:41.293Z,0,0.007,20.94,51
2026-06-01T07:25:41.358Z,2026-06-01T07:26:41.358Z,3,0.223,20.94,51
2026-06-01T07:26:41.523Z,2026-06-01T07:27:41.523Z,2,0.143,20.94,51
2026-06-01T07:27:41.687Z,2026-06-01T07:28:41.687Z,0,0.06,20.94,51
2026-06-01T07:30:42.081Z,2026-06-01T07:31:42.081Z,1,0.037,20.94,51
2026-06-01T07:31:42.144Z,2026-06-01T07:32:42.144Z,0,0.013,20.94,51
2026-06-01T07:32:42.309Z,2026-06-01T07:33:42.309Z,0,0.053,20.94,51
2026-06-01T07:33:42.473Z,2026-06-01T07:34:42.473Z,0,0.05,20.94,51
2026-06-01T07:34:42.538Z,2026-06-01T07:35:42.538Z,0,0.462,20.94,51
2026-06-01T07:35:42.703Z,2026-06-01T07:36:42.703Z,0,0.02,20.94,51
2026-06-01T07:36:42.766Z,2026-06-01T07:37:42.766Z,0,0.003,20.94,51
2026-06-01T07:37:42.931Z,2026-06-01T07:38:42.931Z,0,0.003,20.94,51
2026-06-01T07:38:43.095Z,2026-06-01T07:39:43.095Z,0,0.003,20.94,51
2026-06-01T07:39:43.161Z,2026-06-01T07:40:43.161Z,0,0.056,20.94,51
2026-06-01T07:40:43.325Z,2026-06-01T07:41:43.325Z,0,0.003,20.94,51
2026-06-01T07:41:43.490Z,2026-06-01T07:42:43.490Z,0,0.007,20.94,51
2026-06-01T07:42:43.553Z,2026-06-01T07:43:43.553Z,0,0.017,20.94,51
2026-06-01T07:45:43.947Z,2026-06-01T07:46:43.947Z,0,0.013,20.94,51
2026-06-01T07:46:44.111Z,2026-06-01T07:47:44.111Z,0,0.113,20.94,51
2026-06-01T07:47:44.276Z,2026-06-01T07:48:44.276Z,0,0.423,20.94,51
2026-06-01T07:48:44.341Z,2026-06-01T07:49:44.341Z,1,0.259,20.94,51
2026-06-01T07:49:44.505Z,2026-06-01T07:50:44.505Z,0,0.507,20.94,51
2026-06-01T07:50:44.569Z,2026-06-01T07:51:44.569Z,0,0.279,20.94,51
2026-06-01T07:51:44.733Z,2026-06-01T07:52:44.733Z,0,0.402,20.94,51
2026-06-01T07:52:44.898Z,2026-06-01T07:53:44.898Z,0,0.137,20.94,51
2026-06-01T07:53:44.963Z,2026-06-01T07:54:44.963Z,2,0.239,20.94,51
2026-06-01T07:54:45.128Z,2026-06-01T07:55:45.128Z,1,0.332,20.94,51
2026-06-01T07:55:45.292Z,2026-06-01T07:56:45.292Z,0,0.213,20.94,51
2026-06-01T07:56:45.357Z,2026-06-01T07:57:45.357Z,0,0.216,20.94,51
2026-06-01T07:57:45.520Z,2026-06-01T07:58:45.520Z,1,0.402,20.94,51
2026-06-01T07:58:45.684Z,2026-06-01T07:59:45.684Z,0,0.09,20.94,51
2026-06-01T08:01:46.078Z,2026-06-01T08:02:46.078Z,1,0.133,20.94,51
2026-06-01T08:02:46.142Z,2026-06-01T08:03:46.142Z,1,0.272,20.94,51
2026-06-01T08:03:46.308Z,2026-06-01T08:04:46.308Z,0,0.067,20.94,51
2026-06-01T08:04:46.371Z,2026-06-01T08:05:46.371Z,0,0.276,20.94,51
2026-06-01T08:08:46.930Z,2026-06-01T08:09:46.930Z,1,0.056,20.94,51
2026-06-01T08:09:47.095Z,2026-06-01T08:10:47.095Z,0,0.033,20.94,51
2026-06-01T08:10:47.158Z,2026-06-01T08:11:47.158Z,2,0.113,20.94,51
2026-06-01T08:11:47.322Z,2026-06-01T08:12:47.322Z,0,0.781,20.94,51
2026-06-01T08:12:47.487Z,2026-06-01T08:13:47.487Z,0,0.76,20.94,51
2026-06-01T08:13:47.552Z,2026-06-01T08:14:47.552Z,0,0.11,20.94,51
2026-06-01T08:14:47.717Z,2026-06-01T08:15:47.717Z,0,0.116,20.94,51
2026-06-01T08:15:47.881Z,2026-06-01T08:16:47.881Z,0,0.14,20.94,51
2026-06-01T08:16:47.946Z,2026-06-01T08:17:47.946Z,1,0.439,20.94,51
2026-06-01T08:17:48.109Z,2026-06-01T08:18:48.109Z,2,0.12,20.94,51
2026-06-01T08:57:53.288Z,2026-06-01T08:58:53.288Z,1,0.413,20.94,51
2026-06-01T08:58:53.351Z,2026-06-01T08:59:53.351Z,0,0.787,20.94,51
2026-06-01T08:59:53.516Z,2026-06-01T09:00:53.516Z,0,0.91,20.94,51
2026-06-01T09:00:53.680Z,2026-06-01T09:01:53.680Z,2,0.777,20.94,51
2026-06-01T09:01:53.746Z,2026-06-01T09:02:53.746Z,0,0.957,20.94,51
2026-06-01T09:02:53.910Z,2026-06-01T09:03:53.910Z,0,1.0,20.94,51
2026-06-01T09:03:54.073Z,2026-06-01T09:04:54.073Z,0,1.0,20.94,51
2026-06-01T09:04:54.138Z,2026-06-01T09:05:54.138Z,0,0.997,20.94,51
2026-06-01T09:05:54.302Z,2026-06-01T09:06:54.302Z,0,1.0,20.94,51
2026-06-01T09:06:54.368Z,2026-06-01T09:07:54.368Z,0,0.983,20.94,51
2026-06-01T09:07:54.532Z,2026-06-01T09:08:54.532Z,0,1.0,20.94,51
2026-06-01T09:08:54.697Z,2026-06-01T09:09:54.697Z,0,1.0,20.94,51
2026-06-01T09:09:54.760Z,2026-06-01T09:10:54.760Z,1,0.638,20.94,51
2026-06-01T09:12:55.154Z,2026-06-01T09:13:55.154Z,0,0.179,20.94,51
2026-06-01T09:13:55.319Z,2026-06-01T09:14:55.319Z,0,0.083,20.94,51
2026-06-01T09:14:55.483Z,2026-06-01T09:15:55.483Z,0,0.033,20.94,51
2026-06-01T09:15:55.548Z,2026-06-01T09:16:55.548Z,0,0.007,20.94,51
2026-06-01T09:17:55.877Z,2026-06-01T09:18:55.877Z,1,0.047,20.94,51
2026-06-01T09:18:55.940Z,2026-06-01T09:19:55.940Z,0,0.01,20.94,51
2026-06-01T09:19:56.105Z,2026-06-01T09:20:56.105Z,0,0.03,20.94,51
2026-06-01T09:20:56.170Z,2026-06-01T09:21:56.170Z,0,0.023,20.94,51
2026-06-01T09:22:56.499Z,2026-06-01T09:23:56.499Z,0,0.03,20.94,51
2026-06-01T09:23:56.562Z,2026-06-01T09:24:56.562Z,0,0.179,20.94,51
2026-06-01T09:24:56.727Z,2026-06-01T09:25:56.727Z,0,0.595,20.94,51
2026-06-01T09:25:56.891Z,2026-06-01T09:26:56.891Z,1,0.277,20.94,51
2026-06-01T09:26:56.957Z,2026-06-01T09:27:56.957Z,0,0.269,20.94,51
2026-06-01T09:27:57.121Z,2026-06-01T09:28:57.121Z,0,0.269,20.94,51
2026-06-01T09:28:57.286Z,2026-06-01T09:29:57.286Z,0,0.403,20.94,51
2026-06-01T09:29:57.349Z,2026-06-01T09:30:57.349Z,0,0.027,20.94,51
2026-06-01T09:30:57.513Z,2026-06-01T09:31:57.513Z,1,0.302,20.94,51
2026-06-01T09:31:57.678Z,2026-06-01T09:32:57.678Z,0,0.103,20.94,51
2026-06-01T09:32:57.743Z,2026-06-01T09:33:57.743Z,0,0.136,20.94,51
2026-06-01T09:33:57.907Z,2026-06-01T09:34:57.907Z,0,0.123,20.94,51
2026-06-01T09:34:57.971Z,2026-06-01T09:35:57.971Z,1,0.169,20.94,51
2026-06-01T09:35:58.137Z,2026-06-01T09:36:58.137Z,1,0.246,20.94,51
2026-06-01T09:36:58.301Z,2026-06-01T09:37:58.301Z,2,0.443,20.94,51
2026-06-01T09:37:58.365Z,2026-06-01T09:38:58.365Z,0,0.375,20.94,51
2026-06-01T09:38:58.529Z,2026-06-01T09:39:58.529Z,0,0.272,20.94,51
2026-06-01T09:39:58.694Z,2026-06-01T09:40:58.694Z,1,0.197,20.94,51
2026-06-01T09:40:58.759Z,2026-06-01T09:41:58.759Z,2,0.372,20.94,51
2026-06-01T09:41:58.923Z,2026-06-01T09:42:58.923Z,0,0.455,20.94,51
2026-06-01T09:42:59.088Z,2026-06-01T09:43:59.088Z,1,0.367,20.94,51
2026-06-01T09:43:59.151Z,2026-06-01T09:44:59.151Z,1,0.937,20.94,51
2026-06-01T09:44:59.316Z,2026-06-01T09:45:59.316Z,3,0.422,20.94,51
2026-06-01T09:45:59.480Z,2026-06-01T09:46:59.480Z,1,0.14,20.94,51
2026-06-01T09:46:59.546Z,2026-06-01T09:47:59.546Z,0,0.023,20.94,51
2026-06-01T09:47:59.710Z,2026-06-01T09:48:59.710Z,4,0.322,20.94,51
2026-06-01T09:48:59.875Z,2026-06-01T09:49:59.875Z,2,0.283,20.94,51
2026-06-01T09:49:59.938Z,2026-06-01T09:50:59.938Z,3,0.588,20.94,51
2026-06-01T09:51:00.104Z,2026-06-01T09:52:00.104Z,1,0.707,20.94,51
2026-06-01T09:52:00.167Z,2026-06-01T09:53:00.167Z,1,0.03,20.94,51
2026-06-01T09:53:00.332Z,2026-06-01T09:54:00.332Z,0,0.027,20.94,51
2026-06-01T09:54:00.496Z,2026-06-01T09:55:00.496Z,1,0.14,20.94,51
2026-06-01T09:55:00.561Z,2026-06-01T09:56:00.561Z,0,0.086,20.94,51
2026-06-01T09:56:00.726Z,2026-06-01T09:57:00.726Z,3,0.455,20.94,51
2026-06-01T09:57:00.890Z,2026-06-01T09:58:00.890Z,0,0.383,20.94,51
2026-06-01T09:58:00.954Z,2026-06-01T09:59:00.954Z,0,0.588,20.94,51
2026-06-01T09:59:01.118Z,2026-06-01T10:00:01.118Z,0,0.884,20.94,51
2026-06-01T10:00:01.283Z,2026-06-01T10:01:01.283Z,0,0.883,20.94,51
2026-06-01T10:01:01.348Z,2026-06-01T10:02:01.348Z,0,0.794,20.94,51
2026-06-01T10:02:01.512Z,2026-06-01T10:03:01.512Z,1,0.189,20.94,51
2026-06-01T10:03:01.677Z,2026-06-01T10:04:01.677Z,1,0.153,20.94,51
2026-06-01T10:04:01.740Z,2026-06-01T10:05:01.740Z,1,0.302,20.94,51
2026-06-01T10:05:01.905Z,2026-06-01T10:06:01.905Z,0,0.073,20.94,51
2026-06-01T10:06:01.970Z,2026-06-01T10:07:01.970Z,0,0.007,20.94,51
2026-06-01T10:07:02.134Z,2026-06-01T10:08:02.134Z,0,0.096,20.94,51
2026-06-01T10:08:02.299Z,2026-06-01T10:09:02.299Z,0,0.033,20.94,51
2026-06-01T10:09:02.364Z,2026-06-01T10:10:02.364Z,0,0.056,20.94,51
2026-06-01T10:10:02.528Z,2026-06-01T10:11:02.528Z,0,0.01,20.94,51
2026-06-01T10:11:02.693Z,2026-06-01T10:12:02.693Z,2,0.173,20.94,51
2026-06-01T10:12:02.756Z,2026-06-01T10:13:02.756Z,0,0.442,20.94,51
2026-06-01T10:13:02.921Z,2026-06-01T10:14:02.921Z,0,0.977,20.94,51
2026-06-01T10:14:03.085Z,2026-06-01T10:15:03.085Z,0,0.633,20.94,51
2026-06-01T10:15:03.150Z,2026-06-01T10:16:03.150Z,1,0.625,20.94,51
2026-06-01T10:16:03.315Z,2026-06-01T10:17:03.315Z,1,0.601,20.94,51
2026-06-01T10:17:03.479Z,2026-06-01T10:18:03.479Z,1,0.407,20.94,51
2026-06-01T10:18:03.543Z,2026-06-01T10:19:03.543Z,1,0.375,20.94,51
2026-06-01T10:19:03.707Z,2026-06-01T10:20:03.707Z,0,0.267,20.94,51
2026-06-01T10:20:03.772Z,2026-06-01T10:21:03.772Z,1,0.12,20.94,51
2026-06-01T10:21:03.937Z,2026-06-01T10:22:03.937Z,0,0.007,20.94,51
2026-06-01T10:22:04.101Z,2026-06-01T10:23:04.101Z,0,0.027,20.94,51
2026-06-01T10:23:04.165Z,2026-06-01T10:24:04.165Z,0,0.013,20.94,51
2026-06-01T10:24:04.329Z,2026-06-01T10:25:04.329Z,0,0.03,20.94,51
2026-06-01T10:26:04.559Z,2026-06-01T10:27:04.559Z,0,0.007,20.94,51
2026-06-01T10:27:04.723Z,2026-06-01T10:28:04.723Z,0,0.013,20.94,51
2026-06-01T10:28:04.888Z,2026-06-01T10:29:04.888Z,0,0.073,20.94,51
2026-06-01T10:29:04.951Z,2026-06-01T10:30:04.951Z,0,0.272,20.94,51
2026-06-01T10:30:05.117Z,2026-06-01T10:31:05.117Z,0,0.133,20.94,51
2026-06-01T10:31:05.280Z,2026-06-01T10:32:05.280Z,0,0.07,20.94,51
2026-06-01T10:32:05.345Z,2026-06-01T10:33:05.345Z,0,0.003,20.94,51
2026-06-01T10:33:05.509Z,2026-06-01T10:34:05.509Z,0,0.023,20.94,51
2026-06-01T10:34:05.674Z,2026-06-01T10:35:05.674Z,0,0.04,20.94,51
2026-06-01T10:36:05.904Z,2026-06-01T10:37:05.904Z,1,0.177,20.94,51
2026-06-01T10:37:05.967Z,2026-06-01T10:38:05.967Z,0,0.243,20.94,51
2026-06-01T10:38:06.132Z,2026-06-01T10:39:06.132Z,0,0.08,20.94,51
2026-06-01T10:39:06.296Z,2026-06-01T10:40:06.296Z,0,0.063,20.94,51
2026-06-01T10:40:06.361Z,2026-06-01T10:41:06.361Z,0,0.435,20.94,51
2026-06-01T10:41:06.526Z,2026-06-01T10:42:06.526Z,0,0.694,20.94,51
2026-06-01T10:42:06.690Z,2026-06-01T10:43:06.690Z,1,0.797,20.94,51
2026-06-01T10:43:06.755Z,2026-06-01T10:44:06.755Z,1,0.286,20.94,51
2026-06-01T10:44:06.918Z,2026-06-01T10:45:06.918Z,0,0.897,20.94,51
2026-06-01T10:45:07.084Z,2026-06-01T10:46:07.084Z,0,0.99,20.94,51
2026-06-01T10:46:07.148Z,2026-06-01T10:47:07.148Z,0,0.98,20.94,51
2026-06-01T10:47:07.312Z,2026-06-01T10:48:07.312Z,0,0.99,20.94,51
2026-06-01T10:48:07.476Z,2026-06-01T10:49:07.476Z,1,0.983,20.94,51
2026-06-01T10:49:07.542Z,2026-06-01T10:50:07.542Z,0,0.957,20.94,51
2026-06-01T10:50:07.706Z,2026-06-01T10:51:07.706Z,0,0.747,20.94,51
2026-06-01T10:51:07.769Z,2026-06-01T10:52:07.769Z,1,0.93,20.94,51
2026-06-01T10:52:07.934Z,2026-06-01T10:53:07.934Z,0,0.91,20.94,51
2026-06-01T10:53:08.098Z,2026-06-01T10:54:08.098Z,2,0.857,20.94,51
2026-06-01T10:54:08.164Z,2026-06-01T10:55:08.164Z,1,0.847,20.94,51
2026-06-01T10:55:08.328Z,2026-06-01T10:56:08.328Z,0,0.701,20.94,51
2026-06-01T10:56:08.493Z,2026-06-01T10:57:08.493Z,0,0.973,20.94,51
2026-06-01T10:57:08.556Z,2026-06-01T10:58:08.556Z,0,0.375,20.94,51
2026-06-01T10:58:08.720Z,2026-06-01T10:59:08.720Z,1,0.9,20.94,51
2026-06-01T10:59:08.885Z,2026-06-01T11:00:08.885Z,1,0.857,20.94,51
2026-06-01T11:00:08.950Z,2026-06-01T11:01:08.950Z,0,0.997,20.94,51
2026-06-01T11:01:09.115Z,2026-06-01T11:02:09.115Z,0,0.897,20.94,51
2026-06-01T11:02:09.279Z,2026-06-01T11:03:09.279Z,1,0.7,20.94,51
2026-06-01T11:03:09.344Z,2026-06-01T11:04:09.344Z,0,0.953,20.94,51
2026-06-01T11:04:09.507Z,2026-06-01T11:05:09.507Z,1,0.057,20.94,51
2026-06-01T11:05:09.572Z,2026-06-01T11:06:09.572Z,1,0.136,20.94,51
2026-06-01T11:06:09.736Z,2026-06-01T11:07:09.736Z,1,0.924,20.94,51
2026-06-01T11:07:09.901Z,2026-06-01T11:08:09.901Z,0,0.253,20.94,51
2026-06-01T11:08:09.966Z,2026-06-01T11:09:09.966Z,0,0.15,20.94,51
2026-06-01T11:09:10.130Z,2026-06-01T11:10:10.130Z,0,0.435,20.94,51
2026-06-01T11:10:10.295Z,2026-06-01T11:11:10.295Z,0,0.393,20.94,51
2026-06-01T11:11:10.358Z,2026-06-01T11:12:10.358Z,1,0.243,20.94,51
2026-06-01T11:12:10.523Z,2026-06-01T11:13:10.523Z,0,0.518,20.94,51
2026-06-01T11:13:10.687Z,2026-06-01T11:14:10.687Z,0,0.873,20.94,51
2026-06-01T11:14:10.753Z,2026-06-01T11:15:10.753Z,0,0.977,20.94,51
2026-06-01T11:15:10.917Z,2026-06-01T11:16:10.917Z,1,0.947,20.94,51
2026-06-01T11:16:11.082Z,2026-06-01T11:17:11.082Z,0,0.877,20.94,51
2026-06-01T11:17:11.145Z,2026-06-01T11:18:11.145Z,0,0.648,20.94,51
2026-06-01T11:18:11.309Z,2026-06-01T11:19:11.309Z,0,0.87,20.94,51
2026-06-01T11:19:11.474Z,2026-06-01T11:20:11.474Z,0,0.883,20.94,51
2026-06-01T11:20:11.539Z,2026-06-01T11:21:11.539Z,0,0.827,20.94,51
2026-06-01T11:21:11.703Z,2026-06-01T11:22:11.703Z,0,0.943,20.94,51
2026-06-01T11:22:11.767Z,2026-06-01T11:23:11.767Z,1,0.924,20.94,51
2026-06-01T11:23:11.933Z,2026-06-01T11:24:11.933Z,0,0.957,20.94,51
2026-06-01T11:24:12.096Z,2026-06-01T11:25:12.096Z,0,0.967,20.94,51
2026-06-01T11:25:12.161Z,2026-06-01T11:26:12.161Z,0,0.821,20.94,51
2026-06-01T11:26:12.325Z,2026-06-01T11:27:12.325Z,0,0.867,20.94,51
2026-06-01T11:27:12.490Z,2026-06-01T11:28:12.490Z,1,0.787,20.94,51
2026-06-01T11:28:12.555Z,2026-06-01T11:29:12.555Z,1,0.724,20.94,51
2026-06-01T11:29:12.719Z,2026-06-01T11:30:12.719Z,0,0.787,20.94,51
2026-06-01T11:30:12.884Z,2026-06-01T11:31:12.884Z,0,0.613,20.94,51
2026-06-01T11:31:12.947Z,2026-06-01T11:32:12.947Z,0,0.601,20.94,51
2026-06-01T11:32:13.112Z,2026-06-01T11:33:13.112Z,0,0.292,20.94,51
2026-06-01T11:33:13.276Z,2026-06-01T11:34:13.276Z,1,0.22,20.94,51
2026-06-01T11:34:13.342Z,2026-06-01T11:35:13.342Z,0,0.668,20.94,51
2026-06-01T11:35:13.506Z,2026-06-01T11:36:13.506Z,0,0.93,20.94,51
2026-06-01T11:36:13.569Z,2026-06-01T11:37:13.569Z,0,0.944,20.94,51
2026-06-01T11:37:13.734Z,2026-06-01T11:38:13.734Z,0,0.86,20.94,51
2026-06-01T11:38:13.898Z,2026-06-01T11:39:13.898Z,0,1.0,20.94,51
2026-06-01T11:39:13.963Z,2026-06-01T11:40:13.963Z,1,0.88,20.94,51
2026-06-01T11:40:14.128Z,2026-06-01T11:41:14.128Z,0,0.96,20.94,51
2026-06-01T11:41:14.292Z,2026-06-01T11:42:14.292Z,0,0.6,20.94,51
2026-06-01T11:42:14.357Z,2026-06-01T11:43:14.357Z,0,0.668,20.94,51
2026-06-01T11:43:14.522Z,2026-06-01T11:44:14.522Z,1,0.704,20.94,51
2026-06-01T11:44:14.686Z,2026-06-01T11:45:14.686Z,0,0.64,20.94,51
2026-06-01T11:45:14.750Z,2026-06-01T11:46:14.750Z,1,0.209,20.94,51
2026-06-01T11:48:15.144Z,2026-06-01T11:49:15.144Z,0,0.04,20.94,51
2026-06-01T11:49:15.308Z,2026-06-01T11:50:15.308Z,0,0.317,20.94,51
2026-06-01T11:51:15.536Z,2026-06-01T11:52:15.536Z,0,0.033,20.94,51
2026-06-01T11:52:15.701Z,2026-06-01T11:53:15.701Z,1,0.013,20.94,51
2026-06-01T11:54:15.930Z,2026-06-01T11:55:15.930Z,0,0.017,20.94,51
2026-06-01T11:55:16.095Z,2026-06-01T11:56:16.095Z,0,0.027,20.94,51
2026-06-01T11:57:16.323Z,2026-06-01T11:58:16.323Z,0,0.166,20.94,51
2026-06-01T11:58:16.487Z,2026-06-01T11:59:16.487Z,0,0.003,20.94,51
2026-06-01T11:59:16.552Z,2026-06-01T12:00:16.552Z,0,0.076,20.94,51
2026-06-01T12:00:16.717Z,2026-06-01T12:01:16.717Z,0,0.003,20.94,51
2026-06-01T12:02:16.946Z,2026-06-01T12:03:16.946Z,0,0.047,20.94,51
2026-06-01T12:03:17.111Z,2026-06-01T12:04:17.111Z,0,0.186,20.94,51
2026-06-01T12:04:17.275Z,2026-06-01T12:05:17.275Z,0,0.12,20.94,51
2026-06-01T12:05:17.339Z,2026-06-01T12:06:17.339Z,0,0.017,20.94,51
2026-06-01T12:08:17.733Z,2026-06-01T12:09:17.733Z,0,0.013,20.94,51
2026-06-01T12:09:17.897Z,2026-06-01T12:10:17.897Z,0,0.113,20.94,51
2026-06-01T12:10:17.961Z,2026-06-01T12:11:17.961Z,0,0.429,20.94,51
2026-06-01T12:11:18.125Z,2026-06-01T12:12:18.125Z,0,0.003,20.94,51
2026-06-01T12:12:18.290Z,2026-06-01T12:13:18.290Z,0,0.077,20.94,51
2026-06-01T12:13:18.355Z,2026-06-01T12:14:18.355Z,0,0.12,20.94,51
2026-06-01T12:14:18.519Z,2026-06-01T12:15:18.519Z,0,0.346,20.94,51
2026-06-01T12:15:18.684Z,2026-06-01T12:16:18.684Z,0,0.213,20.94,51
2026-06-01T12:16:18.747Z,2026-06-01T12:17:18.747Z,0,0.116,20.94,51
2026-06-01T12:17:18.913Z,2026-06-01T12:18:18.913Z,0,0.13,20.94,51
2026-06-01T12:18:19.076Z,2026-06-01T12:19:19.076Z,0,0.107,20.94,51
2026-06-01T12:19:19.141Z,2026-06-01T12:20:19.141Z,0,0.243,20.94,51
2026-06-01T12:24:19.763Z,2026-06-01T12:25:19.763Z,0,0.013,20.94,51
2026-06-01T12:25:19.927Z,2026-06-01T12:26:19.927Z,0,0.432,20.94,51
2026-06-01T12:26:20.092Z,2026-06-01T12:27:20.092Z,0,0.603,20.94,51
2026-06-01T12:27:20.157Z,2026-06-01T12:28:20.157Z,0,0.13,20.94,51
2026-06-01T12:28:20.322Z,2026-06-01T12:29:20.322Z,0,0.14,20.94,51
2026-06-01T12:29:20.486Z,2026-06-01T12:30:20.486Z,0,0.027,20.94,51
2026-06-01T12:30:20.551Z,2026-06-01T12:31:20.551Z,0,0.193,20.94,51
2026-06-01T12:31:20.714Z,2026-06-01T12:32:20.714Z,0,0.093,20.94,51
2026-06-01T12:32:20.880Z,2026-06-01T12:33:20.880Z,0,0.03,20.94,51
2026-06-01T12:33:20.944Z,2026-06-01T12:34:20.944Z,0,0.422,20.94,51
2026-06-01T12:34:21.108Z,2026-06-01T12:35:21.108Z,0,0.535,20.94,51
2026-06-01T12:35:21.372Z,2026-06-01T12:36:21.372Z,0,0.834,20.94,51
2026-06-01T12:36:21.536Z,2026-06-01T12:37:21.536Z,2,0.485,20.94,51
2026-06-01T12:37:21.701Z,2026-06-01T12:38:21.701Z,1,0.017,20.94,51
2026-06-01T12:38:21.766Z,2026-06-01T12:39:21.766Z,2,0.053,20.94,51
2026-06-01T12:39:21.930Z,2026-06-01T12:40:21.930Z,0,0.003,20.94,51
2026-06-01T19:16:13.480Z,2026-06-01T19:17:13.480Z,0,0.003,20.94,51
2026-06-01T19:17:13.520Z,2026-06-01T19:18:13.520Z,3,0.375,20.94,51
2026-06-01T19:18:13.684Z,2026-06-01T19:19:13.684Z,3,0.067,20.94,51
2026-06-01T19:19:13.749Z,2026-06-01T19:20:13.749Z,0,0.013,20.94,51
2026-06-02T00:03:50.355Z,2026-06-02T00:04:50.355Z,0,0.007,20.94,51
2026-06-02T00:04:50.519Z,2026-06-02T00:05:50.519Z,0,0.007,20.94,51
2026-06-02T02:48:11.526Z,2026-06-02T02:49:11.526Z,1,0.12,20.94,51
2026-06-02T04:11:22.275Z,2026-06-02T04:12:22.275Z,0,0.197,20.94,51
2026-06-02T04:12:22.339Z,2026-06-02T04:13:22.339Z,0,1.0,20.94,51
2026-06-02T04:13:22.503Z,2026-06-02T04:14:22.503Z,0,0.62,20.94,51
2026-06-02T04:14:22.569Z,2026-06-02T04:15:22.569Z,0,0.947,20.94,51
2026-06-02T04:15:22.733Z,2026-06-02T04:16:22.733Z,0,0.458,20.94,51
2026-06-02T04:16:22.898Z,2026-06-02T04:17:22.898Z,0,0.137,20.94,51
2026-06-02T04:17:22.961Z,2026-06-02T04:18:22.961Z,0,0.003,20.94,51
2026-06-02T06:42:41.706Z,2026-06-02T06:43:41.706Z,0,0.06,20.94,51
2026-06-02T06:44:41.934Z,2026-06-02T06:45:41.934Z,0,0.714,20.94,51
2026-06-02T06:45:42.098Z,2026-06-02T06:46:42.098Z,0,0.127,20.94,51
2026-06-02T06:51:42.885Z,2026-06-02T06:52:42.885Z,6,0.133,20.94,51
2026-06-02T06:52:42.950Z,2026-06-02T06:53:42.950Z,2,0.073,20.94,51
2026-06-02T06:53:43.115Z,2026-06-02T06:54:43.115Z,0,0.113,20.94,51
2026-06-02T06:54:43.279Z,2026-06-02T06:55:43.279Z,2,0.303,20.94,51
2026-06-02T06:55:43.344Z,2026-06-02T06:56:43.344Z,0,0.561,20.94,51
2026-06-02T06:56:43.507Z,2026-06-02T06:57:43.507Z,0,0.607,20.94,51
2026-06-02T06:57:43.572Z,2026-06-02T06:58:43.572Z,0,0.196,20.94,51
2026-06-02T06:58:43.736Z,2026-06-02T06:59:43.736Z,0,0.571,20.94,51
2026-06-02T06:59:43.901Z,2026-06-02T07:00:43.901Z,0,0.237,20.94,51
2026-06-02T07:00:43.966Z,2026-06-02T07:01:43.966Z,0,0.392,20.94,51
2026-06-02T07:01:44.131Z,2026-06-02T07:02:44.131Z,0,0.674,20.94,51
2026-06-02T07:02:44.295Z,2026-06-02T07:03:44.295Z,0,0.29,20.94,51
2026-06-02T07:03:44.359Z,2026-06-02T07:04:44.359Z,1,0.359,20.94,51
2026-06-02T07:04:44.523Z,2026-06-02T07:05:44.523Z,0,0.415,20.94,51
2026-06-02T07:05:44.687Z,2026-06-02T07:06:44.687Z,0,0.247,20.94,51
2026-06-02T07:06:44.753Z,2026-06-02T07:07:44.753Z,0,0.189,20.94,51
2026-06-02T07:07:44.917Z,2026-06-02T07:08:44.917Z,0,0.296,20.94,51
2026-06-02T07:08:45.082Z,2026-06-02T07:09:45.082Z,0,0.637,20.94,51
2026-06-02T07:09:45.145Z,2026-06-02T07:10:45.145Z,0,0.478,20.94,51
2026-06-02T07:10:45.311Z,2026-06-02T07:11:45.311Z,0,0.286,20.94,51
2026-06-02T07:11:45.474Z,2026-06-02T07:12:45.474Z,0,0.157,20.94,51
2026-06-02T07:12:45.539Z,2026-06-02T07:13:45.539Z,0,0.605,20.94,51
2026-06-02T07:13:45.703Z,2026-06-02T07:14:45.703Z,0,0.11,20.94,51
2026-06-02T07:14:45.769Z,2026-06-02T07:15:45.769Z,0,0.635,20.94,51
2026-06-02T07:15:45.933Z,2026-06-02T07:16:45.933Z,0,0.748,20.94,51
2026-06-02T07:16:46.096Z,2026-06-02T07:17:46.096Z,0,0.85,20.94,51
2026-06-02T07:17:46.161Z,2026-06-02T07:18:46.161Z,0,0.282,20.94,51
2026-06-02T07:18:46.325Z,2026-06-02T07:19:46.325Z,0,0.007,20.94,51
2026-06-02T07:19:46.490Z,2026-06-02T07:20:46.490Z,2,0.617,20.94,51
2026-06-02T07:20:46.555Z,2026-06-02T07:21:46.555Z,0,0.87,20.94,51
2026-06-02T07:21:46.720Z,2026-06-02T07:22:46.720Z,0,0.983,20.94,51
2026-06-02T07:22:46.884Z,2026-06-02T07:23:46.884Z,0,0.23,20.94,51
2026-06-02T07:23:46.948Z,2026-06-02T07:24:46.948Z,0,0.007,20.94,51
2026-06-02T07:24:47.112Z,2026-06-02T07:25:47.112Z,0,0.056,20.94,51
2026-06-02T07:25:47.276Z,2026-06-02T07:26:47.276Z,0,0.003,20.94,51
2026-06-02T07:26:47.342Z,2026-06-02T07:27:47.342Z,0,0.203,20.94,51
2026-06-02T07:27:47.506Z,2026-06-02T07:28:47.506Z,0,0.04,20.94,51
2026-06-02T07:30:47.900Z,2026-06-02T07:31:47.900Z,0,0.007,20.94,51
2026-06-02T07:31:47.963Z,2026-06-02T07:32:47.963Z,0,0.003,20.94,51
2026-06-02T07:32:48.128Z,2026-06-02T07:33:48.128Z,0,0.056,20.94,51
2026-06-02T07:34:48.358Z,2026-06-02T07:35:48.358Z,0,0.023,20.94,51
2026-06-02T07:35:48.522Z,2026-06-02T07:36:48.522Z,0,0.027,20.94,51
2026-06-02T07:36:48.687Z,2026-06-02T07:37:48.687Z,0,0.01,20.94,51
2026-06-02T07:38:48.914Z,2026-06-02T07:39:48.914Z,0,0.017,20.94,51
2026-06-02T07:39:49.079Z,2026-06-02T07:40:49.079Z,0,0.013,20.94,51
2026-06-02T07:41:49.309Z,2026-06-02T07:42:49.309Z,0,0.003,20.94,51
2026-06-02T07:42:49.473Z,2026-06-02T07:43:49.473Z,0,0.003,20.94,51
2026-06-02T07:46:49.930Z,2026-06-02T07:47:49.930Z,0,0.15,20.94,51
2026-06-02T07:47:50.095Z,2026-06-02T07:48:50.095Z,0,0.173,20.94,51
2026-06-02T07:48:50.160Z,2026-06-02T07:49:50.160Z,0,0.003,20.94,51
2026-06-02T07:49:50.323Z,2026-06-02T07:50:50.323Z,1,0.066,20.94,51
2026-06-02T07:50:50.489Z,2026-06-02T07:51:50.489Z,0,0.023,20.94,51
2026-06-02T08:08:52.749Z,2026-06-02T08:09:52.749Z,2,0.113,20.94,51
2026-06-02T08:09:52.914Z,2026-06-02T08:10:52.914Z,0,0.136,20.94,51
2026-06-02T08:10:53.078Z,2026-06-02T08:11:53.078Z,0,0.203,20.94,51
2026-06-02T08:11:53.142Z,2026-06-02T08:12:53.142Z,0,0.269,20.94,51
2026-06-02T08:12:53.306Z,2026-06-02T08:13:53.306Z,0,0.1,20.94,51
2026-06-02T08:13:53.371Z,2026-06-02T08:14:53.371Z,0,0.123,20.94,51
2026-06-02T08:14:53.536Z,2026-06-02T08:15:53.536Z,1,0.472,20.94,51
2026-06-02T08:15:53.700Z,2026-06-02T08:16:53.700Z,0,1.0,20.94,51
2026-06-02T08:16:53.765Z,2026-06-02T08:17:53.765Z,0,0.98,20.94,51
2026-06-02T08:17:53.928Z,2026-06-02T08:18:53.928Z,0,0.997,20.94,51
2026-06-02T08:18:54.094Z,2026-06-02T08:19:54.094Z,1,0.71,20.94,51
2026-06-02T08:19:54.157Z,2026-06-02T08:20:54.157Z,0,0.608,20.94,51
2026-06-02T08:20:54.322Z,2026-06-02T08:21:54.322Z,1,0.485,20.94,51
2026-06-02T08:21:54.486Z,2026-06-02T08:22:54.486Z,0,0.76,20.94,51
2026-06-02T08:22:54.552Z,2026-06-02T08:23:54.552Z,0,0.997,20.94,51
2026-06-02T08:23:54.716Z,2026-06-02T08:24:54.716Z,0,0.937,20.94,51
2026-06-02T08:24:54.881Z,2026-06-02T08:25:54.881Z,0,1.0,20.94,51
2026-06-02T08:25:54.944Z,2026-06-02T08:26:54.944Z,1,0.88,20.94,51
2026-06-02T08:26:55.108Z,2026-06-02T08:27:55.108Z,2,0.548,20.94,51
2026-06-02T08:27:55.273Z,2026-06-02T08:28:55.273Z,0,0.5,20.94,51
2026-06-02T08:28:55.338Z,2026-06-02T08:29:55.338Z,0,0.08,20.94,51
2026-06-02T08:29:55.503Z,2026-06-02T08:30:55.503Z,1,0.137,20.94,51
2026-06-02T08:30:55.566Z,2026-06-02T08:31:55.566Z,0,0.326,20.94,51
2026-06-02T08:31:55.732Z,2026-06-02T08:32:55.732Z,0,0.037,20.94,51
2026-06-02T08:32:55.895Z,2026-06-02T08:33:55.895Z,1,0.357,20.94,51
2026-06-02T08:33:55.960Z,2026-06-02T08:34:55.960Z,0,0.478,20.94,51
2026-06-02T08:34:56.125Z,2026-06-02T08:35:56.125Z,3,0.379,20.94,51
2026-06-02T08:35:56.289Z,2026-06-02T08:36:56.289Z,0,0.273,20.94,51
2026-06-02T08:36:56.354Z,2026-06-02T08:37:56.354Z,0,0.601,20.94,51
2026-06-02T08:37:56.519Z,2026-06-02T08:38:56.519Z,0,0.738,20.94,51
2026-06-02T08:38:56.683Z,2026-06-02T08:39:56.683Z,1,0.5,20.94,51
2026-06-02T08:39:56.747Z,2026-06-02T08:40:56.747Z,0,0.821,20.94,51
2026-06-02T08:40:56.911Z,2026-06-02T08:41:56.911Z,0,0.944,20.94,51
2026-06-02T08:41:57.075Z,2026-06-02T08:42:57.075Z,0,0.813,20.94,51
2026-06-02T08:42:57.141Z,2026-06-02T08:43:57.141Z,0,0.774,20.94,51
2026-06-02T08:43:57.305Z,2026-06-02T08:44:57.305Z,0,0.507,20.94,51
2026-06-02T08:44:57.369Z,2026-06-02T08:45:57.369Z,1,0.093,20.94,51
2026-06-02T08:45:57.533Z,2026-06-02T08:46:57.533Z,0,0.15,20.94,51
2026-06-02T08:46:57.698Z,2026-06-02T08:47:57.698Z,0,0.023,20.94,51
2026-06-02T08:47:57.763Z,2026-06-02T08:48:57.763Z,0,0.385,20.94,51
2026-06-02T08:48:57.927Z,2026-06-02T08:49:57.927Z,1,0.555,20.94,51
2026-06-02T08:49:58.092Z,2026-06-02T08:50:58.092Z,1,0.783,20.94,51
2026-06-02T08:50:58.157Z,2026-06-02T08:51:58.157Z,0,0.751,20.94,51
2026-06-02T08:51:58.321Z,2026-06-02T08:52:58.321Z,0,0.844,20.94,51
2026-06-02T08:52:58.484Z,2026-06-02T08:53:58.484Z,0,0.967,20.94,51
2026-06-02T08:53:58.549Z,2026-06-02T08:54:58.549Z,1,0.95,20.94,51
2026-06-02T08:54:58.713Z,2026-06-02T08:55:58.713Z,1,0.615,20.94,51
2026-06-02T08:55:58.878Z,2026-06-02T08:56:58.878Z,2,0.483,20.94,51
2026-06-02T08:56:58.943Z,2026-06-02T08:57:58.943Z,0,0.203,20.94,51
2026-06-02T08:57:59.108Z,2026-06-02T08:58:59.108Z,0,0.323,20.94,51
2026-06-02T08:58:59.171Z,2026-06-02T08:59:59.171Z,0,0.239,20.94,51
2026-06-02T08:59:59.336Z,2026-06-02T09:00:59.336Z,0,0.817,20.94,51
2026-06-02T09:00:59.500Z,2026-06-02T09:01:59.500Z,1,0.4,20.94,51
2026-06-02T09:01:59.565Z,2026-06-02T09:02:59.565Z,0,0.515,20.94,51
2026-06-02T09:02:59.730Z,2026-06-02T09:03:59.730Z,0,1.0,20.94,51
2026-06-02T09:03:59.894Z,2026-06-02T09:04:59.894Z,0,0.92,20.94,51
2026-06-02T09:04:59.959Z,2026-06-02T09:05:59.959Z,0,0.924,20.94,51
2026-06-02T09:06:00.122Z,2026-06-02T09:07:00.122Z,0,1.0,20.94,51
2026-06-02T09:07:00.288Z,2026-06-02T09:08:00.288Z,1,0.977,20.94,51
2026-06-02T09:08:00.351Z,2026-06-02T09:09:00.351Z,0,0.339,20.94,51
2026-06-02T09:09:00.516Z,2026-06-02T09:10:00.516Z,3,0.252,20.94,51
2026-06-02T09:10:00.680Z,2026-06-02T09:11:00.680Z,0,0.87,20.94,51
2026-06-02T09:11:00.746Z,2026-06-02T09:12:00.746Z,0,0.641,20.94,51
2026-06-02T09:12:00.910Z,2026-06-02T09:13:00.910Z,1,0.615,20.94,51
2026-06-02T09:13:01.075Z,2026-06-02T09:14:01.075Z,0,0.587,20.94,51
2026-06-02T09:14:01.138Z,2026-06-02T09:15:01.138Z,0,0.372,20.94,51
2026-06-02T09:15:01.303Z,2026-06-02T09:16:01.303Z,0,0.833,20.94,51
2026-06-02T09:16:01.368Z,2026-06-02T09:17:01.368Z,1,0.243,20.94,51
2026-06-02T09:17:01.532Z,2026-06-02T09:18:01.532Z,1,0.246,20.94,51
2026-06-02T09:18:01.697Z,2026-06-02T09:19:01.697Z,1,0.73,20.94,51
2026-06-02T09:19:01.762Z,2026-06-02T09:20:01.762Z,2,0.751,20.94,51
2026-06-02T09:20:01.926Z,2026-06-02T09:21:01.926Z,0,0.498,20.94,51
2026-06-02T09:21:02.089Z,2026-06-02T09:22:02.089Z,0,0.44,20.94,51
2026-06-02T09:22:02.154Z,2026-06-02T09:23:02.154Z,0,0.169,20.94,51
2026-06-02T09:23:02.319Z,2026-06-02T09:24:02.319Z,0,0.063,20.94,51
2026-06-02T09:24:02.483Z,2026-06-02T09:25:02.483Z,0,0.01,20.94,51
2026-06-02T09:25:02.548Z,2026-06-02T09:26:02.548Z,0,0.103,20.94,51
2026-06-02T09:26:02.713Z,2026-06-02T09:27:02.713Z,0,0.053,20.94,51
2026-06-02T09:27:02.877Z,2026-06-02T09:28:02.877Z,0,0.087,20.94,51
2026-06-02T09:28:02.941Z,2026-06-02T09:29:02.941Z,0,0.053,20.94,51
2026-06-02T09:29:03.105Z,2026-06-02T09:30:03.105Z,0,0.087,20.94,51
2026-06-02T09:30:03.171Z,2026-06-02T09:31:03.171Z,0,0.163,20.94,51
2026-06-02T09:31:03.335Z,2026-06-02T09:32:03.335Z,1,0.233,20.94,51
2026-06-02T09:32:03.500Z,2026-06-02T09:33:03.500Z,1,0.263,20.94,51
2026-06-02T09:33:03.563Z,2026-06-02T09:34:03.563Z,0,0.183,20.94,51
2026-06-02T09:34:03.729Z,2026-06-02T09:35:03.729Z,0,0.312,20.94,51
2026-06-02T09:35:03.892Z,2026-06-02T09:36:03.892Z,0,0.143,20.94,51
2026-06-02T09:36:03.957Z,2026-06-02T09:37:03.957Z,1,0.631,20.94,51
2026-06-02T09:37:04.121Z,2026-06-02T09:38:04.121Z,1,0.598,20.94,51
2026-06-02T09:38:04.286Z,2026-06-02T09:39:04.286Z,0,0.803,20.94,51
2026-06-02T09:39:04.351Z,2026-06-02T09:40:04.351Z,0,0.233,20.94,51
2026-06-02T09:40:04.515Z,2026-06-02T09:41:04.515Z,0,0.1,20.94,51
2026-06-02T09:41:04.680Z,2026-06-02T09:42:04.680Z,1,0.4,20.94,51
2026-06-02T09:42:04.743Z,2026-06-02T09:43:04.743Z,0,0.522,20.94,51
2026-06-02T09:43:04.908Z,2026-06-02T09:44:04.908Z,0,0.439,20.94,51
2026-06-02T09:44:05.173Z,2026-06-02T09:45:05.173Z,1,0.213,20.94,51
2026-06-02T09:45:05.338Z,2026-06-02T09:46:05.338Z,0,0.146,20.94,51
2026-06-02T09:46:05.502Z,2026-06-02T09:47:05.502Z,0,0.767,20.94,51
2026-06-02T09:47:05.565Z,2026-06-02T09:48:05.565Z,0,0.402,20.94,51
2026-06-02T09:48:05.730Z,2026-06-02T09:49:05.730Z,0,0.03,20.94,51
2026-06-02T09:49:05.894Z,2026-06-02T09:50:05.894Z,0,0.37,20.94,51
2026-06-02T09:50:05.960Z,2026-06-02T09:51:05.960Z,0,0.173,20.94,51
2026-06-02T09:51:06.124Z,2026-06-02T09:52:06.124Z,0,0.269,20.94,51
2026-06-02T09:52:06.289Z,2026-06-02T09:53:06.289Z,0,0.52,20.94,51
2026-06-02T09:53:06.352Z,2026-06-02T09:54:06.352Z,1,0.103,20.94,51
2026-06-02T09:54:06.517Z,2026-06-02T09:55:06.517Z,0,0.179,20.94,51
2026-06-02T09:55:06.681Z,2026-06-02T09:56:06.681Z,0,0.167,20.94,51
2026-06-02T09:56:06.746Z,2026-06-02T09:57:06.746Z,0,0.332,20.94,51
2026-06-02T09:57:06.911Z,2026-06-02T09:58:06.911Z,1,0.389,20.94,51
2026-06-02T09:58:07.075Z,2026-06-02T09:59:07.075Z,0,0.187,20.94,51
2026-06-02T09:59:07.140Z,2026-06-02T10:00:07.140Z,0,0.266,20.94,51
2026-06-02T10:00:07.303Z,2026-06-02T10:01:07.303Z,0,0.02,20.94,51
2026-06-02T10:01:07.368Z,2026-06-02T10:02:07.368Z,0,0.066,20.94,51
2026-06-02T10:02:07.532Z,2026-06-02T10:03:07.532Z,0,0.143,20.94,51
2026-06-02T10:03:07.697Z,2026-06-02T10:04:07.697Z,0,0.107,20.94,51
2026-06-02T10:04:07.762Z,2026-06-02T10:05:07.762Z,0,0.073,20.94,51
2026-06-02T10:05:07.927Z,2026-06-02T10:06:07.927Z,0,0.013,20.94,51
2026-06-02T10:06:08.091Z,2026-06-02T10:07:08.091Z,0,0.073,20.94,51
2026-06-02T10:07:08.155Z,2026-06-02T10:08:08.155Z,0,0.555,20.94,51
2026-06-02T10:08:08.319Z,2026-06-02T10:09:08.319Z,0,0.219,20.94,51
2026-06-02T10:09:08.483Z,2026-06-02T10:10:08.483Z,0,0.17,20.94,51
2026-06-02T10:10:08.549Z,2026-06-02T10:11:08.549Z,0,0.422,20.94,51
2026-06-02T10:11:08.713Z,2026-06-02T10:12:08.713Z,1,0.621,20.94,51
2026-06-02T10:12:08.878Z,2026-06-02T10:13:08.878Z,0,0.94,20.94,51
2026-06-02T10:13:08.941Z,2026-06-02T10:14:08.941Z,0,0.89,20.94,51
2026-06-02T10:14:09.107Z,2026-06-02T10:15:09.107Z,0,0.72,20.94,51
2026-06-02T10:15:09.171Z,2026-06-02T10:16:09.171Z,0,0.924,20.94,51
2026-06-02T10:16:09.335Z,2026-06-02T10:17:09.335Z,1,0.987,20.94,51
2026-06-02T10:17:09.500Z,2026-06-02T10:18:09.500Z,0,0.967,20.94,51
2026-06-02T10:18:09.565Z,2026-06-02T10:19:09.565Z,1,0.625,20.94,51
2026-06-02T10:19:09.729Z,2026-06-02T10:20:09.729Z,0,0.588,20.94,51
2026-06-02T10:20:09.894Z,2026-06-02T10:21:09.894Z,0,0.627,20.94,51
2026-06-02T10:21:09.957Z,2026-06-02T10:22:09.957Z,0,0.598,20.94,51
2026-06-02T10:22:10.121Z,2026-06-02T10:23:10.121Z,0,0.492,20.94,51
2026-06-02T10:26:10.680Z,2026-06-02T10:27:10.680Z,0,0.127,20.94,51
2026-06-02T10:30:11.138Z,2026-06-02T10:31:11.138Z,1,0.292,20.94,51
2026-06-02T10:32:11.367Z,2026-06-02T10:33:11.367Z,0,0.226,20.94,51
2026-06-02T10:33:11.530Z,2026-06-02T10:34:11.530Z,0,0.551,20.94,51
2026-06-02T10:34:11.696Z,2026-06-02T10:35:11.696Z,0,0.3,20.94,51
2026-06-02T10:35:11.759Z,2026-06-02T10:36:11.759Z,0,0.123,20.94,51
2026-06-02T10:36:11.924Z,2026-06-02T10:37:11.924Z,0,0.093,20.94,51
2026-06-02T10:37:12.088Z,2026-06-02T10:38:12.088Z,0,0.077,20.94,51
2026-06-02T10:38:12.154Z,2026-06-02T10:39:12.154Z,0,0.086,20.94,51
2026-06-02T10:39:12.318Z,2026-06-02T10:40:12.318Z,0,0.06,20.94,51
2026-06-02T10:40:12.482Z,2026-06-02T10:41:12.482Z,0,0.01,20.94,51
2026-06-02T10:42:12.710Z,2026-06-02T10:43:12.710Z,0,0.017,20.94,51
2026-06-02T10:43:12.875Z,2026-06-02T10:44:12.875Z,0,0.02,20.94,51
2026-06-02T10:44:12.940Z,2026-06-02T10:45:12.940Z,0,0.243,20.94,51
2026-06-02T10:45:13.105Z,2026-06-02T10:46:13.105Z,0,0.51,20.94,51
2026-06-02T10:46:13.168Z,2026-06-02T10:47:13.168Z,0,0.047,20.94,51
2026-06-02T10:48:13.497Z,2026-06-02T10:49:13.497Z,0,0.023,20.94,51
2026-06-02T10:49:13.562Z,2026-06-02T10:50:13.562Z,0,0.02,20.94,51
2026-06-02T10:50:13.726Z,2026-06-02T10:51:13.726Z,0,0.11,20.94,51
2026-06-02T10:51:13.891Z,2026-06-02T10:52:13.891Z,0,0.28,20.94,51
2026-06-02T10:54:14.285Z,2026-06-02T10:55:14.285Z,0,0.043,20.94,51
2026-06-02T10:55:14.348Z,2026-06-02T10:56:14.348Z,0,0.306,20.94,51
2026-06-02T10:56:14.513Z,2026-06-02T10:57:14.513Z,0,0.887,20.94,51
2026-06-02T10:57:14.677Z,2026-06-02T10:58:14.677Z,0,0.93,20.94,51
2026-06-02T10:58:14.743Z,2026-06-02T10:59:14.743Z,0,0.678,20.94,51
2026-06-02T10:59:14.907Z,2026-06-02T11:00:14.907Z,0,0.227,20.94,51
2026-06-02T11:00:14.971Z,2026-06-02T11:01:14.971Z,0,0.641,20.94,51
2026-06-02T11:01:15.135Z,2026-06-02T11:02:15.135Z,0,0.807,20.94,51
2026-06-02T11:02:15.299Z,2026-06-02T11:03:15.299Z,0,0.583,20.94,51
2026-06-02T11:03:15.365Z,2026-06-02T11:04:15.365Z,0,0.256,20.94,51
2026-06-02T11:04:15.529Z,2026-06-02T11:05:15.529Z,0,0.136,20.94,51
2026-06-02T11:05:15.694Z,2026-06-02T11:06:15.694Z,0,0.753,20.94,51
2026-06-02T11:06:15.757Z,2026-06-02T11:07:15.757Z,0,0.621,20.94,51
2026-06-02T11:07:15.923Z,2026-06-02T11:08:15.923Z,0,0.027,20.94,51
2026-06-02T11:08:16.086Z,2026-06-02T11:09:16.086Z,0,0.263,20.94,51
2026-06-02T11:09:16.151Z,2026-06-02T11:10:16.151Z,0,0.661,20.94,51
2026-06-02T11:10:16.315Z,2026-06-02T11:11:16.315Z,1,0.203,20.94,51
2026-06-02T11:11:16.480Z,2026-06-02T11:12:16.480Z,1,0.527,20.94,51
2026-06-02T11:12:16.545Z,2026-06-02T11:13:16.545Z,0,0.97,20.94,51
2026-06-02T11:13:16.709Z,2026-06-02T11:14:16.709Z,0,0.99,20.94,51
2026-06-02T11:14:16.874Z,2026-06-02T11:15:16.874Z,0,0.953,20.94,51
2026-06-02T11:15:16.937Z,2026-06-02T11:16:16.937Z,0,0.983,20.94,51
2026-06-02T11:16:17.102Z,2026-06-02T11:17:17.102Z,0,0.997,20.94,51
2026-06-02T11:17:17.167Z,2026-06-02T11:18:17.167Z,0,0.97,20.94,51
2026-06-02T11:18:17.332Z,2026-06-02T11:19:17.332Z,0,0.917,20.94,51
2026-06-02T11:19:17.496Z,2026-06-02T11:20:17.496Z,0,0.983,20.94,51
2026-06-02T11:20:17.561Z,2026-06-02T11:21:17.561Z,0,0.95,20.94,51
2026-06-02T11:21:17.724Z,2026-06-02T11:22:17.724Z,0,0.98,20.94,51
2026-06-02T11:22:17.888Z,2026-06-02T11:23:17.888Z,0,0.96,20.94,51
2026-06-02T11:23:17.953Z,2026-06-02T11:24:17.953Z,0,0.953,20.94,51
2026-06-02T11:24:18.118Z,2026-06-02T11:25:18.118Z,0,0.997,20.94,51
2026-06-02T11:25:18.282Z,2026-06-02T11:26:18.282Z,0,1.0,20.94,51
2026-06-02T11:26:18.346Z,2026-06-02T11:27:18.346Z,0,0.987,20.94,51
2026-06-02T11:27:18.512Z,2026-06-02T11:28:18.512Z,0,1.0,20.94,51
2026-06-02T11:28:18.676Z,2026-06-02T11:29:18.676Z,0,0.9,20.94,51
2026-06-02T11:29:18.740Z,2026-06-02T11:30:18.740Z,1,0.807,20.94,51
2026-06-02T11:30:18.904Z,2026-06-02T11:31:18.904Z,1,0.27,20.94,51
2026-06-02T11:31:18.969Z,2026-06-02T11:32:18.969Z,0,0.219,20.94,51
2026-06-02T11:32:19.134Z,2026-06-02T11:33:19.134Z,0,0.037,20.94,51
2026-06-02T11:33:19.298Z,2026-06-02T11:34:19.298Z,1,0.113,20.94,51
2026-06-02T11:34:19.362Z,2026-06-02T11:35:19.362Z,0,0.083,20.94,51
2026-06-02T11:36:19.691Z,2026-06-02T11:37:19.691Z,4,0.12,20.94,51
2026-06-02T11:37:19.756Z,2026-06-02T11:38:19.756Z,3,0.063,20.94,51
2026-06-02T19:20:19.335Z,2026-06-02T19:21:19.335Z,2,0.336,20.94,51
2026-06-02T19:21:19.500Z,2026-06-02T19:22:19.500Z,0,0.06,20.94,51
2026-06-02T23:50:54.138Z,2026-06-02T23:51:54.138Z,0,0.063,20.94,51
2026-06-02T23:51:54.302Z,2026-06-02T23:52:54.302Z,0,0.07,20.94,51
2026-06-02T23:53:54.530Z,2026-06-02T23:54:54.530Z,0,0.86,20.94,51
2026-06-03T02:43:16.322Z,2026-06-03T02:44:16.322Z,1,0.007,20.94,51
2026-06-03T02:44:16.486Z,2026-06-03T02:45:16.486Z,1,0.017,20.94,51
2026-06-03T03:27:21.957Z,2026-06-03T03:28:21.957Z,2,0.086,20.94,51
2026-06-03T03:28:22.121Z,2026-06-03T03:29:22.121Z,0,0.037,20.94,51
2026-06-03T03:32:22.678Z,2026-06-03T03:33:22.678Z,1,0.07,20.94,51
2026-06-03T03:33:22.743Z,2026-06-03T03:34:22.743Z,0,0.01,20.94,51
2026-06-03T03:34:22.907Z,2026-06-03T03:35:22.907Z,0,0.07,20.94,51
2026-06-03T03:35:22.973Z,2026-06-03T03:36:22.973Z,0,0.027,20.94,51
2026-06-03T03:36:23.137Z,2026-06-03T03:37:23.137Z,0,0.003,20.94,51
2026-06-03T03:39:23.529Z,2026-06-03T03:40:23.529Z,0,0.003,20.94,51
2026-06-03T03:42:23.924Z,2026-06-03T03:43:23.924Z,0,0.04,20.94,51
2026-06-03T03:43:24.088Z,2026-06-03T03:44:24.088Z,0,0.06,20.94,51
2026-06-03T03:44:24.153Z,2026-06-03T03:45:24.153Z,0,0.083,20.94,51
2026-06-03T03:45:24.316Z,2026-06-03T03:46:24.316Z,0,0.14,20.94,51
2026-06-03T03:47:24.546Z,2026-06-03T03:48:24.546Z,0,0.003,20.94,51
2026-06-03T03:50:24.938Z,2026-06-03T03:51:24.938Z,0,0.017,20.94,51
2026-06-03T03:51:25.104Z,2026-06-03T03:52:25.104Z,0,0.057,20.94,51
2026-06-03T03:52:25.167Z,2026-06-03T03:53:25.167Z,0,0.013,20.94,51
2026-06-03T03:58:25.954Z,2026-06-03T03:59:25.954Z,0,0.233,20.94,51
2026-06-03T03:59:26.118Z,2026-06-03T04:00:26.118Z,0,0.169,20.94,51
2026-06-03T04:00:26.283Z,2026-06-03T04:01:26.283Z,0,0.023,20.94,51
2026-06-03T04:01:26.348Z,2026-06-03T04:02:26.348Z,0,0.003,20.94,51
2026-06-03T04:02:26.512Z,2026-06-03T04:03:26.512Z,0,0.05,20.94,51
2026-06-03T04:03:26.677Z,2026-06-03T04:04:26.677Z,0,0.173,20.94,51
2026-06-03T04:04:26.740Z,2026-06-03T04:05:26.740Z,0,0.01,20.94,51
2026-06-03T04:05:26.905Z,2026-06-03T04:06:26.905Z,0,0.007,20.94,51
2026-06-03T04:06:26.970Z,2026-06-03T04:07:26.970Z,0,0.023,20.94,51
2026-06-03T04:08:27.299Z,2026-06-03T04:09:27.299Z,0,0.007,20.94,51
2026-06-03T04:11:27.691Z,2026-06-03T04:12:27.691Z,0,0.033,20.94,51
2026-06-03T04:12:27.756Z,2026-06-03T04:13:27.756Z,1,0.066,20.94,51
2026-06-03T04:13:27.921Z,2026-06-03T04:14:27.921Z,0,0.013,20.94,51
2026-06-03T04:32:30.345Z,2026-06-03T04:33:30.345Z,5,0.864,20.94,51
2026-06-03T04:33:30.509Z,2026-06-03T04:34:30.509Z,6,0.841,20.94,51
2026-06-03T04:34:30.674Z,2026-06-03T04:35:30.674Z,0,0.007,20.94,51
2026-06-03T04:39:31.296Z,2026-06-03T04:40:31.296Z,0,0.003,20.94,51
2026-06-03T04:41:31.526Z,2026-06-03T04:42:31.526Z,3,0.239,20.94,51
2026-06-03T04:42:31.690Z,2026-06-03T04:43:31.690Z,2,0.563,20.94,51
2026-06-03T04:43:31.755Z,2026-06-03T04:44:31.755Z,1,0.262,20.94,51
2026-06-03T04:44:31.918Z,2026-06-03T04:45:31.918Z,0,0.09,20.94,51
2026-06-03T04:45:32.082Z,2026-06-03T04:46:32.082Z,0,0.393,20.94,51
2026-06-03T04:46:32.148Z,2026-06-03T04:47:32.148Z,0,0.269,20.94,51
2026-06-03T04:47:32.312Z,2026-06-03T04:48:32.312Z,0,0.229,20.94,51
2026-06-03T04:48:32.476Z,2026-06-03T04:49:32.476Z,12,1.627,20.94,51
2026-06-03T04:49:32.540Z,2026-06-03T04:50:32.540Z,9,1.179,20.94,51
2026-06-03T04:50:32.706Z,2026-06-03T04:51:32.706Z,6,1.487,20.94,51
2026-06-03T04:51:32.769Z,2026-06-03T04:52:32.769Z,4,0.917,20.94,51
2026-06-03T04:52:32.934Z,2026-06-03T04:53:32.934Z,5,0.286,20.94,51
2026-06-03T04:53:33.098Z,2026-06-03T04:54:33.098Z,1,0.45,20.94,51
2026-06-03T04:54:33.164Z,2026-06-03T04:55:33.164Z,0,0.106,20.94,51
2026-06-03T04:55:33.328Z,2026-06-03T04:56:33.328Z,0,0.013,20.94,51
2026-06-03T04:56:33.492Z,2026-06-03T04:57:33.492Z,0,0.087,20.94,51
2026-06-03T04:57:33.556Z,2026-06-03T04:58:33.556Z,0,0.156,20.94,51
2026-06-03T04:58:33.720Z,2026-06-03T04:59:33.720Z,1,0.219,20.94,51
2026-06-03T04:59:33.885Z,2026-06-03T05:00:33.885Z,0,0.17,20.94,51
2026-06-03T05:00:33.950Z,2026-06-03T05:01:33.950Z,0,0.571,20.94,51
2026-06-03T05:01:34.115Z,2026-06-03T05:02:34.115Z,1,0.153,20.94,51
2026-06-03T05:02:34.279Z,2026-06-03T05:03:34.279Z,1,0.06,20.94,51
2026-06-03T05:03:34.342Z,2026-06-03T05:04:34.342Z,0,0.113,20.94,51
2026-06-03T05:04:34.507Z,2026-06-03T05:05:34.507Z,3,0.417,20.94,51
2026-06-03T05:05:34.572Z,2026-06-03T05:06:34.572Z,0,0.286,20.94,51
2026-06-03T05:06:34.736Z,2026-06-03T05:07:34.736Z,2,0.106,20.94,51
2026-06-03T05:07:34.901Z,2026-06-03T05:08:34.901Z,0,0.19,20.94,51
2026-06-03T05:08:34.966Z,2026-06-03T05:09:34.966Z,0,0.163,20.94,51
2026-06-03T05:09:35.130Z,2026-06-03T05:10:35.130Z,0,0.243,20.94,51
2026-06-03T05:10:35.295Z,2026-06-03T05:11:35.295Z,1,0.333,20.94,51
2026-06-03T05:11:35.358Z,2026-06-03T05:12:35.358Z,0,0.239,20.94,51
2026-06-03T05:12:35.523Z,2026-06-03T05:13:35.523Z,0,0.047,20.94,51
2026-06-03T05:13:35.687Z,2026-06-03T05:14:35.687Z,1,0.163,20.94,51
2026-06-03T05:14:35.752Z,2026-06-03T05:15:35.752Z,0,0.15,20.94,51
2026-06-03T05:15:35.917Z,2026-06-03T05:16:35.917Z,0,0.551,20.94,51
2026-06-03T05:16:36.081Z,2026-06-03T05:17:36.081Z,0,0.19,20.94,51
2026-06-03T05:17:36.145Z,2026-06-03T05:18:36.145Z,0,0.116,20.94,51
2026-06-03T05:18:36.309Z,2026-06-03T05:19:36.309Z,1,0.053,20.94,51
2026-06-03T05:19:36.474Z,2026-06-03T05:20:36.474Z,1,0.25,20.94,51
2026-06-03T05:20:36.539Z,2026-06-03T05:21:36.539Z,0,0.196,20.94,51
2026-06-03T05:21:36.703Z,2026-06-03T05:22:36.703Z,0,0.07,20.94,51
2026-06-03T05:22:36.767Z,2026-06-03T05:23:36.767Z,0,0.106,20.94,51
2026-06-03T05:23:36.931Z,2026-06-03T05:24:36.931Z,0,0.093,20.94,51
2026-06-03T05:24:37.096Z,2026-06-03T05:25:37.096Z,0,0.017,20.94,51
2026-06-03T05:25:37.161Z,2026-06-03T05:26:37.161Z,0,0.12,20.94,51
2026-06-03T05:26:37.325Z,2026-06-03T05:27:37.325Z,1,0.312,20.94,51
2026-06-03T05:27:37.490Z,2026-06-03T05:28:37.490Z,0,0.193,20.94,51
2026-06-03T05:28:37.555Z,2026-06-03T05:29:37.555Z,0,0.066,20.94,51
2026-06-03T05:29:37.719Z,2026-06-03T05:30:37.719Z,1,0.362,20.94,51
2026-06-03T05:30:37.884Z,2026-06-03T05:31:37.884Z,1,0.23,20.94,51
2026-06-03T05:31:37.947Z,2026-06-03T05:32:37.947Z,0,0.342,20.94,51
2026-06-03T05:32:38.112Z,2026-06-03T05:33:38.112Z,1,0.462,20.94,51
2026-06-03T05:33:38.276Z,2026-06-03T05:34:38.276Z,1,0.743,20.94,51
2026-06-03T05:34:38.341Z,2026-06-03T05:35:38.341Z,1,0.738,20.94,51
2026-06-03T05:35:38.506Z,2026-06-03T05:36:38.506Z,1,0.713,20.94,51
2026-06-03T05:36:38.569Z,2026-06-03T05:37:38.569Z,0,0.249,20.94,51
2026-06-03T05:37:38.734Z,2026-06-03T05:38:38.734Z,1,0.508,20.94,51
2026-06-03T05:38:38.898Z,2026-06-03T05:39:38.898Z,1,0.363,20.94,51
2026-06-03T05:39:38.963Z,2026-06-03T05:40:38.963Z,0,0.439,20.94,51
2026-06-03T05:40:39.128Z,2026-06-03T05:41:39.128Z,2,0.894,20.94,51
2026-06-03T05:41:39.292Z,2026-06-03T05:42:39.292Z,5,1.15,20.94,51
2026-06-03T05:42:39.357Z,2026-06-03T05:43:39.357Z,0,0.967,20.94,51
2026-06-03T05:43:39.520Z,2026-06-03T05:44:39.520Z,2,0.409,20.94,51
2026-06-03T05:44:39.686Z,2026-06-03T05:45:39.686Z,1,0.393,20.94,51
2026-06-03T05:45:39.750Z,2026-06-03T05:46:39.750Z,1,0.555,20.94,51
2026-06-03T05:46:39.914Z,2026-06-03T05:47:39.914Z,2,0.801,20.94,51
2026-06-03T05:47:40.078Z,2026-06-03T05:48:40.078Z,1,0.62,20.94,51
2026-06-03T05:48:40.144Z,2026-06-03T05:49:40.144Z,2,0.97,20.94,51
2026-06-03T05:49:40.308Z,2026-06-03T05:50:40.308Z,2,0.16,20.94,51
2026-06-03T05:50:40.372Z,2026-06-03T05:51:40.372Z,2,0.359,20.94,51
2026-06-03T05:51:40.536Z,2026-06-03T05:52:40.536Z,2,0.618,20.94,51
2026-06-03T05:52:40.700Z,2026-06-03T05:53:40.700Z,0,0.237,20.94,51
2026-06-03T05:53:40.766Z,2026-06-03T05:54:40.766Z,1,0.668,20.94,51
2026-06-03T05:54:40.930Z,2026-06-03T05:55:40.930Z,1,0.591,20.94,51
2026-06-03T05:55:41.095Z,2026-06-03T05:56:41.095Z,1,0.657,20.94,51
2026-06-03T05:56:41.158Z,2026-06-03T05:57:41.158Z,2,0.342,20.94,51
2026-06-03T05:57:41.323Z,2026-06-03T05:58:41.323Z,0,0.123,20.94,51
2026-06-03T05:59:41.552Z,2026-06-03T06:00:41.552Z,0,0.083,20.94,51
2026-06-03T06:00:41.717Z,2026-06-03T06:01:41.717Z,0,0.013,20.94,51
2026-06-03T06:01:41.881Z,2026-06-03T06:02:41.881Z,1,0.25,20.94,51
2026-06-03T06:02:41.946Z,2026-06-03T06:03:41.946Z,1,0.714,20.94,51
2026-06-03T06:03:42.109Z,2026-06-03T06:04:42.109Z,1,0.867,20.94,51
2026-06-03T06:04:42.275Z,2026-06-03T06:05:42.275Z,3,1.12,20.94,51
2026-06-03T06:05:42.338Z,2026-06-03T06:06:42.338Z,2,1.229,20.94,51
2026-06-03T06:06:42.503Z,2026-06-03T06:07:42.503Z,2,0.927,20.94,51
2026-06-03T06:07:42.568Z,2026-06-03T06:08:42.568Z,4,0.555,20.94,51
2026-06-03T19:19:24.723Z,2026-06-03T19:20:24.723Z,1,0.06,20.94,51
2026-06-03T19:20:24.753Z,2026-06-03T19:21:24.753Z,2,0.279,20.94,51
2026-06-03T19:21:24.917Z,2026-06-03T19:22:24.917Z,4,0.319,20.94,51
2026-06-03T19:22:25.082Z,2026-06-03T19:23:25.082Z,0,0.04,20.94,51
2026-06-04T00:17:02.930Z,2026-06-04T00:18:02.930Z,1,0.027,20.94,51
2026-06-04T00:20:03.323Z,2026-06-04T00:21:03.323Z,0,0.007,20.94,51
2026-06-04T00:22:03.552Z,2026-06-04T00:23:03.552Z,0,0.047,20.94,51
2026-06-04T00:31:04.733Z,2026-06-04T00:32:04.733Z,1,0.007,20.94,51
2026-06-04T00:37:05.519Z,2026-06-04T00:38:05.519Z,3,0.103,20.94,51
2026-06-04T00:39:05.749Z,2026-06-04T00:40:05.749Z,1,0.033,20.94,51
2026-06-04T00:40:05.913Z,2026-06-04T00:41:05.913Z,0,0.01,20.94,51
2026-06-04T00:41:06.078Z,2026-06-04T00:42:06.078Z,0,0.11,20.94,51
2026-06-04T00:42:06.141Z,2026-06-04T00:43:06.141Z,0,0.033,20.94,51
2026-06-04T00:43:06.306Z,2026-06-04T00:44:06.306Z,0,0.013,20.94,51
2026-06-04T00:44:06.371Z,2026-06-04T00:45:06.371Z,0,0.017,20.94,51
2026-06-04T00:45:06.535Z,2026-06-04T00:46:06.535Z,0,0.003,20.94,51
2026-06-04T00:46:06.700Z,2026-06-04T00:47:06.700Z,0,0.003,20.94,51
2026-06-04T00:50:07.157Z,2026-06-04T00:51:07.157Z,0,0.003,20.94,51
2026-06-04T00:51:07.322Z,2026-06-04T00:52:07.322Z,1,0.017,20.94,51
2026-06-04T00:52:07.486Z,2026-06-04T00:53:07.486Z,1,0.01,20.94,51
2026-06-04T00:54:07.714Z,2026-06-04T00:55:07.714Z,0,0.007,20.94,51
2026-06-04T00:58:08.273Z,2026-06-04T00:59:08.273Z,0,0.003,20.94,51
2026-06-04T01:13:10.140Z,2026-06-04T01:14:10.140Z,1,0.027,20.94,51
2026-06-04T01:26:11.878Z,2026-06-04T01:27:11.878Z,1,0.05,20.94,51
2026-06-04T01:27:11.941Z,2026-06-04T01:28:11.941Z,2,0.056,20.94,51
2026-06-04T01:28:12.105Z,2026-06-04T01:29:12.105Z,0,0.027,20.94,51
2026-06-04T01:29:12.171Z,2026-06-04T01:30:12.171Z,1,0.08,20.94,51
2026-06-04T01:44:14.138Z,2026-06-04T01:45:14.138Z,2,0.093,20.94,51
2026-06-04T01:50:14.924Z,2026-06-04T01:51:14.924Z,0,0.003,20.94,51
2026-06-04T02:00:16.168Z,2026-06-04T02:01:16.168Z,0,0.146,20.94,51
2026-06-04T02:01:16.332Z,2026-06-04T02:02:16.332Z,1,0.017,20.94,51
2026-06-04T02:03:16.562Z,2026-06-04T02:04:16.562Z,3,0.189,20.94,51
2026-06-04T02:08:17.283Z,2026-06-04T02:09:17.283Z,1,0.04,20.94,51
2026-06-04T02:09:17.348Z,2026-06-04T02:10:17.348Z,0,0.03,20.94,51
2026-06-04T02:10:17.513Z,2026-06-04T02:11:17.513Z,1,0.02,20.94,51
2026-06-04T02:11:17.677Z,2026-06-04T02:12:17.677Z,1,0.037,20.94,51
2026-06-04T02:16:18.299Z,2026-06-04T02:17:18.299Z,0,0.01,20.94,51
2026-06-04T02:17:18.364Z,2026-06-04T02:18:18.364Z,0,0.02,20.94,51
2026-06-04T02:43:21.740Z,2026-06-04T02:44:21.740Z,2,0.086,20.94,51
2026-06-04T02:44:21.904Z,2026-06-04T02:45:21.904Z,1,0.023,20.94,51
2026-06-04T02:47:22.298Z,2026-06-04T02:48:22.298Z,1,0.063,20.94,51
2026-06-04T02:48:22.361Z,2026-06-04T02:49:22.361Z,1,0.056,20.94,51
2026-06-04T03:39:28.948Z,2026-06-04T03:40:28.948Z,2,0.186,20.94,51
2026-06-04T03:40:29.112Z,2026-06-04T03:41:29.112Z,3,0.259,20.94,51
2026-06-04T03:42:29.342Z,2026-06-04T03:43:29.342Z,1,0.492,20.94,51
2026-06-04T03:43:29.506Z,2026-06-04T03:44:29.506Z,1,0.613,20.94,51
2026-06-04T03:44:29.571Z,2026-06-04T03:45:29.571Z,0,0.003,20.94,51
2026-06-04T04:46:37.766Z,2026-06-04T04:47:37.766Z,0,0.003,20.94,51
2026-06-04T06:50:53.957Z,2026-06-04T06:51:53.957Z,1,0.06,20.94,51
2026-06-04T06:51:54.121Z,2026-06-04T06:52:54.121Z,4,0.272,20.94,51
2026-06-04T06:52:54.286Z,2026-06-04T06:53:54.286Z,3,0.583,20.94,51
2026-06-04T06:53:54.349Z,2026-06-04T06:54:54.349Z,4,1.01,20.94,51
2026-06-04T06:54:54.515Z,2026-06-04T06:55:54.515Z,1,0.631,20.94,51
2026-06-04T06:55:54.678Z,2026-06-04T06:56:54.678Z,2,0.49,20.94,51
2026-06-04T06:56:54.743Z,2026-06-04T06:57:54.743Z,1,0.452,20.94,51
2026-06-04T07:00:55.301Z,2026-06-04T07:01:55.301Z,3,0.42,20.94,51
2026-06-04T07:01:55.365Z,2026-06-04T07:02:55.365Z,3,0.551,20.94,51
2026-06-04T07:02:55.529Z,2026-06-04T07:03:55.529Z,2,0.734,20.94,51
2026-06-04T07:03:55.694Z,2026-06-04T07:04:55.694Z,0,0.977,20.94,51
2026-06-04T07:04:55.759Z,2026-06-04T07:05:55.759Z,2,0.419,20.94,51
2026-06-04T07:54:02.117Z,2026-06-04T07:55:02.117Z,0,0.003,20.94,51
2026-06-04T08:18:05.164Z,2026-06-04T08:19:05.164Z,0,0.003,20.94,51
2026-06-04T08:19:05.328Z,2026-06-04T08:20:05.328Z,0,0.086,20.94,51
2026-06-04T08:20:05.493Z,2026-06-04T08:21:05.493Z,2,0.03,20.94,51
2026-06-04T08:22:05.721Z,2026-06-04T08:23:05.721Z,2,0.047,20.94,51
2026-06-04T08:25:06.115Z,2026-06-04T08:26:06.115Z,0,0.007,20.94,51
2026-06-04T08:26:06.279Z,2026-06-04T08:27:06.279Z,0,0.003,20.94,51
2026-06-04T08:27:06.344Z,2026-06-04T08:28:06.344Z,0,0.003,20.94,51
2026-06-04T08:30:06.736Z,2026-06-04T08:31:06.736Z,0,0.003,20.94,51
2026-06-04T08:31:06.901Z,2026-06-04T08:32:06.901Z,0,0.003,20.94,51
2026-06-04T08:32:06.966Z,2026-06-04T08:33:06.966Z,1,0.023,20.94,51
2026-06-04T08:39:07.917Z,2026-06-04T08:40:07.917Z,0,0.003,20.94,51
2026-06-04T08:40:08.082Z,2026-06-04T08:41:08.082Z,0,0.257,20.94,51
2026-06-04T08:41:08.145Z,2026-06-04T08:42:08.145Z,0,0.007,20.94,51
2026-06-04T08:42:08.311Z,2026-06-04T08:43:08.311Z,0,0.003,20.94,51
2026-06-04T08:43:08.474Z,2026-06-04T08:44:08.474Z,0,0.003,20.94,51
2026-06-04T08:52:09.555Z,2026-06-04T08:53:09.555Z,0,0.003,20.94,51
2026-06-04T08:55:09.948Z,2026-06-04T08:56:09.948Z,0,0.02,20.94,51
2026-06-04T08:56:10.112Z,2026-06-04T08:57:10.112Z,0,0.003,20.94,51
2026-06-04T08:58:10.342Z,2026-06-04T08:59:10.342Z,0,0.03,20.94,51
2026-06-04T08:59:10.506Z,2026-06-04T09:00:10.506Z,0,0.073,20.94,51
2026-06-04T09:00:10.571Z,2026-06-04T09:01:10.571Z,0,0.003,20.94,51
2026-06-04T09:02:10.900Z,2026-06-04T09:03:10.900Z,0,0.013,20.94,51
2026-06-04T09:05:11.292Z,2026-06-04T09:06:11.292Z,0,0.003,20.94,51
2026-06-04T09:06:11.358Z,2026-06-04T09:07:11.358Z,0,0.037,20.94,51
2026-06-04T09:07:11.522Z,2026-06-04T09:08:11.522Z,0,0.007,20.94,51
2026-06-04T09:08:11.686Z,2026-06-04T09:09:11.686Z,0,0.483,20.94,51
2026-06-04T09:09:11.750Z,2026-06-04T09:10:11.750Z,0,0.761,20.94,51
2026-06-04T09:10:11.914Z,2026-06-04T09:11:11.914Z,0,0.482,20.94,51
2026-06-04T09:11:12.079Z,2026-06-04T09:12:12.079Z,0,0.8,20.94,51
2026-06-04T09:12:12.144Z,2026-06-04T09:13:12.144Z,0,0.043,20.94,51
2026-06-04T09:14:12.473Z,2026-06-04T09:15:12.473Z,0,0.013,20.94,51
2026-06-04T09:16:12.701Z,2026-06-04T09:17:12.701Z,0,0.043,20.94,51
2026-06-04T09:31:14.569Z,2026-06-04T09:32:14.569Z,0,0.003,20.94,51
2026-06-04T09:32:14.733Z,2026-06-04T09:33:14.733Z,3,0.066,20.94,51
2026-06-04T09:33:14.898Z,2026-06-04T09:34:14.898Z,1,0.037,20.94,51
2026-06-04T19:25:31.316Z,2026-06-04T19:26:31.316Z,2,0.057,20.94,51
2026-06-05T01:04:15.075Z,2026-06-05T01:05:15.075Z,1,0.047,20.94,51
2026-06-05T01:05:15.141Z,2026-06-05T01:06:15.141Z,0,0.003,20.94,51
2026-06-05T01:54:21.506Z,2026-06-05T01:55:21.506Z,1,0.033,20.94,51
2026-06-05T02:34:26.684Z,2026-06-05T02:35:26.684Z,0,0.007,20.94,51
2026-06-05T03:22:32.878Z,2026-06-05T03:23:32.878Z,1,0.03,20.94,51
2026-06-05T03:31:33.959Z,2026-06-05T03:32:33.959Z,0,0.003,20.94,51
2026-06-05T04:07:38.677Z,2026-06-05T04:08:38.677Z,1,0.123,20.94,51
2026-06-05T04:08:38.743Z,2026-06-05T04:09:38.743Z,0,0.003,20.94,51
2026-06-05T04:10:38.971Z,2026-06-05T04:11:38.971Z,1,0.027,20.94,51
2026-06-05T04:11:39.135Z,2026-06-05T04:12:39.135Z,0,0.003,20.94,51
2026-06-05T04:17:39.923Z,2026-06-05T04:18:39.923Z,1,0.013,20.94,51
2026-06-05T04:22:40.545Z,2026-06-05T04:23:40.545Z,0,0.003,20.94,51
2026-06-05T04:42:43.125Z,2026-06-05T04:43:43.125Z,0,0.003,20.94,51
2026-06-05T04:46:43.683Z,2026-06-05T04:47:43.683Z,2,0.04,20.94,51
2026-06-05T04:48:43.911Z,2026-06-05T04:49:43.911Z,1,0.03,20.94,51
2026-06-05T04:52:44.369Z,2026-06-05T04:53:44.369Z,0,0.007,20.94,51
2026-06-05T04:54:44.698Z,2026-06-05T04:55:44.698Z,2,0.067,20.94,51
2026-06-05T06:04:53.710Z,2026-06-05T06:05:53.710Z,3,0.066,20.94,51
2026-06-05T06:49:59.509Z,2026-06-05T06:50:59.509Z,2,0.063,20.94,51
2026-06-05T06:50:59.674Z,2026-06-05T06:51:59.674Z,0,0.01,20.94,51
2026-06-05T06:52:59.903Z,2026-06-05T06:53:59.903Z,3,0.147,20.94,51
2026-06-05T06:53:59.967Z,2026-06-05T06:54:59.967Z,0,0.01,20.94,51
2026-06-05T06:55:00.131Z,2026-06-05T06:56:00.131Z,0,0.003,20.94,51
2026-06-05T06:56:00.296Z,2026-06-05T06:57:00.296Z,2,0.03,20.94,51
2026-06-05T07:20:03.342Z,2026-06-05T07:21:03.342Z,2,0.066,20.94,51
2026-06-05T07:29:04.523Z,2026-06-05T07:30:04.523Z,0,0.056,20.94,51
2026-06-05T07:30:04.687Z,2026-06-05T07:31:04.687Z,0,0.173,20.94,51
2026-06-05T07:31:04.752Z,2026-06-05T07:32:04.752Z,0,0.581,20.94,51
2026-06-05T07:32:04.917Z,2026-06-05T07:33:04.917Z,0,0.053,20.94,51
2026-06-05T07:33:05.081Z,2026-06-05T07:34:05.081Z,0,0.2,20.94,51
2026-06-05T07:34:05.145Z,2026-06-05T07:35:05.145Z,0,0.01,20.94,51
2026-06-05T07:35:05.309Z,2026-06-05T07:36:05.309Z,0,0.193,20.94,51
2026-06-05T07:36:05.474Z,2026-06-05T07:37:05.474Z,0,0.003,20.94,51
2026-06-05T07:41:06.096Z,2026-06-05T07:42:06.096Z,0,0.007,20.94,51
2026-06-05T07:45:06.555Z,2026-06-05T07:46:06.555Z,0,0.007,20.94,51
2026-06-05T07:46:06.719Z,2026-06-05T07:47:06.719Z,0,0.003,20.94,51
2026-06-05T07:48:06.947Z,2026-06-05T07:49:06.947Z,0,0.003,20.94,51
2026-06-05T07:53:07.569Z,2026-06-05T07:54:07.569Z,0,0.003,20.94,51
2026-06-05T08:01:08.686Z,2026-06-05T08:02:08.686Z,0,0.007,20.94,51
2026-06-05T08:02:08.750Z,2026-06-05T08:03:08.750Z,0,0.007,20.94,51
2026-06-05T08:06:09.308Z,2026-06-05T08:07:09.308Z,0,0.003,20.94,51
2026-06-05T08:07:09.371Z,2026-06-05T08:08:09.371Z,0,0.01,20.94,51
2026-06-05T08:09:09.700Z,2026-06-05T08:10:09.700Z,0,0.003,20.94,51
2026-06-05T08:11:09.930Z,2026-06-05T08:12:09.930Z,1,0.392,20.94,51
2026-06-05T08:12:10.095Z,2026-06-05T08:13:10.095Z,0,0.647,20.94,51
2026-06-05T08:13:10.158Z,2026-06-05T08:14:10.158Z,0,0.757,20.94,51
2026-06-05T08:14:10.323Z,2026-06-05T08:15:10.323Z,0,0.96,20.94,51
2026-06-05T08:15:10.487Z,2026-06-05T08:16:10.487Z,0,0.663,20.94,51
2026-06-05T08:16:10.552Z,2026-06-05T08:17:10.552Z,0,0.525,20.94,51
2026-06-05T08:17:10.717Z,2026-06-05T08:18:10.717Z,0,0.645,20.94,51
2026-06-05T08:18:10.881Z,2026-06-05T08:19:10.881Z,0,0.953,20.94,51
2026-06-05T08:19:10.946Z,2026-06-05T08:20:10.946Z,0,0.86,20.94,51
2026-06-05T08:20:11.109Z,2026-06-05T08:21:11.109Z,0,0.243,20.94,51
2026-06-05T08:21:11.275Z,2026-06-05T08:22:11.275Z,0,0.273,20.94,51
2026-06-05T08:22:11.338Z,2026-06-05T08:23:11.338Z,0,0.123,20.94,51
2026-06-05T08:23:11.503Z,2026-06-05T08:24:11.503Z,0,0.337,20.94,51
2026-06-05T08:24:11.568Z,2026-06-05T08:25:11.568Z,0,0.425,20.94,51
2026-06-05T08:25:11.733Z,2026-06-05T08:26:11.733Z,0,0.123,20.94,51
2026-06-05T08:26:11.897Z,2026-06-05T08:27:11.897Z,0,0.117,20.94,51
2026-06-05T08:27:11.960Z,2026-06-05T08:28:11.960Z,0,0.027,20.94,51
2026-06-05T08:28:12.125Z,2026-06-05T08:29:12.125Z,0,0.083,20.94,51
2026-06-05T08:29:12.289Z,2026-06-05T08:30:12.289Z,0,0.027,20.94,51
2026-06-05T08:31:12.519Z,2026-06-05T08:32:12.519Z,0,0.08,20.94,51
2026-06-05T08:32:12.684Z,2026-06-05T08:33:12.684Z,0,0.02,20.94,51
2026-06-05T08:33:12.747Z,2026-06-05T08:34:12.747Z,0,0.076,20.94,51
2026-06-05T08:34:12.913Z,2026-06-05T08:35:12.913Z,0,0.183,20.94,51
2026-06-05T08:35:13.076Z,2026-06-05T08:36:13.076Z,0,0.02,20.94,51
2026-06-05T08:36:13.141Z,2026-06-05T08:37:13.141Z,0,0.003,20.94,51
2026-06-05T08:37:13.305Z,2026-06-05T08:38:13.305Z,0,0.76,20.94,51
2026-06-05T08:38:13.369Z,2026-06-05T08:39:13.369Z,0,0.249,20.94,51
2026-06-05T08:39:13.535Z,2026-06-05T08:40:13.535Z,1,0.651,20.94,51
2026-06-05T08:41:13.763Z,2026-06-05T08:42:13.763Z,1,0.013,20.94,51
2026-06-05T08:42:13.927Z,2026-06-05T08:43:13.927Z,1,0.721,20.94,51
2026-06-05T08:43:14.092Z,2026-06-05T08:44:14.092Z,0,0.377,20.94,51
2026-06-05T08:44:14.157Z,2026-06-05T08:45:14.157Z,2,0.439,20.94,51
2026-06-05T08:45:14.321Z,2026-06-05T08:46:14.321Z,0,0.15,20.94,51
2026-06-05T08:46:14.486Z,2026-06-05T08:47:14.486Z,1,0.123,20.94,51
2026-06-05T08:47:14.549Z,2026-06-05T08:48:14.549Z,0,0.1,20.94,51
2026-06-05T08:48:14.714Z,2026-06-05T08:49:14.714Z,0,0.199,20.94,51
2026-06-05T08:49:14.878Z,2026-06-05T08:50:14.878Z,0,0.177,20.94,51
2026-06-05T08:50:14.944Z,2026-06-05T08:51:14.944Z,0,0.246,20.94,51
2026-06-05T08:51:15.108Z,2026-06-05T08:52:15.108Z,1,0.83,20.94,51
2026-06-05T08:52:15.171Z,2026-06-05T08:53:15.171Z,1,0.754,20.94,51
2026-06-05T08:53:15.336Z,2026-06-05T08:54:15.336Z,0,0.449,20.94,51
2026-06-05T08:54:15.500Z,2026-06-05T08:55:15.500Z,0,0.763,20.94,51
2026-06-05T08:55:15.565Z,2026-06-05T08:56:15.565Z,0,0.844,20.94,51
2026-06-05T08:56:15.730Z,2026-06-05T08:57:15.730Z,0,0.9,20.94,51
2026-06-05T08:57:15.894Z,2026-06-05T08:58:15.894Z,0,0.723,20.94,51
2026-06-05T08:58:15.959Z,2026-06-05T08:59:15.959Z,0,0.914,20.94,51
2026-06-05T08:59:16.124Z,2026-06-05T09:00:16.124Z,1,0.95,20.94,51
2026-06-05T09:00:16.288Z,2026-06-05T09:01:16.288Z,0,0.973,20.94,51
2026-06-05T09:01:16.351Z,2026-06-05T09:02:16.351Z,3,0.166,20.94,51
2026-06-05T09:02:16.516Z,2026-06-05T09:03:16.516Z,3,0.482,20.94,51
2026-06-05T09:03:16.680Z,2026-06-05T09:04:16.680Z,2,0.68,20.94,51
2026-06-05T09:04:16.746Z,2026-06-05T09:05:16.746Z,0,0.375,20.94,51
2026-06-05T09:05:16.910Z,2026-06-05T09:06:16.910Z,0,0.159,20.94,51
2026-06-05T09:06:17.075Z,2026-06-05T09:07:17.075Z,1,0.497,20.94,51
2026-06-05T09:07:17.138Z,2026-06-05T09:08:17.138Z,2,0.691,20.94,51
2026-06-05T09:08:17.303Z,2026-06-05T09:09:17.303Z,2,0.48,20.94,51
2026-06-05T09:09:17.368Z,2026-06-05T09:10:17.368Z,1,0.093,20.94,51
2026-06-05T09:10:17.532Z,2026-06-05T09:11:17.532Z,0,0.163,20.94,51
2026-06-05T09:11:17.697Z,2026-06-05T09:12:17.697Z,2,0.5,20.94,51
2026-06-05T09:12:17.760Z,2026-06-05T09:13:17.760Z,0,0.535,20.94,51
2026-06-05T09:13:17.926Z,2026-06-05T09:14:17.926Z,1,0.93,20.94,51
2026-06-05T09:14:18.089Z,2026-06-05T09:15:18.089Z,0,0.6,20.94,51
2026-06-05T09:15:18.154Z,2026-06-05T09:16:18.154Z,0,0.661,20.94,51
2026-06-05T09:16:18.319Z,2026-06-05T09:17:18.319Z,0,0.173,20.94,51
2026-06-05T09:17:18.483Z,2026-06-05T09:18:18.483Z,0,0.25,20.94,51
2026-06-05T09:19:18.711Z,2026-06-05T09:20:18.711Z,0,0.023,20.94,51
2026-06-05T09:20:18.877Z,2026-06-05T09:21:18.877Z,0,0.08,20.94,51
2026-06-05T09:21:18.940Z,2026-06-05T09:22:18.940Z,0,0.206,20.94,51
2026-06-05T09:23:19.170Z,2026-06-05T09:24:19.170Z,0,0.003,20.94,51
2026-06-05T09:24:19.335Z,2026-06-05T09:25:19.335Z,0,0.395,20.94,51
2026-06-05T09:25:19.499Z,2026-06-05T09:26:19.499Z,0,0.313,20.94,51
2026-06-05T09:27:19.727Z,2026-06-05T09:28:19.727Z,0,0.003,20.94,51
2026-06-05T09:32:20.349Z,2026-06-05T09:33:20.349Z,0,0.007,20.94,51
2026-06-05T09:54:23.167Z,2026-06-05T09:55:23.167Z,1,0.076,20.94,51
2026-06-05T09:55:23.332Z,2026-06-05T09:56:23.332Z,0,0.003,20.94,51
2026-06-05T09:56:23.496Z,2026-06-05T09:57:23.496Z,0,0.023,20.94,51
2026-06-05T09:57:23.561Z,2026-06-05T09:58:23.561Z,0,0.03,20.94,51
2026-06-05T09:59:23.890Z,2026-06-05T10:00:23.890Z,0,0.267,20.94,51
2026-06-05T10:00:23.954Z,2026-06-05T10:01:23.954Z,0,0.01,20.94,51
2026-06-05T10:01:24.118Z,2026-06-05T10:02:24.118Z,3,0.246,20.94,51
2026-06-05T10:02:24.283Z,2026-06-05T10:03:24.283Z,4,0.13,20.94,51
2026-06-05T10:03:24.348Z,2026-06-05T10:04:24.348Z,0,0.007,20.94,51
2026-06-05T10:04:24.513Z,2026-06-05T10:05:24.513Z,0,0.007,20.94,51
2026-06-05T10:05:24.677Z,2026-06-05T10:06:24.677Z,1,0.027,20.94,51
2026-06-05T10:06:24.740Z,2026-06-05T10:07:24.740Z,0,0.03,20.94,51
2026-06-05T10:08:24.970Z,2026-06-05T10:09:24.970Z,0,0.027,20.94,51
2026-06-05T10:11:25.364Z,2026-06-05T10:12:25.364Z,0,0.365,20.94,51
2026-06-05T10:12:25.528Z,2026-06-05T10:13:25.528Z,1,0.176,20.94,51
2026-06-05T10:13:25.691Z,2026-06-05T10:14:25.691Z,0,0.027,20.94,51
2026-06-05T10:14:25.756Z,2026-06-05T10:15:25.756Z,0,0.05,20.94,51
2026-06-05T10:15:25.921Z,2026-06-05T10:16:25.921Z,0,0.086,20.94,51
2026-06-05T10:16:26.085Z,2026-06-05T10:17:26.085Z,0,0.003,20.94,51
2026-06-05T10:17:26.150Z,2026-06-05T10:18:26.150Z,0,0.08,20.94,51
2026-06-05T10:18:26.315Z,2026-06-05T10:19:26.315Z,1,0.512,20.94,51
2026-06-05T10:19:26.479Z,2026-06-05T10:20:26.479Z,0,0.027,20.94,51
2026-06-05T10:21:26.707Z,2026-06-05T10:22:26.707Z,0,0.007,20.94,51
2026-06-05T10:22:26.772Z,2026-06-05T10:23:26.772Z,0,0.003,20.94,51
2026-06-05T10:23:26.937Z,2026-06-05T10:24:26.937Z,0,0.086,20.94,51
2026-06-05T10:24:27.101Z,2026-06-05T10:25:27.101Z,0,0.09,20.94,51
2026-06-05T10:25:27.165Z,2026-06-05T10:26:27.165Z,0,0.12,20.94,51
2026-06-05T10:26:27.329Z,2026-06-05T10:27:27.329Z,0,0.14,20.94,51
2026-06-05T10:27:27.494Z,2026-06-05T10:28:27.494Z,0,0.153,20.94,51
2026-06-05T10:28:27.559Z,2026-06-05T10:29:27.559Z,1,0.561,20.94,51
2026-06-05T10:29:27.723Z,2026-06-05T10:30:27.723Z,2,0.439,20.94,51
2026-06-05T10:30:27.888Z,2026-06-05T10:31:27.888Z,1,0.133,20.94,51
2026-06-05T10:31:27.953Z,2026-06-05T10:32:27.953Z,0,0.056,20.94,51
2026-06-05T10:32:28.117Z,2026-06-05T10:33:28.117Z,0,0.003,20.94,51
2026-06-05T10:33:28.280Z,2026-06-05T10:34:28.280Z,0,0.007,20.94,51
2026-06-05T10:34:28.345Z,2026-06-05T10:35:28.345Z,0,0.003,20.94,51
2026-06-05T10:35:28.509Z,2026-06-05T10:36:28.509Z,0,0.053,20.94,51
2026-06-05T10:36:28.674Z,2026-06-05T10:37:28.674Z,2,0.08,20.94,51
2026-06-05T10:37:28.739Z,2026-06-05T10:38:28.739Z,4,0.415,20.94,51
2026-06-05T10:38:28.904Z,2026-06-05T10:39:28.904Z,0,0.143,20.94,51
2026-06-05T10:39:28.967Z,2026-06-05T10:40:28.967Z,1,0.1,20.94,51
2026-06-05T10:40:29.132Z,2026-06-05T10:41:29.132Z,1,0.355,20.94,51
2026-06-05T10:41:29.296Z,2026-06-05T10:42:29.296Z,0,0.367,20.94,51
2026-06-05T10:42:29.361Z,2026-06-05T10:43:29.361Z,0,0.053,20.94,51
2026-06-05T10:43:29.526Z,2026-06-05T10:44:29.526Z,0,0.003,20.94,51
2026-06-05T10:44:29.690Z,2026-06-05T10:45:29.690Z,0,0.007,20.94,51
2026-06-05T10:45:29.755Z,2026-06-05T10:46:29.755Z,0,0.013,20.94,51
2026-06-05T10:46:29.918Z,2026-06-05T10:47:29.918Z,0,0.076,20.94,51
2026-06-05T10:47:30.084Z,2026-06-05T10:48:30.084Z,0,0.327,20.94,51
2026-06-05T10:48:30.148Z,2026-06-05T10:49:30.148Z,0,0.821,20.94,51
2026-06-05T10:49:30.312Z,2026-06-05T10:50:30.312Z,0,0.654,20.94,51
2026-06-05T10:50:30.476Z,2026-06-05T10:51:30.476Z,0,0.737,20.94,51
2026-06-05T10:51:30.542Z,2026-06-05T10:52:30.542Z,0,0.08,20.94,51
2026-06-05T10:52:30.706Z,2026-06-05T10:53:30.706Z,0,0.2,20.94,51
2026-06-05T10:53:30.769Z,2026-06-05T10:54:30.769Z,0,0.126,20.94,51
2026-06-05T10:54:30.934Z,2026-06-05T10:55:30.934Z,0,0.645,20.94,51
2026-06-05T10:55:31.098Z,2026-06-05T10:56:31.098Z,0,0.11,20.94,51
2026-06-05T10:56:31.164Z,2026-06-05T10:57:31.164Z,0,0.143,20.94,51
2026-06-05T10:57:31.328Z,2026-06-05T10:58:31.328Z,0,0.751,20.94,51
2026-06-05T10:58:31.493Z,2026-06-05T10:59:31.493Z,0,1.0,20.94,51
2026-06-05T10:59:31.556Z,2026-06-05T11:00:31.556Z,0,0.993,20.94,51
2026-06-05T11:00:31.720Z,2026-06-05T11:01:31.720Z,0,0.947,20.94,51
2026-06-05T11:01:31.885Z,2026-06-05T11:02:31.885Z,0,0.993,20.94,51
2026-06-05T11:02:31.950Z,2026-06-05T11:03:31.950Z,0,0.987,20.94,51
2026-06-05T11:03:32.115Z,2026-06-05T11:04:32.115Z,0,0.93,20.94,51
2026-06-05T11:04:32.279Z,2026-06-05T11:05:32.279Z,0,0.913,20.94,51
2026-06-05T11:05:32.344Z,2026-06-05T11:06:32.344Z,0,1.0,20.94,51
2026-06-05T11:06:32.507Z,2026-06-05T11:07:32.507Z,0,0.74,20.94,51
2026-06-05T11:07:32.572Z,2026-06-05T11:08:32.572Z,0,1.0,20.94,51
2026-06-05T11:08:32.736Z,2026-06-05T11:09:32.736Z,0,0.997,20.94,51
2026-06-05T11:09:32.901Z,2026-06-05T11:10:32.901Z,1,0.967,20.94,51
2026-06-05T11:10:32.966Z,2026-06-05T11:11:32.966Z,0,0.223,20.94,51
2026-06-05T11:11:33.131Z,2026-06-05T11:12:33.131Z,3,0.146,20.94,51
2026-06-05T11:12:33.295Z,2026-06-05T11:13:33.295Z,2,0.023,20.94,51
2026-06-06T09:00:21.901Z,2026-06-06T09:01:21.901Z,0,0.003,20.94,51
2026-06-06T09:08:22.917Z,2026-06-06T09:09:22.917Z,0,0.003,20.94,51
2026-06-06T09:13:23.539Z,2026-06-06T09:14:23.539Z,0,0.007,20.94,51
2026-06-06T09:17:24.098Z,2026-06-06T09:18:24.098Z,0,0.007,20.94,51
2026-06-06T09:19:24.326Z,2026-06-06T09:20:24.326Z,0,0.003,20.94,51
2026-06-06T23:28:13.552Z,2026-06-06T23:29:13.552Z,0,0.03,20.94,51
2026-06-06T23:39:14.936Z,2026-06-06T23:40:14.936Z,0,0.017,20.94,51
2026-06-06T23:41:15.164Z,2026-06-06T23:42:15.164Z,0,0.003,20.94,51
2026-06-07T00:19:20.115Z,2026-06-07T00:20:20.115Z,0,0.12,20.94,51
2026-06-07T00:20:20.279Z,2026-06-07T00:21:20.279Z,0,0.183,20.94,51
2026-06-07T00:22:20.507Z,2026-06-07T00:23:20.507Z,0,0.197,20.94,51
2026-06-07T04:33:52.881Z,2026-06-07T04:34:52.881Z,0,0.01,20.94,51
2026-06-07T04:34:52.946Z,2026-06-07T04:35:52.946Z,0,0.233,20.94,51
2026-06-07T04:35:53.111Z,2026-06-07T04:36:53.111Z,0,0.409,20.94,51
2026-06-07T04:36:53.275Z,2026-06-07T04:37:53.275Z,0,0.157,20.94,51
2026-06-07T04:38:53.503Z,2026-06-07T04:39:53.503Z,0,0.17,20.94,51
2026-06-07T19:19:46.963Z,2026-06-07T19:20:46.963Z,2,0.249,20.94,51
2026-06-07T19:20:47.127Z,2026-06-07T19:21:47.127Z,1,0.09,20.94,51
2026-06-08T00:46:29.476Z,2026-06-08T00:47:29.476Z,0,0.003,20.94,51
2026-06-08T01:22:34.095Z,2026-06-08T01:23:34.095Z,1,0.007,20.94,51
2026-06-08T01:23:34.161Z,2026-06-08T01:24:34.161Z,0,0.003,20.94,51
2026-06-08T01:42:36.684Z,2026-06-08T01:43:36.684Z,1,0.133,20.94,51
2026-06-08T01:43:36.749Z,2026-06-08T01:44:36.749Z,1,0.203,20.94,51
2026-06-08T01:44:36.914Z,2026-06-08T01:45:36.914Z,1,0.243,20.94,51
2026-06-08T01:45:37.078Z,2026-06-08T01:46:37.078Z,2,0.033,20.94,51
2026-06-08T01:52:37.928Z,2026-06-08T01:53:37.928Z,0,0.013,20.94,51
2026-06-08T03:07:47.571Z,2026-06-08T03:08:47.571Z,1,0.1,20.94,51
2026-06-08T03:08:47.736Z,2026-06-08T03:09:47.736Z,3,0.179,20.94,51
2026-06-08T03:09:47.900Z,2026-06-08T03:10:47.900Z,4,0.873,20.94,51
2026-06-08T03:10:47.956Z,2026-06-08T03:11:47.956Z,2,0.88,20.94,51
2026-06-08T03:11:48.119Z,2026-06-08T03:12:48.119Z,6,1.591,20.94,51
2026-06-08T03:12:48.285Z,2026-06-08T03:13:48.285Z,0,0.02,20.94,51
2026-06-08T03:32:50.874Z,2026-06-08T03:33:50.874Z,0,0.01,20.94,51
2026-06-08T03:33:50.937Z,2026-06-08T03:34:50.937Z,0,0.007,20.94,51
2026-06-08T03:48:52.913Z,2026-06-08T03:49:52.913Z,1,0.02,20.94,51
2026-06-08T03:53:53.526Z,2026-06-08T03:54:53.526Z,1,0.093,20.94,51
2026-06-08T03:54:53.691Z,2026-06-08T03:55:53.691Z,0,0.037,20.94,51
2026-06-08T03:55:53.765Z,2026-06-08T03:56:53.765Z,2,0.425,20.94,51
2026-06-08T03:56:53.928Z,2026-06-08T03:57:53.928Z,3,0.176,20.94,51
2026-06-08T03:57:54.094Z,2026-06-08T03:58:54.094Z,4,0.213,20.94,51
2026-06-08T03:58:54.150Z,2026-06-08T03:59:54.150Z,4,0.007,20.94,51
2026-06-08T03:59:54.313Z,2026-06-08T04:00:54.313Z,4,0.0,20.94,51
2026-06-08T04:00:54.486Z,2026-06-08T04:01:54.486Z,2,0.217,20.94,51
2026-06-08T04:01:54.552Z,2026-06-08T04:02:54.552Z,2,0.143,20.94,51
2026-06-08T04:02:54.716Z,2026-06-08T04:03:54.716Z,2,0.515,20.94,51
2026-06-08T04:15:56.354Z,2026-06-08T04:16:56.354Z,1,0.143,20.94,51
2026-06-08T04:21:57.131Z,2026-06-08T04:22:57.131Z,0,0.07,20.94,51
2026-06-08T04:49:00.572Z,2026-06-08T04:50:00.572Z,1,0.043,20.94,51
2026-06-08T04:50:00.736Z,2026-06-08T04:51:00.736Z,0,0.003,20.94,51
2026-06-08T04:52:00.966Z,2026-06-08T04:53:00.966Z,0,0.01,20.94,51
2026-06-08T04:53:01.130Z,2026-06-08T04:54:01.130Z,0,0.003,20.94,51
2026-06-08T04:56:01.532Z,2026-06-08T04:57:01.532Z,2,0.771,20.94,51
2026-06-08T04:57:01.687Z,2026-06-08T04:58:01.687Z,0,0.753,20.94,51
2026-06-08T04:59:01.917Z,2026-06-08T05:00:01.917Z,1,0.023,20.94,51
2026-06-08T05:01:02.144Z,2026-06-08T05:02:02.144Z,0,0.003,20.94,51
2026-06-08T05:03:02.473Z,2026-06-08T05:04:02.473Z,0,0.007,20.94,51
2026-06-08T05:10:03.325Z,2026-06-08T05:11:03.325Z,0,0.003,20.94,51
2026-06-08T05:17:04.276Z,2026-06-08T05:18:04.276Z,1,0.08,20.94,51
2026-06-08T05:20:04.569Z,2026-06-08T05:21:04.569Z,1,0.047,20.94,51
2026-06-08T05:21:04.733Z,2026-06-08T05:22:04.733Z,3,0.166,20.94,51
2026-06-08T05:26:05.357Z,2026-06-08T05:27:05.357Z,1,0.007,20.94,51
2026-06-08T05:27:05.520Z,2026-06-08T05:28:05.520Z,1,0.05,20.94,51
2026-06-08T05:31:06.078Z,2026-06-08T05:32:06.078Z,1,0.067,20.94,51
2026-06-08T05:32:06.142Z,2026-06-08T05:33:06.142Z,1,0.056,20.94,51
2026-06-08T05:36:06.709Z,2026-06-08T05:37:06.709Z,0,0.013,20.94,51
2026-06-08T05:37:06.874Z,2026-06-08T05:38:06.874Z,2,0.423,20.94,51
2026-06-08T05:38:06.937Z,2026-06-08T05:39:06.937Z,4,0.452,20.94,51
2026-06-08T05:39:07.102Z,2026-06-08T05:40:07.102Z,1,0.027,20.94,51
2026-06-08T05:40:07.167Z,2026-06-08T05:41:07.167Z,0,0.11,20.94,51
2026-06-08T05:41:07.332Z,2026-06-08T05:42:07.332Z,2,0.159,20.94,51
2026-06-08T06:17:11.944Z,2026-06-08T06:18:11.944Z,3,0.226,20.94,51
2026-06-08T06:48:15.941Z,2026-06-08T06:49:15.941Z,3,0.618,20.94,51
2026-06-08T06:49:16.105Z,2026-06-08T06:50:16.105Z,2,0.357,20.94,51
2026-06-08T06:52:16.500Z,2026-06-08T06:53:16.500Z,1,0.193,20.94,51
2026-06-08T07:05:18.137Z,2026-06-08T07:06:18.137Z,1,0.854,20.94,51
2026-06-08T07:06:18.302Z,2026-06-08T07:07:18.302Z,2,0.767,20.94,51
2026-06-08T07:08:18.530Z,2026-06-08T07:09:18.530Z,1,0.023,20.94,51
2026-06-08T08:09:26.361Z,2026-06-08T08:10:26.361Z,1,0.06,20.94,51
2026-06-08T08:10:26.526Z,2026-06-08T08:11:26.526Z,0,0.385,20.94,51
2026-06-08T09:13:34.687Z,2026-06-08T09:14:34.687Z,2,0.033,20.94,51
2026-06-08T09:14:34.752Z,2026-06-08T09:15:34.752Z,4,0.209,20.94,51
2026-06-08T09:15:34.915Z,2026-06-08T09:16:34.915Z,2,0.12,20.94,51
2026-06-08T09:16:35.081Z,2026-06-08T09:17:35.081Z,0,0.007,20.94,51
2026-06-08T09:17:35.144Z,2026-06-08T09:18:35.144Z,2,0.053,20.94,51
2026-06-08T09:18:35.309Z,2026-06-08T09:19:35.309Z,4,0.163,20.94,51
2026-06-08T09:19:35.473Z,2026-06-08T09:20:35.473Z,2,0.087,20.94,51
2026-06-08T09:20:35.539Z,2026-06-08T09:21:35.539Z,1,0.066,20.94,51
2026-06-08T09:21:35.703Z,2026-06-08T09:22:35.703Z,0,0.62,20.94,51
2026-06-08T09:22:35.766Z,2026-06-08T09:23:35.766Z,0,0.807,20.94,51
2026-06-08T09:23:35.931Z,2026-06-08T09:24:35.931Z,0,0.578,20.94,51
2026-06-08T09:24:36.095Z,2026-06-08T09:25:36.095Z,0,0.623,20.94,51
2026-06-08T09:25:36.161Z,2026-06-08T09:26:36.161Z,1,0.661,20.94,51
2026-06-08T09:26:36.325Z,2026-06-08T09:27:36.325Z,1,0.458,20.94,51
2026-06-08T09:27:36.490Z,2026-06-08T09:28:36.490Z,3,0.58,20.94,51
2026-06-08T09:28:36.553Z,2026-06-08T09:29:36.553Z,0,0.156,20.94,51
2026-06-08T09:29:36.719Z,2026-06-08T09:30:36.719Z,0,0.047,20.94,51
2026-06-08T09:30:36.882Z,2026-06-08T09:31:36.882Z,0,0.173,20.94,51
2026-06-08T09:31:36.947Z,2026-06-08T09:32:36.947Z,1,0.07,20.94,51
2026-06-08T09:32:37.111Z,2026-06-08T09:33:37.111Z,0,0.023,20.94,51
2026-06-08T09:33:37.276Z,2026-06-08T09:34:37.276Z,6,0.347,20.94,51
2026-06-08T09:34:37.341Z,2026-06-08T09:35:37.341Z,0,0.429,20.94,51
2026-06-08T09:35:37.505Z,2026-06-08T09:36:37.505Z,0,0.403,20.94,51
2026-06-08T09:36:37.569Z,2026-06-08T09:37:37.569Z,0,0.113,20.94,51
2026-06-08T09:37:37.733Z,2026-06-08T09:38:37.733Z,0,0.056,20.94,51
2026-06-08T09:38:37.898Z,2026-06-08T09:39:37.898Z,0,0.107,20.94,51
2026-06-08T09:39:37.963Z,2026-06-08T09:40:37.963Z,0,0.425,20.94,51
2026-06-08T09:40:38.128Z,2026-06-08T09:41:38.128Z,0,0.266,20.94,51
2026-06-08T09:41:38.292Z,2026-06-08T09:42:38.292Z,0,0.743,20.94,51
2026-06-08T09:42:38.357Z,2026-06-08T09:43:38.357Z,3,1.811,20.94,51
2026-06-08T09:43:38.520Z,2026-06-08T09:44:38.520Z,2,1.628,20.94,51
2026-06-08T09:44:38.686Z,2026-06-08T09:45:38.686Z,0,0.857,20.94,51
2026-06-08T09:45:38.750Z,2026-06-08T09:46:38.750Z,0,1.163,20.94,51
2026-06-08T09:46:38.914Z,2026-06-08T09:47:38.914Z,0,0.658,20.94,51
2026-06-08T09:47:39.078Z,2026-06-08T09:48:39.078Z,0,0.57,20.94,51
2026-06-08T09:48:39.144Z,2026-06-08T09:49:39.144Z,0,0.13,20.94,51
2026-06-08T09:49:39.308Z,2026-06-08T09:50:39.308Z,0,0.143,20.94,51
2026-06-08T09:50:39.371Z,2026-06-08T09:51:39.371Z,0,0.086,20.94,51
2026-06-08T09:51:39.536Z,2026-06-08T09:52:39.536Z,0,0.435,20.94,51
2026-06-08T09:52:39.700Z,2026-06-08T09:53:39.700Z,0,0.203,20.94,51
2026-06-08T09:53:39.766Z,2026-06-08T09:54:39.766Z,1,0.867,20.94,51
2026-06-08T09:54:39.930Z,2026-06-08T09:55:39.930Z,0,2.156,20.94,51
2026-06-08T09:55:40.095Z,2026-06-08T09:56:40.095Z,0,1.04,20.94,51
2026-06-08T09:56:40.158Z,2026-06-08T09:57:40.158Z,1,1.259,20.94,51
2026-06-08T09:57:40.323Z,2026-06-08T09:58:40.323Z,0,1.196,20.94,51
2026-06-08T09:58:40.487Z,2026-06-08T09:59:40.487Z,0,1.243,20.94,51
2026-06-08T09:59:40.552Z,2026-06-08T10:00:40.552Z,0,0.415,20.94,51
2026-06-08T10:00:40.717Z,2026-06-08T10:01:40.717Z,0,0.548,20.94,51
2026-06-08T10:01:40.881Z,2026-06-08T10:02:40.881Z,1,0.467,20.94,51
2026-06-08T10:02:40.946Z,2026-06-08T10:03:40.946Z,0,0.591,20.94,51
2026-06-08T10:03:41.109Z,2026-06-08T10:04:41.109Z,0,0.452,20.94,51
2026-06-08T10:04:41.275Z,2026-06-08T10:05:41.275Z,1,0.247,20.94,51
2026-06-08T10:05:41.338Z,2026-06-08T10:06:41.338Z,0,0.133,20.94,51
2026-06-08T10:06:41.503Z,2026-06-08T10:07:41.503Z,0,0.347,20.94,51
2026-06-08T10:07:41.568Z,2026-06-08T10:08:41.568Z,0,0.027,20.94,51
2026-06-08T10:08:41.733Z,2026-06-08T10:09:41.733Z,0,0.03,20.94,51
2026-06-08T10:09:41.897Z,2026-06-08T10:10:41.897Z,0,0.053,20.94,51
2026-06-08T10:10:41.961Z,2026-06-08T10:11:41.961Z,2,0.116,20.94,51
2026-06-08T10:11:42.125Z,2026-06-08T10:12:42.125Z,1,0.063,20.94,51
2026-06-08T10:12:42.290Z,2026-06-08T10:13:42.290Z,0,0.133,20.94,51
2026-06-08T10:13:42.355Z,2026-06-08T10:14:42.355Z,0,0.02,20.94,51
2026-06-08T10:14:42.519Z,2026-06-08T10:15:42.519Z,0,0.007,20.94,51
2026-06-08T10:15:42.684Z,2026-06-08T10:16:42.684Z,0,0.027,20.94,51
2026-06-08T10:16:42.747Z,2026-06-08T10:17:42.747Z,3,0.166,20.94,51
2026-06-08T10:17:42.913Z,2026-06-08T10:18:42.913Z,0,0.066,20.94,51
2026-06-08T10:18:43.076Z,2026-06-08T10:19:43.076Z,0,0.063,20.94,51
2026-06-08T10:19:43.141Z,2026-06-08T10:20:43.141Z,1,0.02,20.94,51
2026-06-08T10:21:43.371Z,2026-06-08T10:22:43.371Z,0,0.027,20.94,51
2026-06-08T10:24:43.763Z,2026-06-08T10:25:43.763Z,0,0.007,20.94,51
2026-06-08T10:26:44.092Z,2026-06-08T10:27:44.092Z,0,0.04,20.94,51
2026-06-08T10:27:44.157Z,2026-06-08T10:28:44.157Z,1,0.063,20.94,51
2026-06-08T10:28:44.322Z,2026-06-08T10:29:44.322Z,0,0.01,20.94,51
2026-06-08T10:29:44.486Z,2026-06-08T10:30:44.486Z,0,0.003,20.94,51
2026-06-08T10:30:44.551Z,2026-06-08T10:31:44.551Z,0,0.013,20.94,51
2026-06-08T10:31:44.714Z,2026-06-08T10:32:44.714Z,1,0.027,20.94,51
2026-06-08T10:32:44.880Z,2026-06-08T10:33:44.880Z,0,0.09,20.94,51
2026-06-08T10:33:44.944Z,2026-06-08T10:34:44.944Z,2,0.316,20.94,51
2026-06-08T10:34:45.108Z,2026-06-08T10:35:45.108Z,0,0.003,20.94,51
2026-06-08T10:35:45.372Z,2026-06-08T10:36:45.372Z,0,0.007,20.94,51
2026-06-08T10:36:45.536Z,2026-06-08T10:37:45.536Z,0,0.017,20.94,51
2026-06-08T10:40:46.095Z,2026-06-08T10:41:46.095Z,0,0.07,20.94,51
2026-06-08T10:41:46.160Z,2026-06-08T10:42:46.160Z,0,0.023,20.94,51
2026-06-08T10:42:46.323Z,2026-06-08T10:43:46.323Z,0,0.03,20.94,51
2026-06-08T10:43:46.489Z,2026-06-08T10:44:46.489Z,1,0.047,20.94,51
2026-06-08T10:44:46.552Z,2026-06-08T10:45:46.552Z,2,0.11,20.94,51
2026-06-08T10:45:46.717Z,2026-06-08T10:46:46.717Z,0,0.309,20.94,51
2026-06-08T10:46:46.881Z,2026-06-08T10:47:46.881Z,0,0.007,20.94,51
2026-06-08T10:49:47.275Z,2026-06-08T10:50:47.275Z,0,0.137,20.94,51
2026-06-08T10:51:47.503Z,2026-06-08T10:52:47.503Z,0,0.043,20.94,51
2026-06-08T10:52:47.569Z,2026-06-08T10:53:47.569Z,0,0.153,20.94,51
2026-06-08T10:53:47.733Z,2026-06-08T10:54:47.733Z,0,0.106,20.94,51
2026-06-08T10:54:47.898Z,2026-06-08T10:55:47.898Z,0,0.213,20.94,51
2026-06-08T10:55:47.961Z,2026-06-08T10:56:47.961Z,2,0.163,20.94,51
2026-06-08T10:56:48.125Z,2026-06-08T10:57:48.125Z,0,0.286,20.94,51
2026-06-08T10:57:48.290Z,2026-06-08T10:58:48.290Z,0,0.047,20.94,51
2026-06-08T10:58:48.355Z,2026-06-08T10:59:48.355Z,0,0.073,20.94,51
2026-06-08T10:59:48.519Z,2026-06-08T11:00:48.519Z,0,0.037,20.94,51
2026-06-08T11:00:48.684Z,2026-06-08T11:01:48.684Z,0,0.047,20.94,51
2026-06-08T11:02:48.913Z,2026-06-08T11:03:48.913Z,0,0.093,20.94,51
2026-06-08T11:03:49.078Z,2026-06-08T11:04:49.078Z,0,0.027,20.94,51
2026-06-08T11:04:49.141Z,2026-06-08T11:05:49.141Z,0,0.096,20.94,51
2026-06-08T11:05:49.306Z,2026-06-08T11:06:49.306Z,0,0.17,20.94,51
2026-06-08T11:06:49.371Z,2026-06-08T11:07:49.371Z,0,0.007,20.94,51
2026-06-08T11:07:49.535Z,2026-06-08T11:08:49.535Z,0,0.219,20.94,51
2026-06-08T11:08:49.700Z,2026-06-08T11:09:49.700Z,0,0.147,20.94,51
2026-06-08T11:09:49.763Z,2026-06-08T11:10:49.763Z,0,0.402,20.94,51
2026-06-08T11:10:49.928Z,2026-06-08T11:11:49.928Z,0,0.704,20.94,51
2026-06-08T11:11:50.092Z,2026-06-08T11:12:50.092Z,0,0.027,20.94,51
2026-06-08T11:12:50.157Z,2026-06-08T11:13:50.157Z,0,0.007,20.94,51
2026-06-08T11:13:50.322Z,2026-06-08T11:14:50.322Z,0,0.02,20.94,51
2026-06-08T11:15:50.551Z,2026-06-08T11:16:50.551Z,0,0.286,20.94,51
2026-06-08T11:16:50.716Z,2026-06-08T11:17:50.716Z,0,0.306,20.94,51
2026-06-08T11:17:50.880Z,2026-06-08T11:18:50.880Z,0,0.31,20.94,51
2026-06-08T11:18:50.944Z,2026-06-08T11:19:50.944Z,0,0.359,20.94,51
2026-06-08T11:19:51.108Z,2026-06-08T11:20:51.108Z,1,0.056,20.94,51
2026-06-08T11:20:51.273Z,2026-06-08T11:21:51.273Z,0,0.023,20.94,51
2026-06-08T11:21:51.338Z,2026-06-08T11:22:51.338Z,0,0.007,20.94,51
2026-06-08T11:22:51.502Z,2026-06-08T11:23:51.502Z,0,0.01,20.94,51
2026-06-08T11:25:51.894Z,2026-06-08T11:26:51.894Z,0,0.02,20.94,51
2026-06-08T11:28:52.289Z,2026-06-08T11:29:52.289Z,0,0.23,20.94,51
2026-06-08T11:29:52.352Z,2026-06-08T11:30:52.352Z,0,0.249,20.94,51
2026-06-08T11:30:52.517Z,2026-06-08T11:31:52.517Z,0,0.12,20.94,51
2026-06-08T11:31:52.681Z,2026-06-08T11:32:52.681Z,0,0.07,20.94,51
2026-06-08T11:32:52.746Z,2026-06-08T11:33:52.746Z,0,0.276,20.94,51
2026-06-08T11:33:52.911Z,2026-06-08T11:34:52.911Z,3,0.322,20.94,51
2026-06-08T11:34:53.075Z,2026-06-08T11:35:53.075Z,1,0.007,20.94,51
2026-06-08T11:37:53.368Z,2026-06-08T11:38:53.368Z,0,0.01,20.94,51
2026-06-08T11:38:53.533Z,2026-06-08T11:39:53.533Z,1,0.037,20.94,51
2026-06-08T11:39:53.697Z,2026-06-08T11:40:53.697Z,0,0.033,20.94,51
2026-06-08T11:40:53.762Z,2026-06-08T11:41:53.762Z,0,0.007,20.94,51
2026-06-08T11:41:53.927Z,2026-06-08T11:42:53.927Z,0,0.01,20.94,51
2026-06-08T11:42:54.091Z,2026-06-08T11:43:54.091Z,0,0.003,20.94,51
2026-06-08T11:43:54.155Z,2026-06-08T11:44:54.155Z,0,0.086,20.94,51
2026-06-08T11:44:54.319Z,2026-06-08T11:45:54.319Z,0,0.023,20.94,51
2026-06-08T11:45:54.484Z,2026-06-08T11:46:54.484Z,0,0.573,20.94,51
2026-06-08T11:46:54.549Z,2026-06-08T11:47:54.549Z,0,0.229,20.94,51
2026-06-08T11:47:54.713Z,2026-06-08T11:48:54.713Z,0,0.837,20.94,51
2026-06-08T11:48:54.878Z,2026-06-08T11:49:54.878Z,0,0.42,20.94,51
2026-06-08T11:49:54.941Z,2026-06-08T11:50:54.941Z,0,0.037,20.94,51
2026-06-08T11:50:55.107Z,2026-06-08T11:51:55.107Z,0,0.047,20.94,51
2026-06-08T11:52:55.335Z,2026-06-08T11:53:55.335Z,0,0.053,20.94,51
2026-06-08T11:53:55.500Z,2026-06-08T11:54:55.500Z,0,0.1,20.94,51
2026-06-08T11:54:55.565Z,2026-06-08T11:55:55.565Z,0,0.13,20.94,51
2026-06-08T11:56:55.894Z,2026-06-08T11:57:55.894Z,0,0.023,20.94,51
2026-06-08T11:57:55.957Z,2026-06-08T11:58:55.957Z,0,0.043,20.94,51
2026-06-08T11:58:56.122Z,2026-06-08T11:59:56.122Z,0,0.492,20.94,51
2026-06-08T11:59:56.286Z,2026-06-08T12:00:56.286Z,0,0.03,20.94,51
2026-06-08T12:00:56.351Z,2026-06-08T12:01:56.351Z,0,0.003,20.94,51
2026-06-08T12:01:56.516Z,2026-06-08T12:02:56.516Z,0,0.073,20.94,51
2026-06-08T12:02:56.680Z,2026-06-08T12:03:56.680Z,0,0.26,20.94,51
2026-06-08T12:03:56.744Z,2026-06-08T12:04:56.744Z,0,0.296,20.94,51
2026-06-08T12:04:56.908Z,2026-06-08T12:05:56.908Z,0,0.123,20.94,51
2026-06-08T12:05:57.073Z,2026-06-08T12:06:57.073Z,0,0.097,20.94,51
2026-06-08T12:06:57.138Z,2026-06-08T12:07:57.138Z,0,0.033,20.94,51
2026-06-08T12:07:57.302Z,2026-06-08T12:08:57.302Z,0,0.007,20.94,51
2026-06-08T12:08:57.367Z,2026-06-08T12:09:57.367Z,1,0.01,20.94,51
2026-06-08T12:10:57.696Z,2026-06-08T12:11:57.696Z,2,0.107,20.94,51
2026-06-08T12:11:57.760Z,2026-06-08T12:12:57.760Z,2,0.083,20.94,51
2026-06-08T12:14:58.154Z,2026-06-08T12:15:58.154Z,3,0.066,20.94,51
2026-06-08T12:15:58.318Z,2026-06-08T12:16:58.318Z,0,0.03,20.94,51
2026-06-08T12:17:58.546Z,2026-06-08T12:18:58.546Z,0,0.003,20.94,51
2026-06-08T12:22:59.170Z,2026-06-08T12:23:59.170Z,0,0.003,20.94,51
2026-06-08T12:31:00.285Z,2026-06-08T12:32:00.285Z,0,0.003,20.94,51
2026-06-08T12:36:00.907Z,2026-06-08T12:37:00.907Z,0,0.053,20.94,51
2026-06-08T12:37:00.971Z,2026-06-08T12:38:00.971Z,0,0.003,20.94,51
2026-06-08T12:38:01.135Z,2026-06-08T12:39:01.135Z,0,0.076,20.94,51
2026-06-08T12:39:01.301Z,2026-06-08T12:40:01.301Z,0,0.06,20.94,51
2026-06-08T12:40:01.365Z,2026-06-08T12:41:01.365Z,2,0.282,20.94,51
2026-06-08T12:41:01.529Z,2026-06-08T12:42:01.529Z,3,0.239,20.94,51
2026-06-08T12:42:01.694Z,2026-06-08T12:43:01.694Z,0,0.027,20.94,51
2026-06-08T12:43:01.759Z,2026-06-08T12:44:01.759Z,0,0.056,20.94,51
2026-06-08T12:44:01.923Z,2026-06-08T12:45:01.923Z,0,0.1,20.94,51
2026-06-08T12:45:02.088Z,2026-06-08T12:46:02.088Z,0,0.03,20.94,51
2026-06-08T12:46:02.151Z,2026-06-08T12:47:02.151Z,1,0.04,20.94,51
2026-06-08T12:47:02.316Z,2026-06-08T12:48:02.316Z,1,0.126,20.94,51
2026-06-08T12:48:02.480Z,2026-06-08T12:49:02.480Z,2,0.06,20.94,51
2026-06-08T12:49:02.546Z,2026-06-08T12:50:02.546Z,2,0.518,20.94,51
2026-06-08T12:50:02.710Z,2026-06-08T12:51:02.710Z,0,0.857,20.94,51
2026-06-08T12:51:02.875Z,2026-06-08T12:52:02.875Z,0,0.8,20.94,51
2026-06-08T12:52:02.938Z,2026-06-08T12:53:02.938Z,0,0.721,20.94,51
2026-06-08T12:53:03.102Z,2026-06-08T12:54:03.102Z,0,0.56,20.94,51
2026-06-08T12:54:03.167Z,2026-06-08T12:55:03.167Z,0,0.93,20.94,51
2026-06-08T12:55:03.332Z,2026-06-08T12:56:03.332Z,0,0.591,20.94,51
2026-06-08T12:56:03.496Z,2026-06-08T12:57:03.496Z,0,0.96,20.94,51
2026-06-08T12:57:03.561Z,2026-06-08T12:58:03.561Z,0,0.973,20.94,51
2026-06-08T12:58:03.726Z,2026-06-08T12:59:03.726Z,0,0.598,20.94,51
2026-06-08T12:59:03.890Z,2026-06-08T13:00:03.890Z,0,0.88,20.94,51
2026-06-08T13:00:03.954Z,2026-06-08T13:01:03.954Z,0,0.15,20.94,51
2026-06-08T13:01:04.118Z,2026-06-08T13:02:04.118Z,0,0.252,20.94,51
2026-06-08T13:02:04.283Z,2026-06-08T13:03:04.283Z,0,0.197,20.94,51
2026-06-08T13:03:04.348Z,2026-06-08T13:04:04.348Z,0,0.213,20.94,51
2026-06-08T13:04:04.513Z,2026-06-08T13:05:04.513Z,0,0.332,20.94,51
2026-06-08T13:05:04.677Z,2026-06-08T13:06:04.677Z,0,0.63,20.94,51
2026-06-08T13:06:04.742Z,2026-06-08T13:07:04.742Z,0,0.605,20.94,51
2026-06-08T13:07:04.905Z,2026-06-08T13:08:04.905Z,0,0.67,20.94,51
2026-06-08T13:08:04.970Z,2026-06-08T13:09:04.970Z,0,0.94,20.94,51
2026-06-08T13:09:05.134Z,2026-06-08T13:10:05.134Z,0,0.767,20.94,51
2026-06-08T13:10:05.299Z,2026-06-08T13:11:05.299Z,0,0.503,20.94,51
2026-06-08T13:11:05.364Z,2026-06-08T13:12:05.364Z,0,1.01,20.94,51
2026-06-08T13:12:05.528Z,2026-06-08T13:13:05.528Z,0,0.914,20.94,51
2026-06-08T13:13:05.693Z,2026-06-08T13:14:05.693Z,0,0.603,20.94,51
2026-06-08T13:14:05.756Z,2026-06-08T13:15:05.756Z,0,0.877,20.94,51
2026-06-08T13:15:05.921Z,2026-06-08T13:16:05.921Z,0,0.94,20.94,51
2026-06-08T13:16:06.085Z,2026-06-08T13:17:06.085Z,0,0.997,20.94,51
2026-06-08T13:17:06.150Z,2026-06-08T13:18:06.150Z,0,0.824,20.94,51
2026-06-08T13:18:06.315Z,2026-06-08T13:19:06.315Z,0,1.0,20.94,51
2026-06-08T13:19:06.479Z,2026-06-08T13:20:06.479Z,0,0.89,20.94,51
2026-06-08T13:20:06.543Z,2026-06-08T13:21:06.543Z,1,0.362,20.94,51
2026-06-08T13:21:06.707Z,2026-06-08T13:22:06.707Z,0,0.027,20.94,51
2026-06-08T13:22:06.773Z,2026-06-08T13:23:06.773Z,0,0.389,20.94,51
2026-06-08T13:23:06.937Z,2026-06-08T13:24:06.937Z,0,0.339,20.94,51
2026-06-08T13:24:07.101Z,2026-06-08T13:25:07.101Z,0,0.007,20.94,51
2026-06-08T13:25:07.165Z,2026-06-08T13:26:07.165Z,0,0.11,20.94,51
2026-06-08T13:26:07.331Z,2026-06-08T13:27:07.331Z,2,0.405,20.94,51
2026-06-08T13:27:07.494Z,2026-06-08T13:28:07.494Z,2,0.1,20.94,51
2026-06-08T13:28:07.559Z,2026-06-08T13:29:07.559Z,0,0.123,20.94,51
2026-06-08T13:29:07.723Z,2026-06-08T13:30:07.723Z,1,0.309,20.94,51
2026-06-08T13:30:07.888Z,2026-06-08T13:31:07.888Z,5,0.263,20.94,51
2026-06-08T13:31:07.953Z,2026-06-08T13:32:07.953Z,2,0.1,20.94,51
2026-06-08T13:32:08.117Z,2026-06-08T13:33:08.117Z,3,0.136,20.94,51
2026-06-08T13:33:08.282Z,2026-06-08T13:34:08.282Z,4,0.167,20.94,51
2026-06-08T13:34:08.345Z,2026-06-08T13:35:08.345Z,1,0.017,20.94,51
2026-06-08T19:24:53.733Z,2026-06-08T19:25:53.733Z,4,0.283,20.94,51
2026-06-08T19:25:53.773Z,2026-06-08T19:26:53.773Z,2,0.037,20.94,51
2026-06-08T23:34:25.759Z,2026-06-08T23:35:25.759Z,1,0.02,20.94,51
2026-06-09T01:27:40.342Z,2026-06-09T01:28:40.342Z,3,0.203,20.94,51
2026-06-09T03:49:58.891Z,2026-06-09T03:50:58.891Z,3,0.18,20.94,51
2026-06-09T03:50:58.957Z,2026-06-09T03:51:58.957Z,3,0.123,20.94,51
2026-06-09T03:51:59.121Z,2026-06-09T03:52:59.121Z,2,0.475,20.94,51
2026-06-09T04:02:00.365Z,2026-06-09T04:03:00.365Z,0,0.103,20.94,51
2026-06-09T04:03:00.529Z,2026-06-09T04:04:00.529Z,0,0.09,20.94,51
2026-06-09T04:35:04.691Z,2026-06-09T04:36:04.691Z,0,0.003,20.94,51
2026-06-09T19:20:58.874Z,2026-06-09T19:21:58.874Z,3,0.16,20.94,51
2026-06-10T01:06:43.309Z,2026-06-10T01:07:43.309Z,2,0.083,20.94,51
2026-06-10T03:07:59.105Z,2026-06-10T03:08:59.105Z,5,0.78,20.94,51
2026-06-10T03:08:59.170Z,2026-06-10T03:09:59.170Z,1,0.173,20.94,51
2026-06-10T03:10:59.499Z,2026-06-10T03:11:59.499Z,2,0.087,20.94,51
2026-06-10T03:11:59.562Z,2026-06-10T03:12:59.562Z,0,0.143,20.94,51
2026-06-10T03:14:59.957Z,2026-06-10T03:15:59.957Z,1,0.106,20.94,51
2026-06-10T03:23:00.971Z,2026-06-10T03:24:00.971Z,1,0.07,20.94,51
2026-06-10T03:24:01.137Z,2026-06-10T03:25:01.137Z,3,0.13,20.94,51
2026-06-10T03:25:01.301Z,2026-06-10T03:26:01.301Z,0,0.003,20.94,51
2026-06-10T03:29:01.759Z,2026-06-10T03:30:01.759Z,2,0.06,20.94,51
2026-06-10T03:34:02.480Z,2026-06-10T03:35:02.480Z,1,0.253,20.94,51
2026-06-10T03:51:04.676Z,2026-06-10T03:52:04.676Z,1,0.053,20.94,51
2026-06-10T03:52:04.740Z,2026-06-10T03:53:04.740Z,2,0.146,20.94,51
2026-06-10T03:53:04.904Z,2026-06-10T03:54:04.904Z,6,0.447,20.94,51
2026-06-10T03:54:04.969Z,2026-06-10T03:55:04.969Z,2,0.409,20.94,51
2026-06-10T03:55:05.134Z,2026-06-10T03:56:05.134Z,5,0.704,20.94,51
2026-06-10T03:56:05.298Z,2026-06-10T03:57:05.298Z,1,0.013,20.94,51
2026-06-10T03:57:05.362Z,2026-06-10T03:58:05.362Z,4,0.561,20.94,51
2026-06-10T03:58:05.526Z,2026-06-10T03:59:05.526Z,2,0.096,20.94,51
2026-06-10T03:59:05.691Z,2026-06-10T04:00:05.691Z,6,0.237,20.94,51
2026-06-10T04:00:05.756Z,2026-06-10T04:01:05.756Z,1,0.266,20.94,51
2026-06-10T04:01:05.920Z,2026-06-10T04:02:05.920Z,1,0.083,20.94,51
2026-06-10T04:05:06.477Z,2026-06-10T04:06:06.477Z,7,0.74,20.94,51
2026-06-10T04:06:06.542Z,2026-06-10T04:07:06.542Z,10,2.017,20.94,51
2026-06-10T04:07:06.707Z,2026-06-10T04:08:06.707Z,1,0.263,20.94,51
2026-06-10T04:09:06.936Z,2026-06-10T04:10:06.936Z,1,0.09,20.94,51
2026-06-10T04:10:07.099Z,2026-06-10T04:11:07.099Z,0,0.013,20.94,51
2026-06-10T04:12:07.328Z,2026-06-10T04:13:07.328Z,0,0.01,20.94,51
2026-06-10T04:13:07.493Z,2026-06-10T04:14:07.493Z,0,0.04,20.94,51
2026-06-10T04:14:07.558Z,2026-06-10T04:15:07.558Z,0,0.02,20.94,51
2026-06-10T04:15:07.721Z,2026-06-10T04:16:07.721Z,0,0.04,20.94,51
2026-06-10T04:16:07.887Z,2026-06-10T04:17:07.887Z,1,0.023,20.94,51
2026-06-10T04:19:08.279Z,2026-06-10T04:20:08.279Z,1,0.183,20.94,51
2026-06-10T04:20:08.345Z,2026-06-10T04:21:08.345Z,0,0.03,20.94,51
2026-06-10T04:22:08.674Z,2026-06-10T04:23:08.674Z,1,0.157,20.94,51
2026-06-10T04:23:08.737Z,2026-06-10T04:24:08.737Z,1,0.126,20.94,51
2026-06-10T04:24:08.901Z,2026-06-10T04:25:08.901Z,0,0.08,20.94,51
2026-06-10T04:26:09.131Z,2026-06-10T04:27:09.131Z,0,0.01,20.94,51
2026-06-10T04:27:09.296Z,2026-06-10T04:28:09.296Z,1,0.16,20.94,51
2026-06-10T04:28:09.359Z,2026-06-10T04:29:09.359Z,3,0.133,20.94,51
2026-06-10T04:29:09.525Z,2026-06-10T04:30:09.525Z,5,0.824,20.94,51
2026-06-10T04:30:09.688Z,2026-06-10T04:31:09.688Z,0,0.11,20.94,51
2026-06-10T04:31:09.753Z,2026-06-10T04:32:09.753Z,0,0.003,20.94,51
2026-06-10T04:32:09.917Z,2026-06-10T04:33:09.917Z,0,0.066,20.94,51
2026-06-10T04:33:10.082Z,2026-06-10T04:34:10.082Z,0,0.09,20.94,51
2026-06-10T04:34:10.147Z,2026-06-10T04:35:10.147Z,0,0.113,20.94,51
2026-06-10T04:35:10.311Z,2026-06-10T04:36:10.311Z,1,0.063,20.94,51
2026-06-10T04:36:10.476Z,2026-06-10T04:37:10.476Z,0,0.013,20.94,51
2026-06-10T04:37:10.539Z,2026-06-10T04:38:10.539Z,0,0.01,20.94,51
2026-06-10T04:38:10.703Z,2026-06-10T04:39:10.703Z,0,0.027,20.94,51
2026-06-10T04:39:10.769Z,2026-06-10T04:40:10.769Z,0,0.053,20.94,51
2026-06-10T04:40:10.933Z,2026-06-10T04:41:10.933Z,0,0.033,20.94,51
2026-06-10T04:41:11.098Z,2026-06-10T04:42:11.098Z,0,0.223,20.94,51
2026-06-10T04:42:11.161Z,2026-06-10T04:43:11.161Z,6,1.02,20.94,51
2026-06-10T04:43:11.326Z,2026-06-10T04:44:11.326Z,6,0.774,20.94,51
2026-06-10T05:11:14.931Z,2026-06-10T05:12:14.931Z,2,0.169,20.94,51
2026-06-10T05:12:15.095Z,2026-06-10T05:13:15.095Z,2,0.187,20.94,51
2026-06-10T05:13:15.161Z,2026-06-10T05:14:15.161Z,2,0.262,20.94,51
2026-06-10T05:14:15.325Z,2026-06-10T05:15:15.325Z,0,0.003,20.94,51
2026-06-10T05:16:15.553Z,2026-06-10T05:17:15.553Z,0,0.013,20.94,51
2026-06-10T05:17:15.717Z,2026-06-10T05:18:15.717Z,0,0.023,20.94,51
2026-06-10T05:18:15.882Z,2026-06-10T05:19:15.882Z,1,0.02,20.94,51
2026-06-10T05:19:15.947Z,2026-06-10T05:20:15.947Z,2,0.259,20.94,51
2026-06-10T05:20:16.111Z,2026-06-10T05:21:16.111Z,1,0.11,20.94,51
2026-06-10T05:31:17.520Z,2026-06-10T05:32:17.520Z,0,0.03,20.94,51
2026-06-10T05:33:17.750Z,2026-06-10T05:34:17.750Z,0,0.023,20.94,51
2026-06-10T05:37:18.306Z,2026-06-10T05:38:18.306Z,0,0.033,20.94,51
2026-06-10T05:39:18.536Z,2026-06-10T05:40:18.536Z,2,0.173,20.94,51
2026-06-10T05:40:18.700Z,2026-06-10T05:41:18.700Z,0,0.06,20.94,51
2026-06-10T05:53:20.338Z,2026-06-10T05:54:20.338Z,0,0.003,20.94,51
2026-06-10T06:03:21.691Z,2026-06-10T06:04:21.691Z,1,0.257,20.94,51
2026-06-10T06:04:21.747Z,2026-06-10T06:05:21.747Z,0,0.216,20.94,51
2026-06-10T06:10:22.535Z,2026-06-10T06:11:22.535Z,0,0.007,20.94,51
2026-06-10T06:18:23.549Z,2026-06-10T06:19:23.549Z,1,0.027,20.94,51
2026-06-10T06:19:23.714Z,2026-06-10T06:20:23.714Z,1,0.083,20.94,51
2026-06-10T06:36:25.911Z,2026-06-10T06:37:25.911Z,0,0.007,20.94,51
2026-06-10T07:12:30.530Z,2026-06-10T07:13:30.530Z,0,0.03,20.94,51
2026-06-10T07:13:30.696Z,2026-06-10T07:14:30.696Z,0,0.003,20.94,51
2026-06-10T07:15:30.924Z,2026-06-10T07:16:30.924Z,1,0.053,20.94,51
2026-06-10T07:51:35.545Z,2026-06-10T07:52:35.545Z,0,0.003,20.94,51
2026-06-10T07:52:35.709Z,2026-06-10T07:53:35.709Z,1,0.103,20.94,51
2026-06-10T08:37:41.509Z,2026-06-10T08:38:41.509Z,1,0.03,20.94,51
2026-06-10T08:39:41.739Z,2026-06-10T08:40:41.739Z,1,0.023,20.94,51
2026-06-10T09:11:45.901Z,2026-06-10T09:12:45.901Z,1,0.037,20.94,51
2026-06-10T09:12:45.966Z,2026-06-10T09:13:45.966Z,2,0.07,20.94,51
2026-06-10T09:14:46.295Z,2026-06-10T09:15:46.295Z,2,0.043,20.94,51
2026-06-10T09:17:46.687Z,2026-06-10T09:18:46.687Z,2,0.05,20.94,51
2026-06-10T09:18:46.753Z,2026-06-10T09:19:46.753Z,4,0.189,20.94,51
2026-06-10T09:22:47.311Z,2026-06-10T09:23:47.311Z,1,0.03,20.94,51
2026-06-10T09:33:48.720Z,2026-06-10T09:34:48.720Z,2,0.033,20.94,51
2026-06-10T09:41:49.734Z,2026-06-10T09:42:49.734Z,0,0.007,20.94,51
2026-06-10T09:51:51.079Z,2026-06-10T09:52:51.079Z,0,0.027,20.94,51
2026-06-10T09:52:51.144Z,2026-06-10T09:53:51.144Z,1,0.037,20.94,51
2026-06-10T09:53:51.309Z,2026-06-10T09:54:51.309Z,0,0.073,20.94,51
2026-06-10T09:54:51.473Z,2026-06-10T09:55:51.473Z,1,0.017,20.94,51
2026-06-10T09:55:51.538Z,2026-06-10T09:56:51.538Z,0,0.003,20.94,51
2026-06-10T09:56:51.701Z,2026-06-10T09:57:51.701Z,1,0.023,20.94,51
2026-06-10T09:57:51.766Z,2026-06-10T09:58:51.766Z,1,0.083,20.94,51
2026-06-10T09:58:51.930Z,2026-06-10T09:59:51.930Z,1,0.03,20.94,51
2026-06-10T09:59:52.095Z,2026-06-10T10:00:52.095Z,2,0.193,20.94,51
2026-06-10T10:00:52.160Z,2026-06-10T10:01:52.160Z,1,0.146,20.94,51
2026-06-10T10:01:52.325Z,2026-06-10T10:02:52.325Z,0,0.023,20.94,51
2026-06-10T10:02:52.489Z,2026-06-10T10:03:52.489Z,3,0.397,20.94,51
2026-06-10T10:03:52.552Z,2026-06-10T10:04:52.552Z,0,0.003,20.94,51
2026-06-10T10:04:52.717Z,2026-06-10T10:05:52.717Z,1,0.017,20.94,51
2026-06-10T10:05:52.881Z,2026-06-10T10:06:52.881Z,4,0.107,20.94,51
2026-06-10T10:13:53.898Z,2026-06-10T10:14:53.898Z,0,0.003,20.94,51
2026-06-10T10:34:56.552Z,2026-06-10T10:35:56.552Z,0,0.033,20.94,51
2026-06-10T10:35:56.716Z,2026-06-10T10:36:56.716Z,0,0.02,20.94,51
2026-06-10T12:14:09.332Z,2026-06-10T12:15:09.332Z,1,0.09,20.94,51
2026-06-10T12:15:09.496Z,2026-06-10T12:16:09.496Z,0,0.037,20.94,51
2026-06-10T12:21:10.283Z,2026-06-10T12:22:10.283Z,2,0.087,20.94,51
2026-06-10T12:22:10.348Z,2026-06-10T12:23:10.348Z,1,0.033,20.94,51
2026-06-10T12:23:10.513Z,2026-06-10T12:24:10.513Z,0,0.096,20.94,51
2026-06-10T12:24:10.677Z,2026-06-10T12:25:10.677Z,2,0.117,20.94,51
2026-06-10T12:25:10.742Z,2026-06-10T12:26:10.742Z,1,0.233,20.94,51
2026-06-10T12:26:10.905Z,2026-06-10T12:27:10.905Z,0,0.03,20.94,51
2026-06-10T12:27:10.970Z,2026-06-10T12:28:10.970Z,0,0.1,20.94,51
2026-06-10T12:28:11.134Z,2026-06-10T12:29:11.134Z,0,0.013,20.94,51
2026-06-10T13:25:18.709Z,2026-06-10T13:26:18.709Z,0,0.02,20.94,51
2026-06-10T13:26:18.872Z,2026-06-10T13:27:18.872Z,2,0.053,20.94,51
2026-06-10T13:27:18.937Z,2026-06-10T13:28:18.937Z,1,0.027,20.94,51
2026-06-10T13:58:22.936Z,2026-06-10T13:59:22.936Z,0,0.007,20.94,51
2026-06-10T14:08:24.279Z,2026-06-10T14:09:24.279Z,1,0.013,20.94,51
2026-06-10T14:12:24.737Z,2026-06-10T14:13:24.737Z,1,0.013,20.94,51
2026-06-10T14:17:25.359Z,2026-06-10T14:18:25.359Z,0,0.003,20.94,51
2026-06-10T14:18:25.525Z,2026-06-10T14:19:25.525Z,0,0.003,20.94,51
2026-06-10T14:32:27.326Z,2026-06-10T14:33:27.326Z,1,0.017,20.94,51
2026-06-10T14:54:30.144Z,2026-06-10T14:55:30.144Z,1,0.01,20.94,51
2026-06-10T15:22:33.749Z,2026-06-10T15:23:33.749Z,0,0.01,20.94,51
2026-06-10T16:03:39.091Z,2026-06-10T16:04:39.091Z,0,0.037,20.94,51
2026-06-10T17:28:49.969Z,2026-06-10T17:29:49.969Z,1,0.03,20.94,51
2026-06-10T17:29:50.132Z,2026-06-10T17:30:50.132Z,3,0.056,20.94,51
2026-06-10T17:30:50.298Z,2026-06-10T17:31:50.298Z,1,0.047,20.94,51
2026-06-10T17:31:50.361Z,2026-06-10T17:32:50.361Z,0,0.007,20.94,51
2026-06-10T19:18:04.094Z,2026-06-10T19:19:04.094Z,0,0.007,20.94,51
2026-06-10T19:20:04.322Z,2026-06-10T19:21:04.322Z,1,0.02,20.94,51
2026-06-10T19:21:04.486Z,2026-06-10T19:22:04.486Z,1,0.443,20.94,51
2026-06-10T19:22:04.552Z,2026-06-10T19:23:04.552Z,1,0.04,20.94,51
2026-06-10T23:55:39.875Z,2026-06-10T23:56:39.875Z,1,0.05,20.94,51
2026-06-10T23:56:39.914Z,2026-06-10T23:57:39.914Z,0,0.013,20.94,51
2026-06-10T23:58:40.142Z,2026-06-10T23:59:40.142Z,0,0.033,20.94,51
2026-06-10T23:59:40.306Z,2026-06-11T00:00:40.306Z,1,0.027,20.94,51
2026-06-11T00:10:41.717Z,2026-06-11T00:11:41.717Z,0,0.013,20.94,51
2026-06-11T00:11:41.881Z,2026-06-11T00:12:41.881Z,0,0.027,20.94,51
2026-06-11T00:12:41.946Z,2026-06-11T00:13:41.946Z,0,0.01,20.94,51
2026-06-11T00:13:42.109Z,2026-06-11T00:14:42.109Z,0,0.013,20.94,51
2026-06-11T00:14:42.273Z,2026-06-11T00:15:42.273Z,0,0.017,20.94,51
2026-06-11T00:15:42.338Z,2026-06-11T00:16:42.338Z,0,0.017,20.94,51
2026-06-11T00:16:42.503Z,2026-06-11T00:17:42.503Z,0,0.02,20.94,51
2026-06-11T00:17:42.568Z,2026-06-11T00:18:42.568Z,0,0.01,20.94,51
2026-06-11T00:18:42.732Z,2026-06-11T00:19:42.732Z,0,0.023,20.94,51
2026-06-11T00:19:42.897Z,2026-06-11T00:20:42.897Z,0,0.01,20.94,51
2026-06-11T00:20:42.960Z,2026-06-11T00:21:42.960Z,0,0.003,20.94,51
2026-06-11T00:22:43.289Z,2026-06-11T00:23:43.289Z,0,0.003,20.94,51
2026-06-11T00:31:44.369Z,2026-06-11T00:32:44.369Z,1,0.023,20.94,51
2026-06-11T00:32:44.535Z,2026-06-11T00:33:44.535Z,0,0.143,20.94,51
2026-06-11T00:33:44.698Z,2026-06-11T00:34:44.698Z,1,0.113,20.94,51
2026-06-11T00:37:45.157Z,2026-06-11T00:38:45.157Z,2,0.193,20.94,51
2026-06-11T00:43:45.944Z,2026-06-11T00:44:45.944Z,1,0.013,20.94,51
2026-06-11T00:44:46.108Z,2026-06-11T00:45:46.108Z,0,0.003,20.94,51
2026-06-11T01:08:49.155Z,2026-06-11T01:09:49.155Z,1,0.033,20.94,51
2026-06-11T01:12:49.713Z,2026-06-11T01:13:49.713Z,6,0.355,20.94,51
2026-06-11T01:13:49.878Z,2026-06-11T01:14:49.878Z,1,0.287,20.94,51
2026-06-11T01:15:50.107Z,2026-06-11T01:16:50.107Z,1,0.02,20.94,51
2026-06-11T01:21:50.894Z,2026-06-11T01:22:50.894Z,2,0.48,20.94,51
2026-06-11T01:22:50.957Z,2026-06-11T01:23:50.957Z,1,0.764,20.94,51
2026-06-11T01:23:51.121Z,2026-06-11T01:24:51.121Z,7,1.658,20.94,51
2026-06-11T01:24:51.286Z,2026-06-11T01:25:51.286Z,7,1.367,20.94,51
2026-06-11T01:25:51.351Z,2026-06-11T01:26:51.351Z,5,1.638,20.94,51
2026-06-11T01:26:51.516Z,2026-06-11T01:27:51.516Z,9,1.392,20.94,51
2026-06-11T01:27:51.680Z,2026-06-11T01:28:51.680Z,5,1.337,20.94,51
2026-06-11T01:28:51.744Z,2026-06-11T01:29:51.744Z,1,0.977,20.94,51
2026-06-11T01:29:51.908Z,2026-06-11T01:30:51.908Z,10,1.047,20.94,51
2026-06-11T01:30:52.073Z,2026-06-11T01:31:52.073Z,7,0.863,20.94,51
2026-06-11T01:31:52.138Z,2026-06-11T01:32:52.138Z,7,0.9,20.94,51
2026-06-11T01:32:52.302Z,2026-06-11T01:33:52.302Z,8,1.303,20.94,51
2026-06-11T01:33:52.367Z,2026-06-11T01:34:52.367Z,1,0.402,20.94,51
2026-06-11T01:34:52.532Z,2026-06-11T01:35:52.532Z,4,0.767,20.94,51
2026-06-11T01:35:52.696Z,2026-06-11T01:36:52.696Z,2,0.8,20.94,51
2026-06-11T01:36:52.759Z,2026-06-11T01:37:52.759Z,1,0.944,20.94,51
2026-06-11T01:37:52.924Z,2026-06-11T01:38:52.924Z,0,0.04,20.94,51
2026-06-11T01:39:53.154Z,2026-06-11T01:40:53.154Z,1,0.159,20.94,51
2026-06-11T01:40:53.318Z,2026-06-11T01:41:53.318Z,2,0.764,20.94,51
2026-06-11T01:41:53.483Z,2026-06-11T01:42:53.483Z,2,0.89,20.94,51
2026-06-11T01:42:53.546Z,2026-06-11T01:43:53.546Z,4,1.219,20.94,51
2026-06-11T01:43:53.711Z,2026-06-11T01:44:53.711Z,2,0.947,20.94,51
2026-06-11T01:44:53.875Z,2026-06-11T01:45:53.875Z,3,0.517,20.94,51
2026-06-11T01:45:53.940Z,2026-06-11T01:46:53.940Z,1,0.738,20.94,51
2026-06-11T01:46:54.105Z,2026-06-11T01:47:54.105Z,1,1.033,20.94,51
2026-06-11T01:47:54.168Z,2026-06-11T01:48:54.168Z,3,0.827,20.94,51
2026-06-11T01:48:54.334Z,2026-06-11T01:49:54.334Z,1,0.821,20.94,51
2026-06-11T01:49:54.497Z,2026-06-11T01:50:54.497Z,0,0.92,20.94,51
2026-06-11T01:50:54.562Z,2026-06-11T01:51:54.562Z,1,0.864,20.94,51
2026-06-11T01:51:54.726Z,2026-06-11T01:52:54.726Z,0,0.01,20.94,51
2026-06-11T01:53:54.956Z,2026-06-11T01:54:54.956Z,3,0.256,20.94,51
2026-06-11T01:54:55.121Z,2026-06-11T01:55:55.121Z,0,0.023,20.94,51
2026-06-11T01:55:55.285Z,2026-06-11T01:56:55.285Z,1,0.2,20.94,51
2026-06-11T01:56:55.349Z,2026-06-11T01:57:55.349Z,1,0.681,20.94,51
2026-06-11T01:57:55.513Z,2026-06-11T01:58:55.513Z,1,0.472,20.94,51
2026-06-11T01:58:55.678Z,2026-06-11T01:59:55.678Z,2,0.543,20.94,51
2026-06-11T02:14:57.710Z,2026-06-11T02:15:57.710Z,2,0.1,20.94,51
2026-06-11T02:15:57.874Z,2026-06-11T02:16:57.874Z,3,0.643,20.94,51
2026-06-11T02:16:57.938Z,2026-06-11T02:17:57.938Z,7,1.661,20.94,51
2026-06-11T02:17:58.102Z,2026-06-11T02:18:58.102Z,4,1.16,20.94,51
2026-06-11T02:18:58.167Z,2026-06-11T02:19:58.167Z,6,1.156,20.94,51
2026-06-11T02:19:58.332Z,2026-06-11T02:20:58.332Z,3,1.502,20.94,51
2026-06-11T02:20:58.496Z,2026-06-11T02:21:58.496Z,3,1.52,20.94,51
2026-06-11T02:21:58.561Z,2026-06-11T02:22:58.561Z,8,1.292,20.94,51
2026-06-11T02:22:58.724Z,2026-06-11T02:23:58.724Z,3,1.654,20.94,51
2026-06-11T02:23:58.890Z,2026-06-11T02:24:58.890Z,9,1.077,20.94,51
2026-06-11T02:24:58.953Z,2026-06-11T02:25:58.953Z,4,1.312,20.94,51
2026-06-11T02:25:59.118Z,2026-06-11T02:26:59.118Z,7,0.91,20.94,51
2026-06-11T02:26:59.282Z,2026-06-11T02:27:59.282Z,7,1.253,20.94,51
2026-06-11T02:27:59.348Z,2026-06-11T02:28:59.348Z,3,0.674,20.94,51
2026-06-11T02:31:59.905Z,2026-06-11T02:32:59.905Z,3,0.157,20.94,51
2026-06-11T02:32:59.970Z,2026-06-11T02:33:59.970Z,3,0.445,20.94,51
2026-06-11T02:34:00.134Z,2026-06-11T02:35:00.134Z,1,0.08,20.94,51
2026-06-11T02:53:02.559Z,2026-06-11T02:54:02.559Z,2,0.027,20.94,51
2026-06-11T02:55:02.888Z,2026-06-11T02:56:02.888Z,1,0.03,20.94,51
2026-06-11T03:09:04.690Z,2026-06-11T03:10:04.690Z,1,0.09,20.94,51
2026-06-11T03:10:04.755Z,2026-06-11T03:11:04.755Z,0,0.003,20.94,51
2026-06-11T03:21:06.164Z,2026-06-11T03:22:06.164Z,1,0.05,20.94,51
2026-06-11T03:38:08.359Z,2026-06-11T03:39:08.359Z,0,0.007,20.94,51
2026-06-11T03:49:09.769Z,2026-06-11T03:50:09.769Z,0,0.01,20.94,51
2026-06-11T03:51:10.098Z,2026-06-11T03:52:10.098Z,0,0.023,20.94,51
2026-06-11T04:49:17.536Z,2026-06-11T04:50:17.536Z,0,0.003,20.94,51
2026-06-11T04:50:17.700Z,2026-06-11T04:51:17.700Z,0,0.017,20.94,51
2026-06-11T04:51:17.765Z,2026-06-11T04:52:17.765Z,1,0.116,20.94,51
2026-06-11T04:57:18.552Z,2026-06-11T04:58:18.552Z,1,0.017,20.94,51
2026-06-11T05:04:19.503Z,2026-06-11T05:05:19.503Z,2,0.057,20.94,51
2026-06-11T05:05:19.566Z,2026-06-11T05:06:19.566Z,2,0.066,20.94,51
2026-06-11T05:06:19.732Z,2026-06-11T05:07:19.732Z,3,0.12,20.94,51
2026-06-11T06:05:27.332Z,2026-06-11T06:06:27.332Z,1,0.037,20.94,51
2026-06-11T06:30:30.543Z,2026-06-11T06:31:30.543Z,1,0.02,20.94,51
2026-06-11T06:52:33.361Z,2026-06-11T06:53:33.361Z,1,0.023,20.94,51
2026-06-11T07:10:35.721Z,2026-06-11T07:11:35.721Z,1,0.037,20.94,51
2026-06-11T07:20:36.966Z,2026-06-11T07:21:36.966Z,1,0.037,20.94,51
2026-06-11T08:02:42.473Z,2026-06-11T08:03:42.473Z,1,0.027,20.94,51
2026-06-11T19:15:09.361Z,2026-06-11T19:16:09.361Z,0,0.03,20.94,51
2026-06-11T19:16:09.492Z,2026-06-11T19:17:09.492Z,0,0.013,20.94,51
2026-06-11T19:17:09.555Z,2026-06-11T19:18:09.555Z,4,0.143,20.94,51
2026-06-11T19:19:09.884Z,2026-06-11T19:20:09.884Z,1,0.06,20.94,51
2026-06-11T20:19:17.552Z,2026-06-11T20:20:17.552Z,0,0.003,20.94,51
2026-06-12T00:15:47.963Z,2026-06-12T00:16:47.963Z,1,0.063,20.94,51
2026-06-12T00:18:48.358Z,2026-06-12T00:19:48.358Z,1,0.08,20.94,51
2026-06-12T00:19:48.522Z,2026-06-12T00:20:48.522Z,2,0.09,20.94,51
2026-06-12T00:20:48.687Z,2026-06-12T00:21:48.687Z,0,0.023,20.94,51
2026-06-12T00:23:49.079Z,2026-06-12T00:24:49.079Z,0,0.01,20.94,51
2026-06-12T00:24:49.144Z,2026-06-12T00:25:49.144Z,0,0.02,20.94,51
2026-06-12T00:25:49.309Z,2026-06-12T00:26:49.309Z,0,0.027,20.94,51
2026-06-12T00:26:49.473Z,2026-06-12T00:27:49.473Z,0,0.017,20.94,51
2026-06-12T00:29:49.766Z,2026-06-12T00:30:49.766Z,1,0.027,20.94,51
2026-06-12T00:30:49.930Z,2026-06-12T00:31:49.930Z,0,0.007,20.94,51
2026-06-12T00:31:50.095Z,2026-06-12T00:32:50.095Z,4,0.073,20.94,51
2026-06-12T00:35:50.553Z,2026-06-12T00:36:50.553Z,0,0.01,20.94,51
2026-06-12T00:37:50.881Z,2026-06-12T00:38:50.881Z,0,0.137,20.94,51
2026-06-12T00:38:50.947Z,2026-06-12T00:39:50.947Z,0,0.628,20.94,51
2026-06-12T00:39:51.111Z,2026-06-12T00:40:51.111Z,0,2.455,20.94,51
2026-06-12T00:40:51.276Z,2026-06-12T00:41:51.276Z,2,1.9,20.94,51
2026-06-12T00:41:51.339Z,2026-06-12T00:42:51.339Z,0,0.857,20.94,51
2026-06-12T00:42:51.505Z,2026-06-12T00:43:51.505Z,1,2.39,20.94,51
2026-06-12T00:43:51.569Z,2026-06-12T00:44:51.569Z,0,0.957,20.94,51
2026-06-12T00:44:51.733Z,2026-06-12T00:45:51.733Z,0,0.472,20.94,51
2026-06-12T00:45:51.898Z,2026-06-12T00:46:51.898Z,2,1.397,20.94,51
2026-06-12T00:46:51.963Z,2026-06-12T00:47:51.963Z,0,0.113,20.94,51
2026-06-12T00:47:52.127Z,2026-06-12T00:48:52.127Z,1,1.06,20.94,51
2026-06-12T00:48:52.290Z,2026-06-12T00:49:52.290Z,0,1.05,20.94,51
2026-06-12T00:49:52.355Z,2026-06-12T00:50:52.355Z,1,0.787,20.94,51
2026-06-12T00:50:52.519Z,2026-06-12T00:51:52.519Z,1,0.083,20.94,51
2026-06-12T00:51:52.684Z,2026-06-12T00:52:52.684Z,0,0.23,20.94,51
2026-06-12T00:52:52.749Z,2026-06-12T00:53:52.749Z,1,0.103,20.94,51
2026-06-12T00:53:52.914Z,2026-06-12T00:54:52.914Z,0,0.017,20.94,51
2026-06-12T00:54:53.078Z,2026-06-12T00:55:53.078Z,1,0.05,20.94,51
2026-06-12T00:55:53.142Z,2026-06-12T00:56:53.142Z,1,0.066,20.94,51
2026-06-12T00:59:53.700Z,2026-06-12T01:00:53.700Z,3,0.227,20.94,51
2026-06-12T01:00:53.765Z,2026-06-12T01:01:53.765Z,3,0.189,20.94,51
2026-06-12T01:04:54.322Z,2026-06-12T01:05:54.322Z,1,0.027,20.94,51
2026-06-12T01:05:54.486Z,2026-06-12T01:06:54.486Z,1,0.04,20.94,51
2026-06-12T01:23:56.746Z,2026-06-12T01:24:56.746Z,1,0.033,20.94,51
2026-06-12T01:24:56.911Z,2026-06-12T01:25:56.911Z,2,0.04,20.94,51
2026-06-12T01:25:57.075Z,2026-06-12T01:26:57.075Z,1,0.143,20.94,51
2026-06-12T01:26:57.141Z,2026-06-12T01:27:57.141Z,1,0.146,20.94,51
2026-06-12T01:27:57.305Z,2026-06-12T01:28:57.305Z,0,0.017,20.94,51
2026-06-12T01:28:57.369Z,2026-06-12T01:29:57.369Z,2,0.06,20.94,51
2026-06-12T01:29:57.533Z,2026-06-12T01:30:57.533Z,2,0.076,20.94,51
2026-06-12T01:37:58.549Z,2026-06-12T01:38:58.549Z,3,0.435,20.94,51
2026-06-12T01:38:58.713Z,2026-06-12T01:39:58.713Z,1,0.189,20.94,51
2026-06-12T02:00:01.367Z,2026-06-12T02:01:01.367Z,0,0.01,20.94,51
2026-06-12T02:01:01.530Z,2026-06-12T02:02:01.530Z,1,0.037,20.94,51
2026-06-12T02:02:01.696Z,2026-06-12T02:03:01.696Z,1,0.027,20.94,51
2026-06-12T02:27:04.907Z,2026-06-12T02:28:04.907Z,1,0.027,20.94,51
2026-06-12T03:05:09.755Z,2026-06-12T03:06:09.755Z,1,0.063,20.94,51
2026-06-12T03:06:09.920Z,2026-06-12T03:07:09.920Z,0,0.003,20.94,51
2026-06-12T03:28:12.746Z,2026-06-12T03:29:12.746Z,4,0.362,20.94,51
2026-06-12T03:29:12.910Z,2026-06-12T03:30:12.910Z,4,0.993,20.94,51
2026-06-12T03:44:14.767Z,2026-06-12T03:45:14.767Z,1,0.027,20.94,51
2026-06-12T04:00:16.898Z,2026-06-12T04:01:16.898Z,1,0.253,20.94,51
2026-06-12T04:01:16.963Z,2026-06-12T04:02:16.963Z,0,0.934,20.94,51
2026-06-12T04:02:17.128Z,2026-06-12T04:03:17.128Z,0,0.963,20.94,51
2026-06-12T04:03:17.292Z,2026-06-12T04:04:17.292Z,0,0.997,20.94,51
2026-06-12T04:04:17.357Z,2026-06-12T04:05:17.357Z,1,0.847,20.94,51
2026-06-12T04:05:17.522Z,2026-06-12T04:06:17.522Z,2,0.133,20.94,51
2026-06-12T04:17:19.095Z,2026-06-12T04:18:19.095Z,1,0.033,20.94,51
2026-06-12T04:52:23.551Z,2026-06-12T04:53:23.551Z,1,0.017,20.94,51
2026-06-12T05:03:25.160Z,2026-06-12T05:04:25.160Z,0,0.007,20.94,51
2026-06-12T05:04:25.323Z,2026-06-12T05:05:25.323Z,3,0.076,20.94,51
2026-06-12T05:22:27.684Z,2026-06-12T05:23:27.684Z,0,0.017,20.94,51
2026-06-12T05:24:27.913Z,2026-06-12T05:25:27.913Z,0,0.013,20.94,51
2026-06-12T05:32:28.928Z,2026-06-12T05:33:28.928Z,0,0.15,20.94,51
2026-06-12T05:38:29.714Z,2026-06-12T05:39:29.714Z,0,0.027,20.94,51
2026-06-12T05:39:29.880Z,2026-06-12T05:40:29.880Z,0,0.127,20.94,51
2026-06-12T05:40:29.944Z,2026-06-12T05:41:29.944Z,0,0.711,20.94,51
2026-06-12T05:41:30.108Z,2026-06-12T05:42:30.108Z,0,0.136,20.94,51
2026-06-12T05:43:30.536Z,2026-06-12T05:44:30.536Z,1,0.286,20.94,51
2026-06-12T05:44:30.701Z,2026-06-12T05:45:30.701Z,0,0.167,20.94,51
2026-06-12T05:45:30.766Z,2026-06-12T05:46:30.766Z,0,0.06,20.94,51
2026-06-12T05:46:30.930Z,2026-06-12T05:47:30.930Z,0,0.08,20.94,51
2026-06-12T05:48:31.160Z,2026-06-12T05:49:31.160Z,0,0.06,20.94,51
2026-06-12T05:49:31.323Z,2026-06-12T05:50:31.323Z,0,0.023,20.94,51
2026-06-12T05:51:31.552Z,2026-06-12T05:52:31.552Z,0,0.03,20.94,51
2026-06-12T05:52:31.717Z,2026-06-12T05:53:31.717Z,0,0.033,20.94,51
2026-06-12T05:53:31.881Z,2026-06-12T05:54:31.881Z,0,0.457,20.94,51
2026-06-12T06:14:34.535Z,2026-06-12T06:15:34.535Z,0,0.003,20.94,51
2026-06-12T06:16:34.763Z,2026-06-12T06:17:34.763Z,0,0.02,20.94,51
2026-06-12T06:19:35.157Z,2026-06-12T06:20:35.157Z,0,0.385,20.94,51
2026-06-12T06:21:35.486Z,2026-06-12T06:22:35.486Z,0,0.003,20.94,51
2026-06-12T06:24:35.878Z,2026-06-12T06:25:35.878Z,0,0.003,20.94,51
2026-06-12T06:25:35.944Z,2026-06-12T06:26:35.944Z,0,0.05,20.94,51
2026-06-12T06:26:36.108Z,2026-06-12T06:27:36.108Z,0,0.267,20.94,51
2026-06-12T06:27:36.173Z,2026-06-12T06:28:36.173Z,0,0.13,20.94,51
2026-06-12T06:30:36.565Z,2026-06-12T06:31:36.565Z,0,0.007,20.94,51
2026-06-12T06:38:37.680Z,2026-06-12T06:39:37.680Z,2,0.057,20.94,51
2026-06-12T06:39:37.746Z,2026-06-12T06:40:37.746Z,1,0.246,20.94,51
2026-06-12T06:40:37.910Z,2026-06-12T06:41:37.910Z,4,0.166,20.94,51
2026-06-12T06:41:38.075Z,2026-06-12T06:42:38.075Z,1,0.48,20.94,51
2026-06-12T06:42:38.138Z,2026-06-12T06:43:38.138Z,0,0.12,20.94,51
2026-06-12T06:43:38.302Z,2026-06-12T06:44:38.302Z,0,0.017,20.94,51
2026-06-12T06:44:38.368Z,2026-06-12T06:45:38.368Z,0,0.05,20.94,51
2026-06-12T06:51:39.319Z,2026-06-12T06:52:39.319Z,1,0.159,20.94,51
2026-06-12T06:52:39.483Z,2026-06-12T06:53:39.483Z,0,0.297,20.94,51
2026-06-12T06:53:39.548Z,2026-06-12T06:54:39.548Z,0,0.714,20.94,51
2026-06-12T06:54:39.711Z,2026-06-12T06:55:39.711Z,0,0.103,20.94,51
2026-06-12T06:55:39.877Z,2026-06-12T06:56:39.877Z,0,0.067,20.94,51
2026-06-12T06:56:39.940Z,2026-06-12T06:57:39.940Z,0,0.346,20.94,51
2026-06-12T06:57:40.105Z,2026-06-12T06:58:40.105Z,0,0.267,20.94,51
2026-06-12T06:58:40.170Z,2026-06-12T06:59:40.170Z,0,0.279,20.94,51
2026-06-12T06:59:40.334Z,2026-06-12T07:00:40.334Z,0,0.007,20.94,51
2026-06-12T07:04:40.956Z,2026-06-12T07:05:40.956Z,0,0.007,20.94,51
2026-06-12T07:05:41.121Z,2026-06-12T07:06:41.121Z,0,0.013,20.94,51
2026-06-12T07:06:41.285Z,2026-06-12T07:07:41.285Z,0,0.06,20.94,51
2026-06-12T07:07:41.349Z,2026-06-12T07:08:41.349Z,1,0.066,20.94,51
2026-06-12T07:09:41.678Z,2026-06-12T07:10:41.678Z,0,0.03,20.94,51
2026-06-12T07:10:41.743Z,2026-06-12T07:11:41.743Z,0,0.043,20.94,51
2026-06-12T07:11:41.907Z,2026-06-12T07:12:41.907Z,0,0.433,20.94,51
2026-06-12T07:12:41.971Z,2026-06-12T07:13:41.971Z,0,0.545,20.94,51
2026-06-12T07:13:42.135Z,2026-06-12T07:14:42.135Z,0,0.757,20.94,51
2026-06-12T07:14:42.301Z,2026-06-12T07:15:42.301Z,0,0.59,20.94,51
2026-06-12T07:15:42.365Z,2026-06-12T07:16:42.365Z,0,0.176,20.94,51
2026-06-12T07:16:42.529Z,2026-06-12T07:17:42.529Z,2,0.233,20.94,51
2026-06-12T07:17:42.694Z,2026-06-12T07:18:42.694Z,2,0.31,20.94,51
2026-06-12T07:18:42.759Z,2026-06-12T07:19:42.759Z,0,0.033,20.94,51
2026-06-12T07:19:42.923Z,2026-06-12T07:20:42.923Z,0,0.01,20.94,51
2026-06-12T07:20:43.088Z,2026-06-12T07:21:43.088Z,0,0.027,20.94,51
2026-06-12T07:21:43.151Z,2026-06-12T07:22:43.151Z,0,0.073,20.94,51
2026-06-12T07:22:43.315Z,2026-06-12T07:23:43.315Z,0,0.186,20.94,51
2026-06-12T07:23:43.480Z,2026-06-12T07:24:43.480Z,1,0.027,20.94,51
2026-06-12T07:24:43.545Z,2026-06-12T07:25:43.545Z,1,0.708,20.94,51
2026-06-12T07:25:43.710Z,2026-06-12T07:26:43.710Z,0,0.203,20.94,51
2026-06-12T07:26:43.874Z,2026-06-12T07:27:43.874Z,0,0.003,20.94,51
2026-06-12T07:27:43.938Z,2026-06-12T07:28:43.938Z,1,0.023,20.94,51
2026-06-12T07:32:44.561Z,2026-06-12T07:33:44.561Z,0,0.003,20.94,51
2026-06-12T07:34:44.890Z,2026-06-12T07:35:44.890Z,1,0.027,20.94,51
2026-06-12T07:36:45.118Z,2026-06-12T07:37:45.118Z,0,0.013,20.94,51
2026-06-12T07:37:45.282Z,2026-06-12T07:38:45.282Z,0,0.007,20.94,51
2026-06-12T07:38:45.348Z,2026-06-12T07:39:45.348Z,0,0.02,20.94,51
2026-06-12T07:39:45.512Z,2026-06-12T07:40:45.512Z,0,0.003,20.94,51
2026-06-12T07:40:45.677Z,2026-06-12T07:41:45.677Z,0,0.043,20.94,51
2026-06-12T07:42:45.905Z,2026-06-12T07:43:45.905Z,0,0.01,20.94,51
2026-06-12T07:44:46.134Z,2026-06-12T07:45:46.134Z,0,0.103,20.94,51
2026-06-12T07:45:46.299Z,2026-06-12T07:46:46.299Z,0,0.4,20.94,51
2026-06-12T07:46:46.362Z,2026-06-12T07:47:46.362Z,0,0.924,20.94,51
2026-06-12T07:47:46.528Z,2026-06-12T07:48:46.528Z,0,0.718,20.94,51
2026-06-12T07:48:46.691Z,2026-06-12T07:49:46.691Z,0,1.0,20.94,51
2026-06-12T07:49:46.756Z,2026-06-12T07:50:46.756Z,0,0.947,20.94,51
2026-06-12T07:51:47.085Z,2026-06-12T07:52:47.085Z,0,0.087,20.94,51
2026-06-12T07:52:47.150Z,2026-06-12T07:53:47.150Z,0,0.924,20.94,51
2026-06-12T07:53:47.313Z,2026-06-12T07:54:47.313Z,0,0.751,20.94,51
2026-06-12T07:54:47.479Z,2026-06-12T07:55:47.479Z,0,0.57,20.94,51
2026-06-12T07:55:47.542Z,2026-06-12T07:56:47.542Z,0,0.694,20.94,51
2026-06-12T07:56:47.707Z,2026-06-12T07:57:47.707Z,1,0.803,20.94,51
2026-06-12T07:57:47.772Z,2026-06-12T07:58:47.772Z,1,0.561,20.94,51
2026-06-12T07:58:47.937Z,2026-06-12T07:59:47.937Z,2,0.807,20.94,51
2026-06-12T07:59:48.101Z,2026-06-12T08:00:48.101Z,1,0.447,20.94,51
2026-06-12T08:00:48.165Z,2026-06-12T08:01:48.165Z,1,0.601,20.94,51
2026-06-12T08:01:48.329Z,2026-06-12T08:02:48.329Z,1,0.728,20.94,51
2026-06-12T08:02:48.493Z,2026-06-12T08:03:48.493Z,0,0.827,20.94,51
2026-06-12T08:03:48.559Z,2026-06-12T08:04:48.559Z,0,0.744,20.94,51
2026-06-12T08:04:48.723Z,2026-06-12T08:05:48.723Z,0,0.767,20.94,51
2026-06-12T08:05:48.888Z,2026-06-12T08:06:48.888Z,1,0.413,20.94,51
2026-06-12T08:06:48.951Z,2026-06-12T08:07:48.951Z,0,0.831,20.94,51
2026-06-12T08:07:49.117Z,2026-06-12T08:08:49.117Z,0,0.834,20.94,51
2026-06-12T08:08:49.280Z,2026-06-12T08:09:49.280Z,0,0.45,20.94,51
2026-06-12T08:09:49.345Z,2026-06-12T08:10:49.345Z,0,0.422,20.94,51
2026-06-12T08:10:49.509Z,2026-06-12T08:11:49.509Z,0,0.209,20.94,51
2026-06-12T08:11:49.674Z,2026-06-12T08:12:49.674Z,0,0.673,20.94,51
2026-06-12T08:12:49.739Z,2026-06-12T08:13:49.739Z,0,0.944,20.94,51
2026-06-12T08:13:49.903Z,2026-06-12T08:14:49.903Z,0,0.59,20.94,51
2026-06-12T08:15:50.131Z,2026-06-12T08:16:50.131Z,0,0.651,20.94,51
2026-06-12T08:16:50.296Z,2026-06-12T08:17:50.296Z,0,0.717,20.94,51
2026-06-12T08:17:50.361Z,2026-06-12T08:18:50.361Z,0,0.056,20.94,51
2026-06-12T08:18:50.526Z,2026-06-12T08:19:50.526Z,0,0.319,20.94,51
2026-06-12T08:19:50.690Z,2026-06-12T08:20:50.690Z,0,0.373,20.94,51
2026-06-12T08:20:50.755Z,2026-06-12T08:21:50.755Z,1,0.173,20.94,51
2026-06-12T08:21:50.918Z,2026-06-12T08:22:50.918Z,0,0.744,20.94,51
2026-06-12T08:22:51.082Z,2026-06-12T08:23:51.082Z,0,0.3,20.94,51
2026-06-12T08:23:51.148Z,2026-06-12T08:24:51.148Z,0,0.306,20.94,51
2026-06-12T08:28:51.769Z,2026-06-12T08:29:51.769Z,0,0.01,20.94,51
2026-06-12T08:31:52.163Z,2026-06-12T08:32:52.163Z,0,0.013,20.94,51
2026-06-12T08:32:52.328Z,2026-06-12T08:33:52.328Z,1,0.053,20.94,51
2026-06-12T09:30:59.766Z,2026-06-12T09:31:59.766Z,1,0.0,20.94,51
2026-06-12T09:34:00.158Z,2026-06-12T09:35:00.158Z,0,0.007,20.94,51
2026-06-14T06:32:48.128Z,2026-06-14T06:33:48.128Z,0,0.003,20.94,51
2026-06-14T09:06:07.888Z,2026-06-14T09:07:07.888Z,0,0.003,20.94,51
2026-06-14T09:07:07.953Z,2026-06-14T09:08:07.953Z,0,0.003,20.94,51
2026-06-14T19:22:27.132Z,2026-06-14T19:23:27.132Z,5,0.213,20.94,51
2026-06-14T19:23:27.298Z,2026-06-14T19:24:27.298Z,0,0.013,20.94,51
2026-06-14T19:27:27.756Z,2026-06-14T19:28:27.756Z,1,0.013,20.94,51
2026-06-14T20:27:35.523Z,2026-06-14T20:28:35.523Z,0,0.007,20.94,51
2026-06-15T00:14:04.688Z,2026-06-15T00:15:04.688Z,0,0.003,20.94,51
2026-06-15T03:36:49.378Z,2026-06-15T03:37:49.378Z,1,0.508,20.94,51
2026-06-15T03:37:49.543Z,2026-06-15T03:38:49.543Z,4,0.797,20.94,51
2026-06-15T03:39:59.015Z,2026-06-15T03:40:59.015Z,4,0.795,20.94,51
2026-06-15T03:40:59.207Z,2026-06-15T03:41:59.207Z,1,0.037,20.94,51
2026-06-15T03:41:59.388Z,2026-06-15T03:42:59.388Z,0,1.0,20.94,51
2026-06-15T03:42:59.558Z,2026-06-15T03:43:59.558Z,0,0.933,20.94,51
2026-06-15T03:43:59.632Z,2026-06-15T03:44:59.632Z,2,0.023,20.94,51
2026-06-15T03:44:59.805Z,2026-06-15T03:45:59.805Z,1,0.143,20.94,51
2026-06-15T03:45:59.950Z,2026-06-15T03:46:59.950Z,2,0.542,20.94,51
2026-06-15T03:47:00.145Z,2026-06-15T03:48:00.145Z,2,0.513,20.94,51
2026-06-15T03:48:00.213Z,2026-06-15T03:49:00.213Z,1,0.734,20.94,51
2026-06-15T03:49:00.381Z,2026-06-15T03:50:00.381Z,5,0.934,20.94,51
2026-06-15T03:50:00.548Z,2026-06-15T03:51:00.548Z,1,1.39,20.94,51
2026-06-15T03:51:00.614Z,2026-06-15T03:52:00.614Z,1,0.522,20.94,51
2026-06-15T03:52:00.779Z,2026-06-15T03:53:00.779Z,0,0.641,20.94,51
2026-06-15T03:53:00.944Z,2026-06-15T03:54:00.944Z,0,0.633,20.94,51
2026-06-15T03:54:01.009Z,2026-06-15T03:55:01.009Z,0,0.847,20.94,51
2026-06-15T03:55:01.174Z,2026-06-15T03:56:01.174Z,0,0.309,20.94,51
2026-06-15T03:58:01.568Z,2026-06-15T03:59:01.568Z,0,0.003,20.94,51
2026-06-15T04:03:02.191Z,2026-06-15T04:04:02.191Z,1,0.083,20.94,51
2026-06-15T04:04:02.355Z,2026-06-15T04:05:02.355Z,1,0.103,20.94,51
2026-06-15T04:05:02.421Z,2026-06-15T04:06:02.421Z,3,0.213,20.94,51
2026-06-15T04:06:02.585Z,2026-06-15T04:07:02.585Z,1,0.615,20.94,51
2026-06-15T04:07:02.750Z,2026-06-15T04:08:02.750Z,0,0.233,20.94,51
2026-06-15T04:08:02.815Z,2026-06-15T04:09:02.815Z,1,0.488,20.94,51
2026-06-15T04:12:03.371Z,2026-06-15T04:13:03.371Z,0,0.003,20.94,51
2026-06-15T04:15:37.144Z,2026-06-15T04:16:37.144Z,0,0.007,20.94,51
2026-06-15T04:19:37.601Z,2026-06-15T04:20:37.601Z,1,0.037,20.94,51
2026-06-15T04:20:37.766Z,2026-06-15T04:21:37.766Z,0,0.003,20.94,51
2026-06-15T04:21:37.831Z,2026-06-15T04:22:37.831Z,2,0.043,20.94,51
2026-06-15T04:26:38.552Z,2026-06-15T04:27:38.552Z,1,0.017,20.94,51
2026-06-15T04:27:38.617Z,2026-06-15T04:28:38.617Z,1,0.013,20.94,51
2026-06-15T04:28:38.782Z,2026-06-15T04:29:38.782Z,1,0.007,20.94,51
2026-06-15T04:29:38.946Z,2026-06-15T04:30:38.946Z,1,0.007,20.94,51
2026-06-15T04:42:40.584Z,2026-06-15T04:43:40.584Z,1,0.03,20.94,51
2026-06-15T04:43:40.747Z,2026-06-15T04:44:40.747Z,3,0.033,20.94,51
2026-06-15T04:44:40.812Z,2026-06-15T04:45:40.812Z,0,0.01,20.94,51
2026-06-15T04:45:40.976Z,2026-06-15T04:46:40.976Z,0,0.003,20.94,51
2026-06-15T04:46:41.141Z,2026-06-15T04:47:41.141Z,0,0.067,20.94,51
2026-06-15T04:47:41.206Z,2026-06-15T04:48:41.206Z,0,0.282,20.94,51
2026-06-15T04:48:41.371Z,2026-06-15T04:49:41.371Z,0,0.453,20.94,51
2026-06-15T04:49:41.436Z,2026-06-15T04:50:41.436Z,0,0.047,20.94,51
2026-06-15T04:51:41.765Z,2026-06-15T04:52:41.765Z,1,0.067,20.94,51
2026-06-15T04:52:41.829Z,2026-06-15T04:53:41.829Z,2,0.123,20.94,51
2026-06-15T04:53:41.994Z,2026-06-15T04:54:41.994Z,1,0.07,20.94,51
2026-06-15T04:56:42.388Z,2026-06-15T04:57:42.388Z,1,0.053,20.94,51
2026-06-15T04:59:42.780Z,2026-06-15T05:00:42.780Z,0,0.06,20.94,51
2026-06-15T05:03:43.236Z,2026-06-15T05:04:43.236Z,0,0.286,20.94,51
2026-06-15T05:05:43.565Z,2026-06-15T05:06:43.565Z,0,0.007,20.94,51
2026-06-15T05:09:44.023Z,2026-06-15T05:10:44.023Z,1,0.007,20.94,51
2026-06-15T05:10:44.188Z,2026-06-15T05:11:44.188Z,0,0.043,20.94,51
2026-06-15T05:11:44.352Z,2026-06-15T05:12:44.352Z,0,0.463,20.94,51
2026-06-15T05:15:44.811Z,2026-06-15T05:16:44.811Z,0,0.003,20.94,51
2026-06-15T06:02:50.941Z,2026-06-15T06:03:50.941Z,0,0.003,20.94,51
2026-06-15T06:03:51.006Z,2026-06-15T06:04:51.006Z,1,0.033,20.94,51
2026-06-15T06:04:51.171Z,2026-06-15T06:05:51.171Z,2,0.117,20.94,51
2026-06-15T06:05:51.236Z,2026-06-15T06:06:51.236Z,0,0.997,20.94,51
2026-06-15T06:06:51.400Z,2026-06-15T06:07:51.400Z,1,0.027,20.94,51
2026-06-15T06:07:51.563Z,2026-06-15T06:08:51.563Z,1,0.017,20.94,51
2026-06-15T06:30:54.546Z,2026-06-15T06:31:54.546Z,2,0.323,20.94,51
2026-06-15T06:31:54.609Z,2026-06-15T06:32:54.609Z,1,0.06,20.94,51
2026-06-15T06:32:54.773Z,2026-06-15T06:33:54.773Z,1,0.023,20.94,51
2026-06-15T06:33:54.938Z,2026-06-15T06:34:54.938Z,0,0.017,20.94,51
2026-06-15T06:36:55.232Z,2026-06-15T06:37:55.232Z,1,0.312,20.94,51
2026-06-15T06:37:55.395Z,2026-06-15T06:38:55.395Z,0,1.0,20.94,51
2026-06-15T06:38:55.559Z,2026-06-15T06:39:55.559Z,0,1.0,20.94,51
2026-06-15T06:39:55.624Z,2026-06-15T06:40:55.624Z,1,0.173,20.94,51
2026-06-15T06:40:55.796Z,2026-06-15T06:41:55.796Z,1,0.007,20.94,51
2026-06-15T06:41:55.960Z,2026-06-15T06:42:55.960Z,0,0.007,20.94,51
2026-06-15T07:15:00.191Z,2026-06-15T07:16:00.191Z,0,0.442,20.94,51
2026-06-15T07:22:01.036Z,2026-06-15T07:23:01.036Z,1,0.007,20.94,51
2026-06-15T07:29:01.986Z,2026-06-15T07:30:01.986Z,1,0.033,20.94,51
2026-06-15T07:53:05.035Z,2026-06-15T07:54:05.035Z,2,0.166,20.94,51
2026-06-15T08:13:07.625Z,2026-06-15T08:14:07.625Z,0,0.007,20.94,51
2026-06-15T08:23:08.969Z,2026-06-15T08:24:08.969Z,0,0.007,20.94,51
2026-06-15T08:25:09.197Z,2026-06-15T08:26:09.197Z,1,0.083,20.94,51
2026-06-15T08:28:09.591Z,2026-06-15T08:29:09.591Z,1,0.086,20.94,51
2026-06-15T08:42:11.392Z,2026-06-15T08:43:11.392Z,1,0.007,20.94,51
2026-06-15T08:48:12.178Z,2026-06-15T08:49:12.178Z,0,0.01,20.94,51
2026-06-15T08:49:12.342Z,2026-06-15T08:50:12.342Z,0,0.003,20.94,51
2026-06-15T08:56:13.194Z,2026-06-15T08:57:13.194Z,0,0.007,20.94,51
2026-06-15T09:06:14.539Z,2026-06-15T09:07:14.539Z,4,0.423,20.94,51
2026-06-15T09:07:14.595Z,2026-06-15T09:08:14.595Z,0,0.003,20.94,51
2026-06-15T09:08:14.759Z,2026-06-15T09:09:14.759Z,1,0.253,20.94,51
2026-06-15T09:09:14.823Z,2026-06-15T09:10:14.823Z,0,0.047,20.94,51
2026-06-15T09:30:17.576Z,2026-06-15T09:31:17.576Z,1,0.219,20.94,51
2026-06-15T19:36:35.785Z,2026-06-15T19:37:35.785Z,1,0.153,20.94,51
2026-06-15T19:37:35.950Z,2026-06-15T19:38:35.950Z,2,0.03,20.94,51
2026-06-15T19:38:36.013Z,2026-06-15T19:39:36.013Z,1,0.03,20.94,51
2026-06-15T23:12:03.424Z,2026-06-15T23:13:03.424Z,0,0.003,20.94,51
2026-06-16T00:25:12.829Z,2026-06-16T00:26:12.829Z,1,0.007,20.94,51
2026-06-16T00:40:14.796Z,2026-06-16T00:41:14.796Z,1,0.007,20.94,51
2026-06-16T00:42:15.026Z,2026-06-16T00:43:15.026Z,0,0.007,20.94,51
2026-06-16T00:45:15.420Z,2026-06-16T00:46:15.420Z,2,0.027,20.94,51
2026-06-16T00:46:15.584Z,2026-06-16T00:47:15.584Z,2,0.219,20.94,51
2026-06-16T00:47:15.747Z,2026-06-16T00:48:15.747Z,1,0.02,20.94,51
2026-06-16T00:57:16.993Z,2026-06-16T00:58:16.993Z,2,0.126,20.94,51
2026-06-16T01:01:17.551Z,2026-06-16T01:02:17.551Z,0,0.01,20.94,51
2026-06-16T01:06:18.173Z,2026-06-16T01:07:18.173Z,0,0.003,20.94,51
2026-06-16T01:10:18.631Z,2026-06-16T01:11:18.631Z,0,0.007,20.94,51
2026-06-16T01:13:19.023Z,2026-06-16T01:14:19.023Z,0,0.007,20.94,51
2026-06-16T01:15:19.352Z,2026-06-16T01:16:19.352Z,0,0.007,20.94,51
2026-06-16T01:16:19.417Z,2026-06-16T01:17:19.417Z,1,0.136,20.94,51
2026-06-16T01:23:20.368Z,2026-06-16T01:24:20.368Z,0,0.003,20.94,51
2026-06-16T01:24:20.433Z,2026-06-16T01:25:20.433Z,1,0.821,20.94,51
2026-06-16T01:25:20.598Z,2026-06-16T01:26:20.598Z,1,0.555,20.94,51
2026-06-16T01:26:20.762Z,2026-06-16T01:27:20.762Z,4,1.3,20.94,51
2026-06-16T01:27:20.826Z,2026-06-16T01:28:20.826Z,2,1.249,20.94,51
2026-06-16T01:28:20.990Z,2026-06-16T01:29:20.990Z,4,1.767,20.94,51
2026-06-16T01:29:21.155Z,2026-06-16T01:30:21.155Z,2,1.13,20.94,51
2026-06-16T01:30:21.220Z,2026-06-16T01:31:21.220Z,1,1.022,20.94,51
2026-06-16T01:31:21.384Z,2026-06-16T01:32:21.384Z,0,1.0,20.94,51
2026-06-16T01:32:21.549Z,2026-06-16T01:33:21.549Z,0,1.0,20.94,51
2026-06-16T01:33:21.612Z,2026-06-16T01:34:21.612Z,0,1.006,20.94,51
2026-06-16T01:34:21.778Z,2026-06-16T01:35:21.778Z,0,1.0,20.94,51
2026-06-16T01:35:21.941Z,2026-06-16T01:36:21.941Z,0,1.002,20.94,51
2026-06-16T01:36:22.006Z,2026-06-16T01:37:22.006Z,0,1.0,20.94,51
2026-06-16T01:37:22.171Z,2026-06-16T01:38:22.171Z,0,0.03,20.94,51
2026-06-16T01:40:22.572Z,2026-06-16T01:41:22.572Z,1,0.037,20.94,51
2026-06-16T01:51:24.006Z,2026-06-16T01:52:24.006Z,1,0.01,20.94,51
2026-06-16T01:52:24.171Z,2026-06-16T01:53:24.171Z,1,0.017,20.94,51
2026-06-16T01:55:24.565Z,2026-06-16T01:56:24.565Z,2,0.023,20.94,51
2026-06-16T01:56:24.628Z,2026-06-16T01:57:24.628Z,1,0.017,20.94,51
2026-06-16T01:57:24.793Z,2026-06-16T01:58:24.793Z,1,0.037,20.94,51
2026-06-16T01:58:24.957Z,2026-06-16T01:59:24.957Z,1,0.033,20.94,51
2026-06-16T01:59:25.023Z,2026-06-16T02:00:25.023Z,1,0.003,20.94,51
2026-06-16T02:12:26.759Z,2026-06-16T02:13:26.759Z,0,0.007,20.94,51
2026-06-16T02:50:31.608Z,2026-06-16T02:51:31.608Z,0,0.007,20.94,51
2026-06-16T02:55:32.230Z,2026-06-16T02:56:32.230Z,4,0.03,20.94,51
2026-06-16T02:56:32.395Z,2026-06-16T02:57:32.395Z,5,0.219,20.94,51
2026-06-16T02:57:32.559Z,2026-06-16T02:58:32.559Z,3,0.07,20.94,51
2026-06-16T02:59:32.789Z,2026-06-16T03:00:32.789Z,4,0.033,20.94,51
2026-06-16T03:00:32.953Z,2026-06-16T03:01:32.953Z,2,0.087,20.94,51
2026-06-16T03:01:33.017Z,2026-06-16T03:02:33.017Z,2,0.013,20.94,51
2026-06-16T03:03:33.346Z,2026-06-16T03:04:33.346Z,1,0.02,20.94,51
2026-06-16T03:04:33.411Z,2026-06-16T03:05:33.411Z,0,0.007,20.94,51
2026-06-16T03:05:33.575Z,2026-06-16T03:06:33.575Z,0,0.003,20.94,51
2026-06-16T03:06:33.740Z,2026-06-16T03:07:33.740Z,0,0.027,20.94,51
2026-06-16T03:09:34.032Z,2026-06-16T03:10:34.032Z,1,0.023,20.94,51
2026-06-16T03:11:34.361Z,2026-06-16T03:12:34.361Z,0,0.01,20.94,51
2026-06-16T03:15:34.819Z,2026-06-16T03:16:34.819Z,0,0.003,20.94,51
2026-06-16T03:37:37.638Z,2026-06-16T03:38:37.638Z,0,0.007,20.94,51
2026-06-16T03:38:37.802Z,2026-06-16T03:39:37.802Z,1,0.153,20.94,51
2026-06-16T03:39:37.959Z,2026-06-16T03:40:37.959Z,2,1.037,20.94,51
2026-06-16T03:40:38.023Z,2026-06-16T03:41:38.023Z,1,0.382,20.94,51
2026-06-16T03:41:38.196Z,2026-06-16T03:42:38.196Z,2,0.731,20.94,51
2026-06-16T03:42:38.361Z,2026-06-16T03:43:38.361Z,0,0.013,20.94,51
2026-06-16T03:43:38.424Z,2026-06-16T03:44:38.424Z,1,0.033,20.94,51
2026-06-16T03:44:38.581Z,2026-06-16T03:45:38.581Z,2,1.209,20.94,51
2026-06-16T03:45:38.744Z,2026-06-16T03:46:38.744Z,5,1.03,20.94,51
2026-06-16T03:46:38.818Z,2026-06-16T03:47:38.818Z,0,0.063,20.94,51
2026-06-16T03:50:39.375Z,2026-06-16T03:51:39.375Z,2,0.863,20.94,51
2026-06-16T03:51:39.431Z,2026-06-16T03:52:39.431Z,0,0.183,20.94,51
2026-06-16T03:52:39.605Z,2026-06-16T03:53:39.605Z,1,0.007,20.94,51
2026-06-16T03:54:39.834Z,2026-06-16T03:55:39.834Z,1,0.236,20.94,51
2026-06-16T03:57:40.227Z,2026-06-16T03:58:40.227Z,0,0.003,20.94,51
2026-06-16T04:00:40.621Z,2026-06-16T04:01:40.621Z,0,0.007,20.94,51
2026-06-16T04:01:40.785Z,2026-06-16T04:02:40.785Z,0,0.01,20.94,51
2026-06-16T04:02:40.950Z,2026-06-16T04:03:40.950Z,0,0.007,20.94,51
2026-06-16T04:03:41.013Z,2026-06-16T04:04:41.013Z,1,0.166,20.94,51
2026-06-16T04:04:41.178Z,2026-06-16T04:05:41.178Z,1,0.322,20.94,51
2026-06-16T04:05:41.342Z,2026-06-16T04:06:41.342Z,0,0.98,20.94,51
2026-06-16T04:06:41.407Z,2026-06-16T04:07:41.407Z,2,0.99,20.94,51
2026-06-16T04:07:41.572Z,2026-06-16T04:08:41.572Z,2,0.85,20.94,51
2026-06-16T04:08:41.637Z,2026-06-16T04:09:41.637Z,1,0.741,20.94,51
2026-06-16T04:09:41.792Z,2026-06-16T04:10:41.792Z,0,0.9,20.94,51
2026-06-16T04:10:41.957Z,2026-06-16T04:11:41.957Z,1,0.833,20.94,51
2026-06-16T04:11:42.029Z,2026-06-16T04:12:42.029Z,1,0.056,20.94,51
2026-06-16T04:16:42.752Z,2026-06-16T04:17:42.752Z,2,0.487,20.94,51
2026-06-16T04:17:42.816Z,2026-06-16T04:18:42.816Z,5,1.183,20.94,51
2026-06-16T04:18:42.980Z,2026-06-16T04:19:42.980Z,3,1.23,20.94,51
2026-06-16T04:19:43.038Z,2026-06-16T04:20:43.038Z,2,0.066,20.94,51
2026-06-16T04:20:43.210Z,2026-06-16T04:21:43.210Z,1,0.0,20.94,51
2026-06-16T04:21:43.375Z,2026-06-16T04:22:43.375Z,2,0.0,20.94,51
2026-06-16T04:22:43.539Z,2026-06-16T04:23:43.539Z,3,0.167,20.94,51
2026-06-16T04:23:43.604Z,2026-06-16T04:24:43.604Z,1,0.186,20.94,51
2026-06-16T04:29:44.391Z,2026-06-16T04:30:44.391Z,1,0.0,20.94,51
2026-06-16T04:31:44.619Z,2026-06-16T04:32:44.619Z,0,0.003,20.94,51
2026-06-16T04:34:45.013Z,2026-06-16T04:35:45.013Z,1,0.017,20.94,51
2026-06-16T04:35:45.177Z,2026-06-16T04:36:45.177Z,0,0.007,20.94,51
2026-06-16T04:36:45.342Z,2026-06-16T04:37:45.342Z,4,0.483,20.94,51
2026-06-16T04:37:45.398Z,2026-06-16T04:38:45.398Z,0,0.997,20.94,51
2026-06-16T04:38:45.571Z,2026-06-16T04:39:45.571Z,0,0.863,20.94,51
2026-06-16T04:39:45.634Z,2026-06-16T04:40:45.634Z,2,0.289,20.94,51
2026-06-16T04:40:45.790Z,2026-06-16T04:41:45.790Z,2,0.206,20.94,51
2026-06-16T04:41:45.963Z,2026-06-16T04:42:45.963Z,0,0.407,20.94,51
2026-06-16T04:48:46.815Z,2026-06-16T04:49:46.815Z,0,0.003,20.94,51
2026-06-16T04:51:47.209Z,2026-06-16T04:52:47.209Z,0,0.003,20.94,51
2026-06-16T05:00:48.388Z,2026-06-16T05:01:48.388Z,0,0.01,20.94,51
2026-06-16T05:02:48.618Z,2026-06-16T05:03:48.618Z,0,0.003,20.94,51
2026-06-16T05:13:50.026Z,2026-06-16T05:14:50.026Z,0,0.01,20.94,51
2026-06-16T05:29:52.158Z,2026-06-16T05:30:52.158Z,1,0.903,20.94,51
2026-06-16T05:30:52.223Z,2026-06-16T05:31:52.223Z,0,1.0,20.94,51
2026-06-16T05:31:52.388Z,2026-06-16T05:32:52.388Z,0,1.0,20.94,51
2026-06-16T05:32:52.543Z,2026-06-16T05:33:52.543Z,0,1.0,20.94,51
2026-06-16T05:33:52.608Z,2026-06-16T05:34:52.608Z,0,1.0,20.94,51
2026-06-16T05:34:52.773Z,2026-06-16T05:35:52.773Z,0,0.439,20.94,51
2026-06-16T05:35:52.946Z,2026-06-16T05:36:52.946Z,1,0.597,20.94,51
2026-06-16T05:36:53.002Z,2026-06-16T05:37:53.002Z,0,1.0,20.94,51
2026-06-16T05:37:53.165Z,2026-06-16T05:38:53.165Z,0,1.0,20.94,51
2026-06-16T05:38:53.230Z,2026-06-16T05:39:53.230Z,0,1.0,20.94,51
2026-06-16T05:39:53.394Z,2026-06-16T05:40:53.394Z,0,1.0,20.94,51
2026-06-16T05:40:53.559Z,2026-06-16T05:41:53.559Z,0,1.0,20.94,51
2026-06-16T05:41:53.624Z,2026-06-16T05:42:53.624Z,0,1.0,20.94,51
2026-06-16T05:42:53.789Z,2026-06-16T05:43:53.789Z,0,1.0,20.94,51
2026-06-16T05:43:53.953Z,2026-06-16T05:44:53.953Z,0,1.0,20.94,51
2026-06-16T05:44:54.017Z,2026-06-16T05:45:54.017Z,0,1.0,20.94,51
2026-06-16T05:45:54.181Z,2026-06-16T05:46:54.181Z,0,1.0,20.94,51
2026-06-16T05:46:54.345Z,2026-06-16T05:47:54.345Z,0,1.0,20.94,51
2026-06-16T05:47:54.411Z,2026-06-16T05:48:54.411Z,0,1.0,20.94,51
2026-06-16T05:48:54.575Z,2026-06-16T05:49:54.575Z,0,1.0,20.94,51
2026-06-16T05:49:54.740Z,2026-06-16T05:50:54.740Z,0,1.0,20.94,51
2026-06-16T05:50:54.803Z,2026-06-16T05:51:54.803Z,0,1.0,20.94,51
2026-06-16T05:51:54.969Z,2026-06-16T05:52:54.969Z,0,1.0,20.94,51
2026-06-16T05:52:55.032Z,2026-06-16T05:53:55.032Z,0,1.0,20.94,51
2026-06-16T05:53:55.197Z,2026-06-16T05:54:55.197Z,0,1.0,20.94,51
2026-06-16T05:54:55.361Z,2026-06-16T05:55:55.361Z,0,0.173,20.94,51
2026-06-16T05:55:55.434Z,2026-06-16T05:56:55.434Z,0,0.01,20.94,51
2026-06-16T05:57:55.763Z,2026-06-16T05:58:55.763Z,3,0.07,20.94,51
2026-06-16T05:58:55.828Z,2026-06-16T05:59:55.828Z,1,0.017,20.94,51
2026-06-16T05:59:55.993Z,2026-06-16T06:00:55.993Z,1,0.017,20.94,51
2026-06-16T06:06:56.944Z,2026-06-16T06:07:56.944Z,1,0.013,20.94,51
2026-06-16T06:07:57.009Z,2026-06-16T06:08:57.009Z,1,0.007,20.94,51
2026-06-16T06:09:57.237Z,2026-06-16T06:10:57.237Z,0,0.007,20.94,51
2026-06-16T06:12:57.631Z,2026-06-16T06:13:57.631Z,0,0.003,20.94,51
2026-06-16T06:23:59.140Z,2026-06-16T06:24:59.140Z,2,0.013,20.94,51
2026-06-16T06:29:59.826Z,2026-06-16T06:30:59.826Z,0,0.003,20.94,51
2026-06-16T06:33:00.220Z,2026-06-16T06:34:00.220Z,4,0.116,20.94,51
2026-06-16T06:34:00.375Z,2026-06-16T06:35:00.375Z,1,0.442,20.94,51
2026-06-16T06:35:00.540Z,2026-06-16T06:36:00.540Z,2,0.007,20.94,51
2026-06-16T06:37:00.769Z,2026-06-16T06:38:00.769Z,1,0.003,20.94,51
2026-06-16T06:43:01.555Z,2026-06-16T06:44:01.555Z,2,0.113,20.94,51
2026-06-16T06:45:01.785Z,2026-06-16T06:46:01.785Z,0,0.003,20.94,51
2026-06-16T06:46:01.950Z,2026-06-16T06:47:01.950Z,1,0.007,20.94,51
2026-06-16T06:49:02.342Z,2026-06-16T06:50:02.342Z,2,0.407,20.94,51
2026-06-16T06:50:02.407Z,2026-06-16T06:51:02.407Z,0,1.0,20.94,51
2026-06-16T06:51:02.572Z,2026-06-16T06:52:02.572Z,1,1.2,20.94,51
2026-06-16T06:52:02.637Z,2026-06-16T06:53:02.637Z,4,1.821,20.94,51
2026-06-16T06:53:02.801Z,2026-06-16T06:54:02.801Z,6,0.684,20.94,51
2026-06-16T06:54:02.966Z,2026-06-16T06:55:02.966Z,2,0.793,20.94,51
2026-06-16T06:55:03.029Z,2026-06-16T06:56:03.029Z,3,0.678,20.94,51
2026-06-16T06:58:03.431Z,2026-06-16T06:59:03.431Z,3,0.767,20.94,51
2026-06-16T06:59:03.588Z,2026-06-16T07:00:03.588Z,3,1.083,20.94,51
2026-06-16T07:00:03.752Z,2026-06-16T07:01:03.752Z,7,0.343,20.94,51
2026-06-16T07:01:03.816Z,2026-06-16T07:02:03.816Z,5,0.043,20.94,51
2026-06-16T07:02:03.980Z,2026-06-16T07:03:03.980Z,6,0.063,20.94,51
2026-06-16T07:03:04.145Z,2026-06-16T07:04:04.145Z,4,0.12,20.94,51
2026-06-16T07:04:04.210Z,2026-06-16T07:05:04.210Z,7,0.0,20.94,51
2026-06-16T07:05:04.375Z,2026-06-16T07:06:04.375Z,5,0.1,20.94,51
2026-06-16T07:06:04.539Z,2026-06-16T07:07:04.539Z,1,0.963,20.94,51
2026-06-16T07:07:04.604Z,2026-06-16T07:08:04.604Z,4,0.322,20.94,51
2026-06-16T07:08:04.767Z,2026-06-16T07:09:04.767Z,4,0.91,20.94,51
2026-06-16T07:09:04.832Z,2026-06-16T07:10:04.832Z,0,1.03,20.94,51
2026-06-16T07:10:04.996Z,2026-06-16T07:11:04.996Z,0,0.987,20.94,51
2026-06-16T07:11:05.161Z,2026-06-16T07:12:05.161Z,1,1.0,20.94,51
2026-06-16T07:12:05.226Z,2026-06-16T07:13:05.226Z,0,1.0,20.94,51
2026-06-16T07:13:05.390Z,2026-06-16T07:14:05.390Z,0,1.01,20.94,51
2026-06-16T07:14:05.555Z,2026-06-16T07:15:05.555Z,0,1.002,20.94,51
2026-06-16T07:15:05.618Z,2026-06-16T07:16:05.618Z,0,1.0,20.94,51
2026-06-16T07:16:05.783Z,2026-06-16T07:17:05.783Z,0,1.002,20.94,51
2026-06-16T07:17:05.947Z,2026-06-16T07:18:05.947Z,2,1.097,20.94,51
2026-06-16T07:18:06.013Z,2026-06-16T07:19:06.013Z,0,1.276,20.94,51
2026-06-16T07:19:06.177Z,2026-06-16T07:20:06.177Z,0,1.787,20.94,51
2026-06-16T07:20:06.341Z,2026-06-16T07:21:06.341Z,0,1.997,20.94,51
2026-06-16T07:21:06.405Z,2026-06-16T07:22:06.405Z,0,2.023,20.94,51
2026-06-16T07:22:06.569Z,2026-06-16T07:23:06.569Z,0,1.983,20.94,51
2026-06-16T07:23:06.634Z,2026-06-16T07:24:06.634Z,0,2.007,20.94,51
2026-06-16T07:24:06.799Z,2026-06-16T07:25:06.799Z,0,2.0,20.94,51
2026-06-16T07:25:06.963Z,2026-06-16T07:26:06.963Z,0,2.0,20.94,51
2026-06-16T07:26:07.028Z,2026-06-16T07:27:07.028Z,0,2.003,20.94,51
2026-06-16T07:27:07.193Z,2026-06-16T07:28:07.193Z,0,2.02,20.94,51
2026-06-16T07:28:07.357Z,2026-06-16T07:29:07.357Z,0,2.023,20.94,51
2026-06-16T07:29:07.421Z,2026-06-16T07:30:07.421Z,1,2.003,20.94,51
2026-06-16T07:30:07.585Z,2026-06-16T07:31:07.585Z,0,2.007,20.94,51
2026-06-16T07:31:07.750Z,2026-06-16T07:32:07.750Z,0,2.003,20.94,51
2026-06-16T07:32:07.815Z,2026-06-16T07:33:07.815Z,0,2.0,20.94,51
2026-06-16T07:33:07.979Z,2026-06-16T07:34:07.979Z,0,2.003,20.94,51
2026-06-16T07:34:08.144Z,2026-06-16T07:35:08.144Z,0,2.0,20.94,51
2026-06-16T07:35:08.207Z,2026-06-16T07:36:08.207Z,0,2.0,20.94,51
2026-06-16T07:36:08.372Z,2026-06-16T07:37:08.372Z,0,2.0,20.94,51
2026-06-16T07:37:08.437Z,2026-06-16T07:38:08.437Z,0,2.0,20.94,51
2026-06-16T07:38:08.601Z,2026-06-16T07:39:08.601Z,0,1.997,20.94,51
2026-06-16T07:39:08.766Z,2026-06-16T07:40:08.766Z,0,2.007,20.94,51
2026-06-16T07:40:08.822Z,2026-06-16T07:41:08.822Z,0,2.009,20.94,51
2026-06-16T07:41:08.986Z,2026-06-16T07:42:08.986Z,0,2.0,20.94,51
2026-06-16T07:42:09.151Z,2026-06-16T07:43:09.151Z,0,2.0,20.94,51
2026-06-16T07:43:09.216Z,2026-06-16T07:44:09.216Z,0,1.997,20.94,51
2026-06-16T07:44:09.380Z,2026-06-16T07:45:09.380Z,0,2.0,20.94,51
2026-06-16T07:45:09.552Z,2026-06-16T07:46:09.552Z,1,2.007,20.94,51
2026-06-16T07:46:09.617Z,2026-06-16T07:47:09.617Z,0,2.0,20.94,51
2026-06-16T07:47:09.782Z,2026-06-16T07:48:09.782Z,3,1.482,20.94,51
2026-06-16T07:48:09.946Z,2026-06-16T07:49:09.946Z,3,1.027,20.94,51
2026-06-16T07:49:10.002Z,2026-06-16T07:50:10.002Z,2,1.0,20.94,51
2026-06-16T07:50:10.167Z,2026-06-16T07:51:10.167Z,6,1.0,20.94,51
2026-06-16T07:51:10.230Z,2026-06-16T07:52:10.230Z,12,1.022,20.94,51
2026-06-16T07:52:10.395Z,2026-06-16T07:53:10.395Z,8,0.98,20.94,51
2026-06-16T07:53:10.559Z,2026-06-16T07:54:10.559Z,3,0.71,20.94,51
2026-06-16T07:54:10.632Z,2026-06-16T07:55:10.632Z,0,0.794,20.94,51
2026-06-16T07:55:10.798Z,2026-06-16T07:56:10.798Z,1,0.615,20.94,51
2026-06-16T08:00:11.420Z,2026-06-16T08:01:11.420Z,2,0.329,20.94,51
2026-06-16T08:02:11.749Z,2026-06-16T08:03:11.749Z,1,0.097,20.94,51
2026-06-16T08:03:11.812Z,2026-06-16T08:04:11.812Z,0,0.837,20.94,51
2026-06-16T08:05:12.141Z,2026-06-16T08:06:12.141Z,2,0.083,20.94,51
2026-06-16T08:06:12.214Z,2026-06-16T08:07:12.214Z,0,0.003,20.94,51
2026-06-16T08:19:13.953Z,2026-06-16T08:20:13.953Z,1,0.303,20.94,51
2026-06-16T08:20:14.009Z,2026-06-16T08:21:14.009Z,1,0.555,20.94,51
2026-06-16T08:22:14.345Z,2026-06-16T08:23:14.345Z,1,0.047,20.94,51
2026-06-16T08:23:14.411Z,2026-06-16T08:24:14.411Z,1,0.664,20.94,51
2026-06-16T08:24:14.566Z,2026-06-16T08:25:14.566Z,0,0.455,20.94,51
2026-06-16T08:25:14.740Z,2026-06-16T08:26:14.740Z,1,0.377,20.94,51
2026-06-16T08:26:14.796Z,2026-06-16T08:27:14.796Z,0,0.419,20.94,51
2026-06-16T08:29:15.197Z,2026-06-16T08:30:15.197Z,1,0.01,20.94,51
2026-06-16T08:30:15.361Z,2026-06-16T08:31:15.361Z,1,0.0,20.94,51
2026-06-16T08:31:15.427Z,2026-06-16T08:32:15.427Z,1,0.0,20.94,51
2026-06-16T08:33:15.755Z,2026-06-16T08:34:15.755Z,1,0.003,20.94,51
2026-06-16T08:34:15.812Z,2026-06-16T08:35:15.812Z,0,0.007,20.94,51
2026-06-16T08:35:15.983Z,2026-06-16T08:36:15.983Z,0,0.007,20.94,51
2026-06-16T19:11:37.809Z,2026-06-16T19:12:37.809Z,0,0.003,20.94,51
2026-06-16T19:13:38.038Z,2026-06-16T19:14:38.038Z,0,0.013,20.94,51
2026-06-16T19:14:38.201Z,2026-06-16T19:15:38.201Z,3,0.08,20.94,51
2026-06-16T19:16:38.431Z,2026-06-16T19:17:38.431Z,1,0.023,20.94,51
2026-06-16T19:18:38.759Z,2026-06-16T19:19:38.759Z,1,0.13,20.94,51
2026-06-16T19:19:38.825Z,2026-06-16T19:20:38.825Z,1,0.013,20.94,51
2026-06-16T19:25:39.611Z,2026-06-16T19:26:39.611Z,0,0.003,20.94,51
2026-06-16T19:31:40.398Z,2026-06-16T19:32:40.398Z,1,0.003,20.94,51
2026-06-16T19:53:43.216Z,2026-06-16T19:54:43.216Z,1,0.01,20.94,51
2026-06-16T19:54:43.381Z,2026-06-16T19:55:43.381Z,1,0.003,20.94,51
2026-06-16T23:20:09.967Z,2026-06-16T23:21:09.967Z,0,0.113,20.94,51
2026-06-16T23:21:10.030Z,2026-06-16T23:22:10.030Z,0,0.15,20.94,51
2026-06-16T23:36:11.997Z,2026-06-16T23:37:11.997Z,0,0.003,20.94,51
2026-06-16T23:42:12.783Z,2026-06-16T23:43:12.783Z,0,0.412,20.94,51
2026-06-16T23:43:12.948Z,2026-06-16T23:44:12.948Z,0,0.94,20.94,51
2026-06-16T23:44:13.013Z,2026-06-16T23:45:13.013Z,0,0.103,20.94,51
2026-06-16T23:46:13.342Z,2026-06-16T23:47:13.342Z,0,0.003,20.94,51
2026-06-16T23:51:13.964Z,2026-06-16T23:52:13.964Z,0,0.033,20.94,51
2026-06-16T23:55:14.421Z,2026-06-16T23:56:14.421Z,0,0.027,20.94,51
2026-06-16T23:58:14.815Z,2026-06-16T23:59:14.815Z,0,0.359,20.94,51
2026-06-16T23:59:14.980Z,2026-06-17T00:00:14.980Z,0,0.276,20.94,51
2026-06-17T00:00:15.144Z,2026-06-17T00:01:15.144Z,0,0.7,20.94,51
2026-06-17T00:01:15.209Z,2026-06-17T00:02:15.209Z,0,0.894,20.94,51
2026-06-17T00:18:17.404Z,2026-06-17T00:19:17.404Z,1,0.289,20.94,51
2026-06-17T00:25:18.355Z,2026-06-17T00:26:18.355Z,1,0.007,20.94,51
2026-06-17T00:32:19.207Z,2026-06-17T00:33:19.207Z,1,0.219,20.94,51
2026-06-17T00:33:19.371Z,2026-06-17T00:34:19.371Z,0,0.037,20.94,51
2026-06-17T00:34:19.437Z,2026-06-17T00:35:19.437Z,0,0.02,20.94,51
2026-06-17T00:36:19.766Z,2026-06-17T00:37:19.766Z,0,0.583,20.94,51
2026-06-17T00:37:19.829Z,2026-06-17T00:38:19.829Z,0,0.163,20.94,51
2026-06-17T00:40:20.223Z,2026-06-17T00:41:20.223Z,0,0.14,20.94,51
2026-06-17T00:41:20.388Z,2026-06-17T00:42:20.388Z,0,0.502,20.94,51
2026-06-17T00:42:20.552Z,2026-06-17T00:43:20.552Z,0,1.0,20.94,51
2026-06-17T00:43:20.617Z,2026-06-17T00:44:20.617Z,0,1.0,20.94,51
2026-06-17T00:44:20.780Z,2026-06-17T00:45:20.780Z,0,1.0,20.94,51
2026-06-17T00:45:20.944Z,2026-06-17T00:46:20.944Z,0,1.0,20.94,51
2026-06-17T00:46:21.009Z,2026-06-17T00:47:21.009Z,0,1.0,20.94,51
2026-06-17T00:47:21.174Z,2026-06-17T00:48:21.174Z,0,1.0,20.94,51
2026-06-17T00:48:21.338Z,2026-06-17T00:49:21.338Z,0,1.0,20.94,51
2026-06-17T00:49:21.404Z,2026-06-17T00:50:21.404Z,0,1.0,20.94,51
2026-06-17T00:50:21.568Z,2026-06-17T00:51:21.568Z,0,1.0,20.94,51
2026-06-17T00:51:21.631Z,2026-06-17T00:52:21.631Z,0,1.0,20.94,51
2026-06-17T00:52:21.796Z,2026-06-17T00:53:21.796Z,0,1.0,20.94,51
2026-06-17T00:53:21.960Z,2026-06-17T00:54:21.960Z,0,0.977,20.94,51
2026-06-17T00:54:22.026Z,2026-06-17T00:55:22.026Z,1,1.006,20.94,51
2026-06-17T00:55:22.190Z,2026-06-17T00:56:22.190Z,0,1.0,20.94,51
2026-06-17T00:56:22.355Z,2026-06-17T00:57:22.355Z,0,1.0,20.94,51
2026-06-17T00:57:22.418Z,2026-06-17T00:58:22.418Z,0,1.0,20.94,51
2026-06-17T00:58:22.584Z,2026-06-17T00:59:22.584Z,0,1.0,20.94,51
2026-06-17T00:59:22.747Z,2026-06-17T01:00:22.747Z,0,1.0,20.94,51
2026-06-17T01:00:22.812Z,2026-06-17T01:01:22.812Z,0,1.0,20.94,51
2026-06-17T01:01:22.976Z,2026-06-17T01:02:22.976Z,0,1.0,20.94,51
2026-06-17T01:02:23.141Z,2026-06-17T01:03:23.141Z,0,1.0,20.94,51
2026-06-17T01:03:23.206Z,2026-06-17T01:04:23.206Z,1,1.022,20.94,51
2026-06-17T01:04:23.369Z,2026-06-17T01:05:23.369Z,0,0.873,20.94,51
2026-06-17T01:05:23.434Z,2026-06-17T01:06:23.434Z,0,0.721,20.94,51
2026-06-17T01:06:23.598Z,2026-06-17T01:07:23.598Z,0,0.668,20.94,51
2026-06-17T01:07:23.772Z,2026-06-17T01:08:23.772Z,1,0.047,20.94,51
2026-06-17T01:10:24.164Z,2026-06-17T01:11:24.164Z,0,0.027,20.94,51
2026-06-17T01:22:25.739Z,2026-06-17T01:23:25.739Z,1,0.013,20.94,51
2026-06-17T01:23:25.802Z,2026-06-17T01:24:25.802Z,1,0.023,20.94,51
2026-06-17T01:25:26.032Z,2026-06-17T01:26:26.032Z,0,0.007,20.94,51
2026-06-17T01:34:27.203Z,2026-06-17T01:35:27.203Z,0,0.12,20.94,51
2026-06-17T01:37:27.605Z,2026-06-17T01:38:27.605Z,1,0.043,20.94,51
2026-06-17T01:38:27.760Z,2026-06-17T01:39:27.760Z,0,0.067,20.94,51
2026-06-17T02:18:32.947Z,2026-06-17T02:19:32.947Z,1,0.043,20.94,51
2026-06-17T02:19:33.013Z,2026-06-17T02:20:33.013Z,4,0.648,20.94,51
2026-06-17T02:20:33.177Z,2026-06-17T02:21:33.177Z,3,1.09,20.94,51
2026-06-17T02:21:33.233Z,2026-06-17T02:22:33.233Z,2,0.917,20.94,51
2026-06-17T02:22:33.398Z,2026-06-17T02:23:33.398Z,7,1.163,20.94,51
2026-06-17T02:23:33.562Z,2026-06-17T02:24:33.562Z,4,1.213,20.94,51
2026-06-17T02:24:33.627Z,2026-06-17T02:25:33.627Z,1,0.508,20.94,51
2026-06-17T02:25:33.823Z,2026-06-17T02:26:33.823Z,0,0.007,20.94,51
2026-06-17T02:27:34.153Z,2026-06-17T02:28:34.153Z,0,0.003,20.94,51
2026-06-17T02:30:34.546Z,2026-06-17T02:31:34.546Z,0,0.007,20.94,51
2026-06-17T02:33:34.940Z,2026-06-17T02:34:34.940Z,1,0.013,20.94,51
2026-06-17T02:35:35.168Z,2026-06-17T02:36:35.168Z,1,0.01,20.94,51
2026-06-17T02:37:35.398Z,2026-06-17T02:38:35.398Z,1,0.007,20.94,51
2026-06-17T02:40:35.790Z,2026-06-17T02:41:35.790Z,2,0.03,20.94,51
2026-06-17T02:42:36.019Z,2026-06-17T02:43:36.019Z,0,0.017,20.94,51
2026-06-17T02:43:36.184Z,2026-06-17T02:44:36.184Z,1,0.003,20.94,51
2026-06-17T02:45:36.414Z,2026-06-17T02:46:36.414Z,1,0.043,20.94,51
2026-06-17T02:46:36.578Z,2026-06-17T02:47:36.578Z,1,0.053,20.94,51
2026-06-17T02:47:36.743Z,2026-06-17T02:48:36.743Z,1,0.013,20.94,51
2026-06-17T02:50:37.036Z,2026-06-17T02:51:37.036Z,2,0.083,20.94,51
2026-06-17T02:53:37.428Z,2026-06-17T02:54:37.428Z,0,0.003,20.94,51
2026-06-17T02:54:37.594Z,2026-06-17T02:55:37.594Z,1,0.027,20.94,51
2026-06-17T02:55:37.757Z,2026-06-17T02:56:37.757Z,2,0.01,20.94,51
2026-06-17T02:56:37.822Z,2026-06-17T02:57:37.822Z,1,0.0,20.94,51
2026-06-17T02:57:37.986Z,2026-06-17T02:58:37.986Z,1,0.027,20.94,51
2026-06-17T03:04:39.038Z,2026-06-17T03:05:39.038Z,1,0.01,20.94,51
2026-06-17T03:05:39.203Z,2026-06-17T03:06:39.203Z,0,0.003,20.94,51
2026-06-17T03:06:39.367Z,2026-06-17T03:07:39.367Z,2,0.037,20.94,51
2026-06-17T03:07:39.431Z,2026-06-17T03:08:39.431Z,1,0.007,20.94,51
2026-06-17T03:10:39.825Z,2026-06-17T03:11:39.825Z,0,0.007,20.94,51
2026-06-17T03:11:39.989Z,2026-06-17T03:12:39.989Z,3,0.027,20.94,51
2026-06-17T03:12:40.154Z,2026-06-17T03:13:40.154Z,3,0.42,20.94,51
2026-06-17T03:13:40.217Z,2026-06-17T03:14:40.217Z,1,0.14,20.94,51
2026-06-17T03:16:40.611Z,2026-06-17T03:17:40.611Z,2,0.186,20.94,51
2026-06-17T03:17:40.776Z,2026-06-17T03:18:40.776Z,2,0.053,20.94,51
2026-06-17T03:18:40.940Z,2026-06-17T03:19:40.940Z,0,0.017,20.94,51
2026-06-17T03:22:41.398Z,2026-06-17T03:23:41.398Z,1,0.0,20.94,51
2026-06-17T03:23:41.562Z,2026-06-17T03:24:41.562Z,1,0.0,20.94,51
2026-06-17T03:25:41.792Z,2026-06-17T03:26:41.792Z,0,0.04,20.94,51
2026-06-17T03:26:41.957Z,2026-06-17T03:27:41.957Z,0,0.147,20.94,51
2026-06-17T03:27:42.020Z,2026-06-17T03:28:42.020Z,0,0.395,20.94,51
2026-06-17T03:30:42.414Z,2026-06-17T03:31:42.414Z,0,0.01,20.94,51
2026-06-17T03:36:43.200Z,2026-06-17T03:37:43.200Z,1,0.608,20.94,51
2026-06-17T03:37:43.365Z,2026-06-17T03:38:43.365Z,0,0.043,20.94,51
2026-06-17T03:45:44.381Z,2026-06-17T03:46:44.381Z,0,0.306,20.94,51
2026-06-17T03:48:44.775Z,2026-06-17T03:49:44.775Z,2,0.199,20.94,51
2026-06-17T03:49:44.940Z,2026-06-17T03:50:44.940Z,0,0.203,20.94,51
2026-06-17T03:55:45.625Z,2026-06-17T03:56:45.625Z,0,0.007,20.94,51
2026-06-17T04:01:46.413Z,2026-06-17T04:02:46.413Z,0,0.003,20.94,51
2026-06-17T04:03:46.742Z,2026-06-17T04:04:46.742Z,1,0.03,20.94,51
2026-06-17T04:04:46.806Z,2026-06-17T04:05:46.806Z,2,0.023,20.94,51
2026-06-17T04:05:46.970Z,2026-06-17T04:06:46.970Z,0,0.013,20.94,51
2026-06-17T04:06:47.036Z,2026-06-17T04:07:47.036Z,1,0.01,20.94,51
2026-06-17T04:07:47.200Z,2026-06-17T04:08:47.200Z,1,0.02,20.94,51
2026-06-17T04:12:47.822Z,2026-06-17T04:13:47.822Z,2,0.033,20.94,51
2026-06-17T04:22:49.167Z,2026-06-17T04:23:49.167Z,1,0.02,20.94,51
2026-06-17T04:23:49.232Z,2026-06-17T04:24:49.232Z,1,0.691,20.94,51
2026-06-17T04:24:49.395Z,2026-06-17T04:25:49.395Z,0,0.007,20.94,51
2026-06-17T04:25:49.561Z,2026-06-17T04:26:49.561Z,1,0.007,20.94,51
2026-06-17T04:26:49.625Z,2026-06-17T04:27:49.625Z,0,0.003,20.94,51
2026-06-17T04:29:50.017Z,2026-06-17T04:30:50.017Z,0,0.003,20.94,51
2026-06-17T04:36:50.970Z,2026-06-17T04:37:50.970Z,1,0.0,20.94,51
2026-06-17T04:38:51.198Z,2026-06-17T04:39:51.198Z,0,0.003,20.94,51
2026-06-17T04:47:52.378Z,2026-06-17T04:48:52.378Z,0,0.003,20.94,51
2026-06-17T04:56:53.559Z,2026-06-17T04:57:53.559Z,0,0.003,20.94,51
2026-06-17T05:06:54.803Z,2026-06-17T05:07:54.803Z,0,0.007,20.94,51
2026-06-17T05:09:55.197Z,2026-06-17T05:10:55.197Z,1,0.01,20.94,51
2026-06-17T05:10:55.361Z,2026-06-17T05:11:55.361Z,1,0.003,20.94,51
2026-06-17T05:11:55.426Z,2026-06-17T05:12:55.426Z,2,0.027,20.94,51
2026-06-17T05:28:57.621Z,2026-06-17T05:29:57.621Z,0,0.007,20.94,51
2026-06-17T05:30:57.950Z,2026-06-17T05:31:57.950Z,0,0.003,20.94,51
2026-06-17T05:37:58.802Z,2026-06-17T05:38:58.802Z,0,0.003,20.94,51
2026-06-17T05:49:00.210Z,2026-06-17T05:50:00.210Z,1,0.037,20.94,51
2026-06-17T05:50:00.375Z,2026-06-17T05:51:00.375Z,0,0.076,20.94,51
2026-06-17T05:52:00.604Z,2026-06-17T05:53:00.604Z,2,0.09,20.94,51
2026-06-17T05:53:00.769Z,2026-06-17T05:54:00.769Z,2,0.227,20.94,51
2026-06-17T05:54:00.832Z,2026-06-17T05:55:00.832Z,0,0.103,20.94,51
2026-06-17T05:55:00.997Z,2026-06-17T05:56:00.997Z,0,0.01,20.94,51
2026-06-17T05:57:01.226Z,2026-06-17T05:58:01.226Z,0,0.415,20.94,51
2026-06-17T05:58:01.391Z,2026-06-17T05:59:01.391Z,0,0.04,20.94,51
2026-06-17T05:59:01.555Z,2026-06-17T06:00:01.555Z,2,0.027,20.94,51
2026-06-17T06:13:03.358Z,2026-06-17T06:14:03.358Z,1,0.01,20.94,51
2026-06-17T06:15:03.586Z,2026-06-17T06:16:03.586Z,0,0.003,20.94,51
2026-06-17T06:25:04.832Z,2026-06-17T06:26:04.832Z,1,0.013,20.94,51
2026-06-17T06:27:05.161Z,2026-06-17T06:28:05.161Z,1,0.0,20.94,51
2026-06-17T06:28:05.224Z,2026-06-17T06:29:05.224Z,0,0.007,20.94,51
2026-06-17T06:39:06.634Z,2026-06-17T06:40:06.634Z,1,0.355,20.94,51
2026-06-17T06:40:06.799Z,2026-06-17T06:41:06.799Z,0,0.359,20.94,51
2026-06-17T06:42:07.028Z,2026-06-17T06:43:07.028Z,0,0.13,20.94,51
2026-06-17T06:50:08.142Z,2026-06-17T06:51:08.142Z,0,0.007,20.94,51
2026-06-17T06:52:08.371Z,2026-06-17T06:53:08.371Z,0,0.007,20.94,51
2026-06-17T06:53:08.437Z,2026-06-17T06:54:08.437Z,0,0.007,20.94,51
2026-06-17T06:54:08.601Z,2026-06-17T06:55:08.601Z,1,0.01,20.94,51
2026-06-17T07:43:14.960Z,2026-06-17T07:44:14.960Z,1,0.197,20.94,51
2026-06-17T07:44:15.025Z,2026-06-17T07:45:15.025Z,0,0.209,20.94,51
2026-06-17T07:51:15.976Z,2026-06-17T07:52:15.976Z,0,0.013,20.94,51
2026-06-17T19:10:43.572Z,2026-06-17T19:11:43.572Z,2,0.0,20.94,51
2026-06-17T19:19:44.752Z,2026-06-17T19:20:44.752Z,1,0.0,20.94,51
2026-06-17T19:34:46.618Z,2026-06-17T19:35:46.618Z,1,0.0,20.94,51
2026-06-17T19:36:46.947Z,2026-06-17T19:37:46.947Z,1,0.037,20.94,51
2026-06-17T23:03:13.400Z,2026-06-17T23:04:13.400Z,0,0.003,20.94,51
2026-06-17T23:04:13.565Z,2026-06-17T23:05:13.565Z,0,0.18,20.94,51
2026-06-17T23:07:13.957Z,2026-06-17T23:08:13.957Z,0,0.087,20.94,51
2026-06-17T23:08:14.022Z,2026-06-17T23:09:14.022Z,0,0.944,20.94,51
2026-06-17T23:09:14.187Z,2026-06-17T23:10:14.187Z,0,0.415,20.94,51
2026-06-17T23:10:14.351Z,2026-06-17T23:11:14.351Z,0,0.067,20.94,51
2026-06-17T23:11:14.415Z,2026-06-17T23:12:14.415Z,0,1.0,20.94,51
2026-06-17T23:12:14.579Z,2026-06-17T23:13:14.579Z,0,0.744,20.94,51
2026-06-18T00:56:27.983Z,2026-06-18T00:57:27.983Z,1,0.342,20.94,51
2026-06-18T00:57:28.148Z,2026-06-18T00:58:28.148Z,2,0.107,20.94,51
2026-06-18T00:58:28.211Z,2026-06-18T00:59:28.211Z,0,0.01,20.94,51
2026-06-18T00:59:28.375Z,2026-06-18T01:00:28.375Z,2,0.023,20.94,51
2026-06-18T01:57:36.023Z,2026-06-18T01:58:36.023Z,1,0.013,20.94,51
2026-06-18T01:58:36.187Z,2026-06-18T01:59:36.187Z,1,0.003,20.94,51
2026-06-18T01:59:36.351Z,2026-06-18T02:00:36.351Z,1,0.02,20.94,51
2026-06-18T02:02:36.770Z,2026-06-18T02:03:36.770Z,0,0.003,20.94,51
2026-06-18T02:03:36.835Z,2026-06-18T02:04:36.835Z,1,0.189,20.94,51
2026-06-18T02:08:37.556Z,2026-06-18T02:09:37.556Z,0,0.007,20.94,51
2026-06-18T02:30:40.375Z,2026-06-18T02:31:40.375Z,0,0.003,20.94,51
2026-06-18T02:52:43.194Z,2026-06-18T02:53:43.194Z,1,0.013,20.94,51
2026-06-18T02:55:43.586Z,2026-06-18T02:56:43.586Z,1,0.196,20.94,51
2026-06-18T03:29:47.979Z,2026-06-18T03:30:47.979Z,1,0.007,20.94,51
2026-06-18T03:42:49.617Z,2026-06-18T03:43:49.617Z,0,0.003,20.94,51
2026-06-18T03:54:51.190Z,2026-06-18T03:55:51.190Z,1,0.023,20.94,51
2026-06-18T03:56:51.418Z,2026-06-18T03:57:51.418Z,3,0.023,20.94,51
2026-06-18T04:16:54.009Z,2026-06-18T04:17:54.009Z,0,0.003,20.94,51
2026-06-18T04:17:54.173Z,2026-06-18T04:18:54.173Z,1,0.037,20.94,51
2026-06-18T04:44:57.614Z,2026-06-18T04:45:57.614Z,0,0.003,20.94,51
2026-06-18T04:46:57.943Z,2026-06-18T04:47:57.943Z,0,0.003,20.94,51
2026-06-18T04:48:58.171Z,2026-06-18T04:49:58.171Z,1,0.01,20.94,51
2026-06-18T04:56:59.187Z,2026-06-18T04:57:59.187Z,0,0.003,20.94,51
2026-06-18T04:57:59.352Z,2026-06-18T04:58:59.352Z,1,0.01,20.94,51
2026-06-18T04:58:59.417Z,2026-06-18T04:59:59.417Z,1,0.02,20.94,51
2026-06-18T05:00:59.746Z,2026-06-18T05:01:59.746Z,0,0.003,20.94,51
2026-06-18T05:17:01.776Z,2026-06-18T05:18:01.776Z,1,0.648,20.94,51
2026-06-18T05:18:01.941Z,2026-06-18T05:19:01.941Z,2,1.016,20.94,51
2026-06-18T05:19:01.997Z,2026-06-18T05:20:01.997Z,1,0.548,20.94,51
2026-06-18T05:20:02.170Z,2026-06-18T05:21:02.170Z,2,0.487,20.94,51
2026-06-18T05:21:02.234Z,2026-06-18T05:22:02.234Z,1,0.831,20.94,51
2026-06-18T05:22:02.398Z,2026-06-18T05:23:02.398Z,0,0.927,20.94,51
2026-06-18T05:23:02.555Z,2026-06-18T05:24:02.555Z,0,0.967,20.94,51
2026-06-18T05:24:02.628Z,2026-06-18T05:25:02.628Z,0,1.0,20.94,51
2026-06-18T05:25:02.792Z,2026-06-18T05:26:02.792Z,0,0.97,20.94,51
2026-06-18T05:26:02.957Z,2026-06-18T05:27:02.957Z,0,0.96,20.94,51
2026-06-18T05:27:03.022Z,2026-06-18T05:28:03.022Z,0,1.0,20.94,51
2026-06-18T05:28:03.186Z,2026-06-18T05:29:03.186Z,0,1.0,20.94,51
2026-06-18T05:29:03.351Z,2026-06-18T05:30:03.351Z,0,1.0,20.94,51
2026-06-18T05:30:03.407Z,2026-06-18T05:31:03.407Z,0,0.884,20.94,51
2026-06-18T05:31:03.571Z,2026-06-18T05:32:03.571Z,0,0.993,20.94,51
2026-06-18T05:32:03.635Z,2026-06-18T05:33:03.635Z,2,0.485,20.94,51
2026-06-18T05:33:03.799Z,2026-06-18T05:34:03.799Z,3,0.326,20.94,51
2026-06-18T05:34:03.973Z,2026-06-18T05:35:03.973Z,4,0.3,20.94,51
2026-06-18T05:35:04.029Z,2026-06-18T05:36:04.029Z,0,0.95,20.94,51
2026-06-18T05:36:04.193Z,2026-06-18T05:37:04.193Z,3,0.233,20.94,51
2026-06-18T05:47:05.611Z,2026-06-18T05:48:05.611Z,2,0.06,20.94,51
2026-06-18T05:48:05.775Z,2026-06-18T05:49:05.775Z,2,1.123,20.94,51
2026-06-18T05:49:05.832Z,2026-06-18T05:50:05.832Z,8,1.907,20.94,51
2026-06-18T05:50:05.996Z,2026-06-18T05:51:05.996Z,4,0.08,20.94,51
2026-06-18T05:51:06.168Z,2026-06-18T05:52:06.168Z,4,0.0,20.94,51
2026-06-18T05:52:06.224Z,2026-06-18T05:53:06.224Z,4,1.269,20.94,51
2026-06-18T05:53:06.381Z,2026-06-18T05:54:06.381Z,9,1.635,20.94,51
2026-06-18T05:54:06.553Z,2026-06-18T05:55:06.553Z,6,1.23,20.94,51
2026-06-18T05:55:06.618Z,2026-06-18T05:56:06.618Z,2,1.551,20.94,51
2026-06-18T05:56:06.782Z,2026-06-18T05:57:06.782Z,0,2.0,20.94,51
2026-06-18T05:57:06.947Z,2026-06-18T05:58:06.947Z,6,1.577,20.94,51
2026-06-18T05:58:07.010Z,2026-06-18T05:59:07.010Z,1,1.279,20.94,51
2026-06-18T05:59:07.176Z,2026-06-18T06:00:07.176Z,0,0.947,20.94,51
2026-06-18T06:00:07.339Z,2026-06-18T06:01:07.339Z,3,0.54,20.94,51
2026-06-18T06:01:07.413Z,2026-06-18T06:02:07.413Z,1,0.841,20.94,51
2026-06-18T06:02:07.569Z,2026-06-18T06:03:07.569Z,2,0.432,20.94,51
2026-06-18T06:06:08.035Z,2026-06-18T06:07:08.035Z,1,0.01,20.94,51
2026-06-18T06:08:08.364Z,2026-06-18T06:09:08.364Z,1,0.007,20.94,51
2026-06-18T06:10:08.592Z,2026-06-18T06:11:08.592Z,1,0.15,20.94,51
2026-06-18T06:35:11.805Z,2026-06-18T06:36:11.805Z,0,0.003,20.94,51
2026-06-18T06:44:12.984Z,2026-06-18T06:45:12.984Z,0,0.007,20.94,51
2026-06-18T06:45:13.148Z,2026-06-18T06:46:13.148Z,1,0.01,20.94,51
2026-06-18T07:12:16.589Z,2026-06-18T07:13:16.589Z,2,0.007,20.94,51
2026-06-18T07:19:17.540Z,2026-06-18T07:20:17.540Z,0,0.007,20.94,51
2026-06-18T07:35:19.572Z,2026-06-18T07:36:19.572Z,0,0.003,20.94,51
2026-06-18T19:15:49.821Z,2026-06-18T19:16:49.821Z,2,0.037,20.94,51
2026-06-18T19:16:49.986Z,2026-06-18T19:17:49.986Z,1,0.037,20.94,51
2026-06-19T00:38:31.349Z,2026-06-19T00:39:31.349Z,1,0.007,20.94,51
2026-06-19T00:45:32.200Z,2026-06-19T00:46:32.200Z,0,0.007,20.94,51
2026-06-19T01:10:35.421Z,2026-06-19T01:11:35.421Z,1,0.003,20.94,51
2026-06-19T01:19:36.601Z,2026-06-19T01:20:36.601Z,0,0.007,20.94,51
2026-06-19T01:20:36.766Z,2026-06-19T01:21:36.766Z,0,0.003,20.94,51
2026-06-19T01:25:37.388Z,2026-06-19T01:26:37.388Z,0,0.003,20.94,51
2026-06-19T01:27:37.617Z,2026-06-19T01:28:37.617Z,0,0.007,20.94,51
2026-06-19T01:30:38.010Z,2026-06-19T01:31:38.010Z,1,0.183,20.94,51
2026-06-19T01:31:38.174Z,2026-06-19T01:32:38.174Z,0,0.003,20.94,51
2026-06-19T01:59:41.779Z,2026-06-19T02:00:41.779Z,0,0.003,20.94,51
2026-06-19T02:00:41.944Z,2026-06-19T02:01:41.944Z,0,0.003,20.94,51
2026-06-19T02:01:42.009Z,2026-06-19T02:02:42.009Z,0,0.007,20.94,51
2026-06-19T02:04:42.401Z,2026-06-19T02:05:42.401Z,0,0.003,20.94,51
2026-06-19T02:06:42.631Z,2026-06-19T02:07:42.631Z,0,0.003,20.94,51
2026-06-19T02:19:44.368Z,2026-06-19T02:20:44.368Z,0,0.01,20.94,51
2026-06-19T02:20:44.434Z,2026-06-19T02:21:44.434Z,0,0.007,20.94,51
2026-06-19T02:26:45.220Z,2026-06-19T02:27:45.220Z,0,0.003,20.94,51
2026-06-19T02:42:47.351Z,2026-06-19T02:43:47.351Z,3,0.007,20.94,51
2026-06-19T03:00:49.812Z,2026-06-19T03:01:49.812Z,0,0.007,20.94,51
2026-06-19T03:01:49.976Z,2026-06-19T03:02:49.976Z,0,0.01,20.94,51
2026-06-19T03:05:50.434Z,2026-06-19T03:06:50.434Z,1,0.017,20.94,51
2026-06-19T03:40:54.990Z,2026-06-19T03:41:54.990Z,0,0.003,20.94,51
2026-06-19T03:41:55.154Z,2026-06-19T03:42:55.154Z,0,0.003,20.94,51
2026-06-19T04:01:57.743Z,2026-06-19T04:02:57.743Z,1,0.01,20.94,51
2026-06-19T04:02:57.808Z,2026-06-19T04:03:57.808Z,1,0.013,20.94,51
2026-06-19T04:03:57.973Z,2026-06-19T04:04:57.973Z,0,0.007,20.94,51
2026-06-19T04:29:01.184Z,2026-06-19T04:30:01.184Z,0,0.003,20.94,51
2026-06-19T04:43:02.986Z,2026-06-19T04:44:02.986Z,0,0.003,20.94,51
2026-06-19T04:45:03.214Z,2026-06-19T04:46:03.214Z,0,0.003,20.94,51
2026-06-19T04:56:04.624Z,2026-06-19T04:57:04.624Z,1,0.017,20.94,51
2026-06-19T05:05:05.803Z,2026-06-19T05:06:05.803Z,3,0.053,20.94,51
2026-06-19T05:10:06.427Z,2026-06-19T05:11:06.427Z,0,0.003,20.94,51
2026-06-19T05:20:07.770Z,2026-06-19T05:21:07.770Z,0,0.003,20.94,51
2026-06-19T06:08:13.964Z,2026-06-19T06:09:13.964Z,0,0.007,20.94,51
2026-06-19T06:33:17.375Z,2026-06-19T06:34:17.375Z,0,0.003,20.94,51
2026-06-19T06:34:17.540Z,2026-06-19T06:35:17.540Z,0,0.017,20.94,51
2026-06-19T06:53:19.957Z,2026-06-19T06:54:19.957Z,1,0.013,20.94,51
2026-06-19T06:55:20.186Z,2026-06-19T06:56:20.186Z,0,0.003,20.94,51
2026-06-19T07:03:21.210Z,2026-06-19T07:04:21.210Z,1,0.013,20.94,51
2026-06-19T07:10:22.153Z,2026-06-19T07:11:22.153Z,1,0.0,20.94,51
2026-06-19T09:14:38.144Z,2026-06-19T09:15:38.144Z,0,0.003,20.94,51
2026-06-19T09:16:38.374Z,2026-06-19T09:17:38.374Z,0,0.003,20.94,51
2026-06-19T09:17:38.437Z,2026-06-19T09:18:38.437Z,0,0.03,20.94,51
2026-06-19T09:21:38.996Z,2026-06-19T09:22:38.996Z,0,0.037,20.94,51
2026-06-19T09:22:39.160Z,2026-06-19T09:23:39.160Z,0,0.043,20.94,51
2026-06-20T23:25:33.196Z,2026-06-20T23:26:33.196Z,0,0.056,20.94,51
2026-06-20T23:29:33.753Z,2026-06-20T23:30:33.753Z,0,0.337,20.94,51
2026-06-21T19:25:07.575Z,2026-06-21T19:26:07.575Z,1,0.0,20.94,51
2026-06-21T19:26:07.631Z,2026-06-21T19:27:07.631Z,1,0.017,20.94,51
2026-06-22T00:01:43.341Z,2026-06-22T00:02:43.341Z,0,0.007,20.94,51
2026-06-22T00:03:43.569Z,2026-06-22T00:04:43.569Z,0,0.007,20.94,51
2026-06-22T00:46:49.141Z,2026-06-22T00:47:49.141Z,0,0.003,20.94,51
2026-06-22T00:47:49.206Z,2026-06-22T00:48:49.206Z,0,0.01,20.94,51
2026-06-22T00:56:50.385Z,2026-06-22T00:57:50.385Z,0,0.003,20.94,51
2026-06-22T01:10:52.188Z,2026-06-22T01:11:52.188Z,1,0.558,20.94,51
2026-06-22T01:11:52.352Z,2026-06-22T01:12:52.352Z,0,0.973,20.94,51
2026-06-22T01:12:52.417Z,2026-06-22T01:13:52.417Z,2,0.824,20.94,51
2026-06-22T01:13:52.582Z,2026-06-22T01:14:52.582Z,0,1.0,20.94,51
2026-06-22T01:14:52.746Z,2026-06-22T01:15:52.746Z,0,1.002,20.94,51
2026-06-22T01:15:52.811Z,2026-06-22T01:16:52.811Z,0,1.0,20.94,51
2026-06-22T01:16:52.974Z,2026-06-22T01:17:52.974Z,0,1.002,20.94,51
2026-06-22T01:17:53.140Z,2026-06-22T01:18:53.140Z,2,1.05,20.94,51
2026-06-22T01:18:53.203Z,2026-06-22T01:19:53.203Z,0,0.847,20.94,51
2026-06-22T01:19:53.368Z,2026-06-22T01:20:53.368Z,0,0.953,20.94,51
2026-06-22T01:20:53.433Z,2026-06-22T01:21:53.433Z,1,0.017,20.94,51
2026-06-22T01:21:53.598Z,2026-06-22T01:22:53.598Z,0,0.003,20.94,51
2026-06-22T01:37:55.628Z,2026-06-22T01:38:55.628Z,0,0.003,20.94,51
2026-06-22T01:49:57.236Z,2026-06-22T01:50:57.236Z,0,0.003,20.94,51
2026-06-22T02:03:59.038Z,2026-06-22T02:04:59.038Z,4,0.542,20.94,51
2026-06-22T02:04:59.203Z,2026-06-22T02:05:59.203Z,3,1.226,20.94,51
2026-06-22T02:05:59.358Z,2026-06-22T02:06:59.358Z,2,1.32,20.94,51
2026-06-22T02:06:59.424Z,2026-06-22T02:07:59.424Z,2,1.369,20.94,51
2026-06-22T02:07:59.588Z,2026-06-22T02:08:59.588Z,0,1.196,20.94,51
2026-06-22T02:08:59.752Z,2026-06-22T02:09:59.752Z,0,0.907,20.94,51
2026-06-22T02:09:59.816Z,2026-06-22T02:10:59.816Z,2,0.458,20.94,51
2026-06-22T02:10:59.980Z,2026-06-22T02:11:59.980Z,4,0.309,20.94,51
2026-06-22T02:41:03.822Z,2026-06-22T02:42:03.822Z,0,0.01,20.94,51
2026-06-22T02:44:04.217Z,2026-06-22T02:45:04.217Z,0,0.007,20.94,51
2026-06-22T02:50:05.003Z,2026-06-22T02:51:05.003Z,0,0.007,20.94,51
2026-06-22T03:41:11.591Z,2026-06-22T03:42:11.591Z,1,0.003,20.94,51
2026-06-22T03:59:13.950Z,2026-06-22T04:00:13.950Z,2,0.413,20.94,51
2026-06-22T04:00:14.006Z,2026-06-22T04:01:14.006Z,0,0.997,20.94,51
2026-06-22T04:01:14.180Z,2026-06-22T04:02:14.180Z,0,1.0,20.94,51
2026-06-22T04:02:14.345Z,2026-06-22T04:03:14.345Z,2,0.68,20.94,51
2026-06-22T04:07:14.967Z,2026-06-22T04:08:14.967Z,1,0.013,20.94,51
2026-06-22T04:16:16.147Z,2026-06-22T04:17:16.147Z,0,0.003,20.94,51
2026-06-22T04:29:17.785Z,2026-06-22T04:30:17.785Z,1,0.013,20.94,51
2026-06-22T04:30:17.950Z,2026-06-22T04:31:17.950Z,1,0.01,20.94,51
2026-06-22T04:33:18.342Z,2026-06-22T04:34:18.342Z,2,0.033,20.94,51
2026-06-22T04:37:18.801Z,2026-06-22T04:38:18.801Z,1,0.017,20.94,51
2026-06-22T04:38:18.964Z,2026-06-22T04:39:18.964Z,1,0.02,20.94,51
2026-06-22T04:39:19.029Z,2026-06-22T04:40:19.029Z,0,0.01,20.94,51
2026-06-22T04:40:19.194Z,2026-06-22T04:41:19.194Z,2,0.027,20.94,51
2026-06-22T04:53:20.832Z,2026-06-22T04:54:20.832Z,1,0.003,20.94,51
2026-06-22T04:55:21.161Z,2026-06-22T04:56:21.161Z,0,0.003,20.94,51
2026-06-22T05:07:22.634Z,2026-06-22T05:08:22.634Z,0,0.003,20.94,51
2026-06-22T05:10:23.028Z,2026-06-22T05:11:23.028Z,0,0.003,20.94,51
2026-06-22T05:13:23.421Z,2026-06-22T05:14:23.421Z,0,0.007,20.94,51
2026-06-22T05:17:23.979Z,2026-06-22T05:18:23.979Z,0,0.007,20.94,51
2026-06-22T05:21:24.437Z,2026-06-22T05:22:24.437Z,1,0.003,20.94,51
2026-06-22T05:22:24.601Z,2026-06-22T05:23:24.601Z,1,0.007,20.94,51
2026-06-22T05:25:24.993Z,2026-06-22T05:26:24.993Z,1,0.017,20.94,51
2026-06-22T05:26:25.158Z,2026-06-22T05:27:25.158Z,0,0.013,20.94,51
2026-06-22T05:27:25.223Z,2026-06-22T05:28:25.223Z,0,0.017,20.94,51
2026-06-22T05:28:25.388Z,2026-06-22T05:29:25.388Z,2,0.355,20.94,51
2026-06-22T05:29:25.543Z,2026-06-22T05:30:25.543Z,0,0.92,20.94,51
2026-06-22T05:30:25.617Z,2026-06-22T05:31:25.617Z,1,0.342,20.94,51
2026-06-22T05:31:25.780Z,2026-06-22T05:32:25.780Z,0,0.82,20.94,51
2026-06-22T05:32:25.836Z,2026-06-22T05:33:25.836Z,1,0.85,20.94,51
2026-06-22T05:33:26.002Z,2026-06-22T05:34:26.002Z,1,0.485,20.94,51
2026-06-22T05:34:26.165Z,2026-06-22T05:35:26.165Z,2,0.246,20.94,51
2026-06-22T05:35:26.338Z,2026-06-22T05:36:26.338Z,3,0.833,20.94,51
2026-06-22T05:36:26.394Z,2026-06-22T05:37:26.394Z,0,0.734,20.94,51
2026-06-22T05:37:26.568Z,2026-06-22T05:38:26.568Z,1,0.19,20.94,51
2026-06-22T05:38:26.631Z,2026-06-22T05:39:26.631Z,1,0.269,20.94,51
2026-06-22T05:39:26.789Z,2026-06-22T05:40:26.789Z,0,0.983,20.94,51
2026-06-22T05:40:26.960Z,2026-06-22T05:41:26.960Z,0,0.43,20.94,51
2026-06-22T05:44:27.418Z,2026-06-22T05:45:27.418Z,0,0.007,20.94,51
2026-06-22T05:49:28.141Z,2026-06-22T05:50:28.141Z,1,0.35,20.94,51
2026-06-22T05:50:28.206Z,2026-06-22T05:51:28.206Z,3,0.053,20.94,51
2026-06-22T05:51:28.369Z,2026-06-22T05:52:28.369Z,0,0.003,20.94,51
2026-06-22T06:09:30.631Z,2026-06-22T06:10:30.631Z,0,0.007,20.94,51
2026-06-22T06:19:31.974Z,2026-06-22T06:20:31.974Z,1,0.003,20.94,51
2026-06-22T06:20:32.140Z,2026-06-22T06:21:32.140Z,1,0.01,20.94,51
2026-06-22T06:25:32.762Z,2026-06-22T06:26:32.762Z,2,0.033,20.94,51
2026-06-22T06:33:33.778Z,2026-06-22T06:34:33.778Z,1,0.017,20.94,51
2026-06-22T06:56:36.759Z,2026-06-22T06:57:36.759Z,1,0.023,20.94,51
2026-06-22T06:59:37.154Z,2026-06-22T07:00:37.154Z,0,0.003,20.94,51
2026-06-22T07:13:38.957Z,2026-06-22T07:14:38.957Z,0,0.003,20.94,51
2026-06-22T07:27:40.759Z,2026-06-22T07:28:40.759Z,0,0.003,20.94,51
2026-06-22T07:29:40.987Z,2026-06-22T07:30:40.987Z,0,0.003,20.94,51
2026-06-22T07:48:43.413Z,2026-06-22T07:49:43.413Z,0,0.007,20.94,51
2026-06-22T07:50:43.742Z,2026-06-22T07:51:43.742Z,1,0.003,20.94,51
2026-06-22T08:07:45.838Z,2026-06-22T08:08:45.838Z,0,0.003,20.94,51
2026-06-22T09:01:52.809Z,2026-06-22T09:02:52.809Z,0,0.003,20.94,51
2026-06-22T09:04:53.203Z,2026-06-22T09:05:53.203Z,0,0.003,20.94,51
2026-06-22T09:11:54.154Z,2026-06-22T09:12:54.154Z,5,0.09,20.94,51
2026-06-22T16:32:50.793Z,2026-06-22T16:33:50.793Z,0,0.073,20.94,51
2026-06-22T19:24:12.944Z,2026-06-22T19:25:12.944Z,2,0.0,20.94,51
2026-06-23T00:03:49.002Z,2026-06-23T00:04:49.002Z,0,0.007,20.94,51
2026-06-23T00:28:52.213Z,2026-06-23T00:29:52.213Z,0,0.01,20.94,51
2026-06-23T00:55:55.753Z,2026-06-23T00:56:55.753Z,0,0.003,20.94,51
2026-06-23T01:02:56.605Z,2026-06-23T01:03:56.605Z,0,0.007,20.94,51
2026-06-23T01:15:58.342Z,2026-06-23T01:16:58.342Z,0,0.003,20.94,51
2026-06-23T01:32:00.374Z,2026-06-23T01:33:00.374Z,1,0.007,20.94,51
2026-06-23T01:36:00.832Z,2026-06-23T01:37:00.832Z,1,0.007,20.94,51
2026-06-23T01:39:01.224Z,2026-06-23T01:40:01.224Z,1,0.013,20.94,51
2026-06-23T01:49:02.578Z,2026-06-23T01:50:02.578Z,2,0.02,20.94,51
2026-06-23T01:59:03.947Z,2026-06-23T02:00:03.947Z,1,0.0,20.94,51
2026-06-23T02:13:05.750Z,2026-06-23T02:14:05.750Z,0,0.003,20.94,51
2026-06-23T02:46:09.976Z,2026-06-23T02:47:09.976Z,1,0.003,20.94,51
2026-06-23T02:57:11.385Z,2026-06-23T02:58:11.385Z,1,0.03,20.94,51
2026-06-23T02:59:11.615Z,2026-06-23T03:00:11.615Z,1,0.007,20.94,51
2026-06-23T03:00:11.779Z,2026-06-23T03:01:11.779Z,1,0.02,20.94,51
2026-06-23T03:01:11.944Z,2026-06-23T03:02:11.944Z,0,0.003,20.94,51
2026-06-23T03:03:12.173Z,2026-06-23T03:04:12.173Z,0,0.003,20.94,51
2026-06-23T03:42:17.187Z,2026-06-23T03:43:17.187Z,1,0.007,20.94,51
2026-06-23T04:05:20.369Z,2026-06-23T04:06:20.369Z,0,0.003,20.94,51
2026-06-23T04:06:20.434Z,2026-06-23T04:07:20.434Z,3,0.116,20.94,51
2026-06-23T04:16:21.779Z,2026-06-23T04:17:21.779Z,0,0.01,20.94,51
2026-06-23T04:37:24.433Z,2026-06-23T04:38:24.433Z,0,0.007,20.94,51
2026-06-23T04:41:24.990Z,2026-06-23T04:42:24.990Z,1,0.0,20.94,51
2026-06-23T04:45:25.549Z,2026-06-23T04:46:25.549Z,0,0.003,20.94,51
2026-06-23T05:01:27.579Z,2026-06-23T05:02:27.579Z,0,0.003,20.94,51
2026-06-23T05:02:27.744Z,2026-06-23T05:03:27.744Z,0,0.003,20.94,51
2026-06-23T05:04:27.973Z,2026-06-23T05:05:27.973Z,1,0.007,20.94,51
2026-06-23T05:12:28.989Z,2026-06-23T05:13:28.989Z,0,0.01,20.94,51
2026-06-23T05:16:29.546Z,2026-06-23T05:17:29.546Z,0,0.007,20.94,51
2026-06-23T05:27:30.956Z,2026-06-23T05:28:30.956Z,3,0.03,20.94,51
2026-06-23T05:29:31.184Z,2026-06-23T05:30:31.184Z,1,0.01,20.94,51
2026-06-23T05:30:31.348Z,2026-06-23T05:31:31.348Z,1,0.007,20.94,51
2026-06-23T05:35:31.971Z,2026-06-23T05:36:31.971Z,0,0.007,20.94,51
2026-06-23T05:36:32.036Z,2026-06-23T05:37:32.036Z,0,0.003,20.94,51
2026-06-23T05:37:32.200Z,2026-06-23T05:38:32.200Z,0,0.003,20.94,51
2026-06-23T05:55:34.561Z,2026-06-23T05:56:34.561Z,0,0.003,20.94,51
2026-06-23T05:59:35.019Z,2026-06-23T06:00:35.019Z,2,0.037,20.94,51
2026-06-23T06:01:35.348Z,2026-06-23T06:02:35.348Z,1,0.01,20.94,51
2026-06-23T06:19:37.608Z,2026-06-23T06:20:37.608Z,0,0.007,20.94,51
2026-06-23T06:23:38.165Z,2026-06-23T06:24:38.165Z,0,0.017,20.94,51
2026-06-23T06:24:38.230Z,2026-06-23T06:25:38.230Z,0,0.02,20.94,51
2026-06-23T06:27:38.624Z,2026-06-23T06:28:38.624Z,0,0.003,20.94,51
2026-06-23T06:35:39.739Z,2026-06-23T06:36:39.739Z,1,0.013,20.94,51
2026-06-23T07:02:43.178Z,2026-06-23T07:03:43.178Z,0,0.007,20.94,51
2026-06-23T07:03:43.344Z,2026-06-23T07:04:43.344Z,1,0.007,20.94,51
2026-06-23T07:05:43.572Z,2026-06-23T07:06:43.572Z,1,0.007,20.94,51
2026-06-23T07:08:43.966Z,2026-06-23T07:09:43.966Z,0,0.003,20.94,51
2026-06-23T07:09:44.030Z,2026-06-23T07:10:44.030Z,0,0.003,20.94,51
2026-06-23T07:22:45.769Z,2026-06-23T07:23:45.769Z,1,0.02,20.94,51
2026-06-23T07:23:45.832Z,2026-06-23T07:24:45.832Z,5,0.874,20.94,51
2026-06-23T07:24:45.989Z,2026-06-23T07:25:45.989Z,0,2.013,20.94,51
2026-06-23T07:25:46.154Z,2026-06-23T07:26:46.154Z,2,1.66,20.94,51
2026-06-23T07:26:46.217Z,2026-06-23T07:27:46.217Z,1,0.721,20.94,51
2026-06-23T07:27:46.391Z,2026-06-23T07:28:46.391Z,1,0.684,20.94,51
2026-06-23T07:28:46.555Z,2026-06-23T07:29:46.555Z,5,0.22,20.94,51
2026-06-23T07:29:46.619Z,2026-06-23T07:30:46.619Z,0,0.003,20.94,51
2026-06-23T07:43:48.421Z,2026-06-23T07:44:48.421Z,0,0.053,20.94,51
2026-06-23T07:44:48.586Z,2026-06-23T07:45:48.586Z,1,0.047,20.94,51
2026-06-23T08:01:50.782Z,2026-06-23T08:02:50.782Z,0,0.003,20.94,51
2026-06-23T08:11:52.026Z,2026-06-23T08:12:52.026Z,0,0.003,20.94,51
2026-06-23T08:12:52.191Z,2026-06-23T08:13:52.191Z,0,0.003,20.94,51
2026-06-23T08:14:52.421Z,2026-06-23T08:15:52.421Z,0,0.017,20.94,51
2026-06-23T08:30:54.542Z,2026-06-23T08:31:54.542Z,0,0.007,20.94,51
2026-06-23T08:41:55.951Z,2026-06-23T08:42:55.951Z,0,0.003,20.94,51
2026-06-23T16:56:59.973Z,2026-06-23T16:57:59.973Z,0,0.01,20.94,51
2026-06-23T19:25:19.138Z,2026-06-23T19:26:19.138Z,1,0.0,20.94,51
2026-06-23T19:26:19.203Z,2026-06-23T19:27:19.203Z,2,0.11,20.94,51
2026-06-23T19:27:19.368Z,2026-06-23T19:28:19.368Z,2,0.03,20.94,51
2026-06-23T23:55:53.816Z,2026-06-23T23:56:53.816Z,0,0.003,20.94,51
2026-06-24T00:05:55.161Z,2026-06-24T00:06:55.161Z,0,0.003,20.94,51
2026-06-24T00:15:56.407Z,2026-06-24T00:16:56.407Z,0,0.003,20.94,51
2026-06-24T00:17:56.635Z,2026-06-24T00:18:56.635Z,0,0.003,20.94,51
2026-06-24T01:29:05.944Z,2026-06-24T01:30:05.944Z,0,0.003,20.94,51
2026-06-24T01:49:08.434Z,2026-06-24T01:50:08.434Z,1,0.03,20.94,51
2026-06-24T01:53:08.992Z,2026-06-24T01:54:08.992Z,0,0.007,20.94,51
2026-06-24T01:56:09.384Z,2026-06-24T01:57:09.384Z,0,0.01,20.94,51
2026-06-24T01:57:09.549Z,2026-06-24T01:58:09.549Z,1,0.007,20.94,51
2026-06-24T01:58:09.614Z,2026-06-24T01:59:09.614Z,0,0.007,20.94,51
2026-06-24T01:59:09.779Z,2026-06-24T02:00:09.779Z,0,0.003,20.94,51
2026-06-24T02:10:11.187Z,2026-06-24T02:11:11.187Z,1,0.336,20.94,51
2026-06-24T02:11:11.351Z,2026-06-24T02:12:11.351Z,3,0.78,20.94,51
2026-06-24T02:12:11.417Z,2026-06-24T02:13:11.417Z,2,0.917,20.94,51
2026-06-24T02:13:11.572Z,2026-06-24T02:14:11.572Z,1,1.535,20.94,51
2026-06-24T02:14:11.746Z,2026-06-24T02:15:11.746Z,0,1.853,20.94,51
2026-06-24T02:15:11.802Z,2026-06-24T02:16:11.802Z,1,1.791,20.94,51
2026-06-24T02:16:11.973Z,2026-06-24T02:17:11.973Z,2,1.246,20.94,51
2026-06-24T02:17:12.138Z,2026-06-24T02:18:12.138Z,7,1.443,20.94,51
2026-06-24T02:18:12.203Z,2026-06-24T02:19:12.203Z,4,1.133,20.94,51
2026-06-24T02:19:12.368Z,2026-06-24T02:20:12.368Z,1,0.997,20.94,51
2026-06-24T02:20:12.431Z,2026-06-24T02:21:12.431Z,2,0.216,20.94,51
2026-06-24T02:21:12.596Z,2026-06-24T02:22:12.596Z,3,0.0,20.94,51
2026-06-24T02:22:12.760Z,2026-06-24T02:23:12.760Z,7,0.0,20.94,51
2026-06-24T02:23:12.825Z,2026-06-24T02:24:12.825Z,5,0.013,20.94,51
2026-06-24T02:24:12.990Z,2026-06-24T02:25:12.990Z,3,0.01,20.94,51
2026-06-24T02:25:13.154Z,2026-06-24T02:26:13.154Z,2,0.01,20.94,51
2026-06-24T02:26:13.219Z,2026-06-24T02:27:13.219Z,2,0.007,20.94,51
2026-06-24T02:27:13.382Z,2026-06-24T02:28:13.382Z,2,0.126,20.94,51
2026-06-24T02:31:13.940Z,2026-06-24T02:32:13.940Z,0,0.003,20.94,51
2026-06-24T02:33:14.170Z,2026-06-24T02:34:14.170Z,0,0.007,20.94,51
2026-06-24T02:34:14.234Z,2026-06-24T02:35:14.234Z,0,0.003,20.94,51
2026-06-24T02:55:16.987Z,2026-06-24T02:56:16.987Z,0,0.003,20.94,51
2026-06-24T03:00:17.609Z,2026-06-24T03:01:17.609Z,1,0.435,20.94,51
2026-06-24T03:01:17.775Z,2026-06-24T03:02:17.775Z,0,0.923,20.94,51
2026-06-24T03:02:17.831Z,2026-06-24T03:03:17.831Z,0,0.106,20.94,51
2026-06-24T03:05:18.233Z,2026-06-24T03:06:18.233Z,1,0.213,20.94,51
2026-06-24T03:06:18.388Z,2026-06-24T03:07:18.388Z,5,1.831,20.94,51
2026-06-24T03:07:18.553Z,2026-06-24T03:08:18.553Z,3,1.08,20.94,51
2026-06-24T03:44:23.346Z,2026-06-24T03:45:23.346Z,1,0.007,20.94,51
2026-06-24T03:56:24.821Z,2026-06-24T03:57:24.821Z,0,0.003,20.94,51
2026-06-24T03:58:25.150Z,2026-06-24T03:59:25.150Z,0,0.007,20.94,51
2026-06-24T04:17:27.575Z,2026-06-24T04:18:27.575Z,1,0.266,20.94,51
2026-06-24T04:21:28.032Z,2026-06-24T04:22:28.032Z,1,0.01,20.94,51
2026-06-24T04:58:32.818Z,2026-06-24T04:59:32.818Z,1,0.003,20.94,51
2026-06-24T05:00:33.147Z,2026-06-24T05:01:33.147Z,1,0.01,20.94,51
2026-06-24T05:10:34.391Z,2026-06-24T05:11:34.391Z,2,0.04,20.94,51
2026-06-24T05:23:36.029Z,2026-06-24T05:24:36.029Z,0,0.003,20.94,51
2026-06-24T05:47:39.176Z,2026-06-24T05:48:39.176Z,0,0.003,20.94,51
2026-06-24T05:51:39.634Z,2026-06-24T05:52:39.634Z,1,0.007,20.94,51
2026-06-24T05:54:40.028Z,2026-06-24T05:55:40.028Z,0,0.003,20.94,51
2026-06-24T05:55:40.191Z,2026-06-24T05:56:40.191Z,2,0.03,20.94,51
2026-06-24T05:56:40.357Z,2026-06-24T05:57:40.357Z,1,0.007,20.94,51
2026-06-24T05:57:40.421Z,2026-06-24T05:58:40.421Z,0,0.003,20.94,51
2026-06-24T05:59:40.750Z,2026-06-24T06:00:40.750Z,0,0.007,20.94,51
2026-06-24T06:11:42.223Z,2026-06-24T06:12:42.223Z,0,0.013,20.94,51
2026-06-24T06:36:45.434Z,2026-06-24T06:37:45.434Z,0,0.01,20.94,51
2026-06-24T06:55:47.960Z,2026-06-24T06:56:47.960Z,0,0.003,20.94,51
2026-06-24T06:58:48.352Z,2026-06-24T06:59:48.352Z,2,0.003,20.94,51
2026-06-24T07:02:48.811Z,2026-06-24T07:03:48.811Z,1,0.073,20.94,51
2026-06-24T07:45:54.374Z,2026-06-24T07:46:54.374Z,0,0.007,20.94,51
2026-06-24T07:46:54.539Z,2026-06-24T07:47:54.539Z,0,0.003,20.94,51
2026-06-24T07:53:55.390Z,2026-06-24T07:54:55.390Z,1,0.003,20.94,51
2026-06-24T08:11:57.750Z,2026-06-24T08:12:57.750Z,1,0.287,20.94,51
2026-06-24T08:12:57.815Z,2026-06-24T08:13:57.815Z,0,0.239,20.94,51
2026-06-24T19:29:25.019Z,2026-06-24T19:30:25.019Z,1,0.003,20.94,51
2026-06-24T19:30:25.184Z,2026-06-24T19:31:25.184Z,2,0.013,20.94,51
2026-06-24T23:58:59.943Z,2026-06-24T23:59:59.943Z,0,0.007,20.94,51
2026-06-25T00:11:01.415Z,2026-06-25T00:12:01.415Z,0,0.007,20.94,51
2026-06-25T00:31:04.006Z,2026-06-25T00:32:04.006Z,0,0.003,20.94,51
2026-06-25T00:56:07.217Z,2026-06-25T00:57:07.217Z,0,0.013,20.94,51
2026-06-25T01:19:10.200Z,2026-06-25T01:20:10.200Z,3,0.179,20.94,51
2026-06-25T01:20:10.365Z,2026-06-25T01:21:10.365Z,1,0.923,20.94,51
2026-06-25T01:21:10.428Z,2026-06-25T01:22:10.428Z,0,0.874,20.94,51
2026-06-25T01:22:10.592Z,2026-06-25T01:23:10.592Z,1,0.551,20.94,51
2026-06-25T01:26:11.151Z,2026-06-25T01:27:11.151Z,1,0.013,20.94,51
2026-06-25T01:42:13.190Z,2026-06-25T01:43:13.190Z,0,0.003,20.94,51
2026-06-25T01:57:15.157Z,2026-06-25T01:58:15.157Z,2,0.17,20.94,51
2026-06-25T01:59:15.387Z,2026-06-25T02:00:15.387Z,1,0.023,20.94,51
2026-06-25T02:30:19.410Z,2026-06-25T02:31:19.410Z,0,0.007,20.94,51
2026-06-25T02:31:19.573Z,2026-06-25T02:32:19.573Z,1,0.169,20.94,51
2026-06-25T02:40:20.753Z,2026-06-25T02:41:20.753Z,0,0.003,20.94,51
2026-06-25T02:42:20.983Z,2026-06-25T02:43:20.983Z,1,0.402,20.94,51
2026-06-25T02:43:21.148Z,2026-06-25T02:44:21.148Z,2,0.347,20.94,51
2026-06-25T02:44:21.211Z,2026-06-25T02:45:21.211Z,0,1.0,20.94,51
2026-06-25T02:45:21.377Z,2026-06-25T02:46:21.377Z,1,0.73,20.94,51
2026-06-25T02:46:21.407Z,2026-06-25T02:47:21.407Z,0,1.0,20.94,51
2026-06-25T02:47:21.572Z,2026-06-25T02:48:21.572Z,0,1.0,20.94,51
2026-06-25T02:48:21.637Z,2026-06-25T02:49:21.637Z,2,0.279,20.94,51
2026-06-25T02:49:21.801Z,2026-06-25T02:50:21.801Z,0,1.027,20.94,51
2026-06-25T02:50:21.966Z,2026-06-25T02:51:21.966Z,0,1.0,20.94,51
2026-06-25T02:51:22.029Z,2026-06-25T02:52:22.029Z,0,1.0,20.94,51
2026-06-25T02:52:22.194Z,2026-06-25T02:53:22.194Z,0,0.568,20.94,51
2026-06-25T02:56:22.752Z,2026-06-25T02:57:22.752Z,2,0.427,20.94,51
2026-06-25T02:57:22.816Z,2026-06-25T02:58:22.816Z,0,1.0,20.94,51
2026-06-25T02:58:22.980Z,2026-06-25T02:59:22.980Z,0,1.0,20.94,51
2026-06-25T02:59:23.145Z,2026-06-25T03:00:23.145Z,0,1.0,20.94,51
2026-06-25T03:00:23.210Z,2026-06-25T03:01:23.210Z,0,0.997,20.94,51
2026-06-25T03:01:23.374Z,2026-06-25T03:02:23.374Z,0,1.0,20.94,51
2026-06-25T03:02:23.539Z,2026-06-25T03:03:23.539Z,0,1.0,20.94,51
2026-06-25T03:03:23.602Z,2026-06-25T03:04:23.602Z,1,0.346,20.94,51
2026-06-25T03:07:24.170Z,2026-06-25T03:08:24.170Z,0,0.003,20.94,51
2026-06-25T03:11:24.627Z,2026-06-25T03:12:24.627Z,0,0.003,20.94,51
2026-06-25T03:19:25.743Z,2026-06-25T03:20:25.743Z,1,0.667,20.94,51
2026-06-25T03:22:26.036Z,2026-06-25T03:23:26.036Z,1,0.027,20.94,51
2026-06-25T03:24:26.365Z,2026-06-25T03:25:26.365Z,1,0.01,20.94,51
2026-06-25T03:26:26.594Z,2026-06-25T03:27:26.594Z,2,0.399,20.94,51
2026-06-25T03:27:26.750Z,2026-06-25T03:28:26.750Z,0,0.623,20.94,51
2026-06-25T03:29:26.986Z,2026-06-25T03:30:26.986Z,0,0.003,20.94,51
2026-06-25T03:30:27.151Z,2026-06-25T03:31:27.151Z,0,0.003,20.94,51
2026-06-25T03:33:27.545Z,2026-06-25T03:34:27.545Z,1,0.013,20.94,51
2026-06-25T03:39:28.232Z,2026-06-25T03:40:28.232Z,3,0.256,20.94,51
2026-06-25T03:40:28.395Z,2026-06-25T03:41:28.395Z,1,0.017,20.94,51
2026-06-25T03:41:28.561Z,2026-06-25T03:42:28.561Z,1,0.117,20.94,51
2026-06-25T03:42:28.625Z,2026-06-25T03:43:28.625Z,1,0.987,20.94,51
2026-06-25T03:43:28.789Z,2026-06-25T03:44:28.789Z,0,1.0,20.94,51
2026-06-25T03:44:28.953Z,2026-06-25T03:45:28.953Z,0,1.0,20.94,51
2026-06-25T03:45:29.019Z,2026-06-25T03:46:29.019Z,2,0.678,20.94,51
2026-06-25T03:47:29.348Z,2026-06-25T03:48:29.348Z,1,0.02,20.94,51
2026-06-25T03:48:29.411Z,2026-06-25T03:49:29.411Z,1,0.033,20.94,51
2026-06-25T03:58:30.756Z,2026-06-25T03:59:30.756Z,1,0.007,20.94,51
2026-06-25T03:59:30.821Z,2026-06-25T04:00:30.821Z,1,0.017,20.94,51
2026-06-25T04:01:31.150Z,2026-06-25T04:02:31.150Z,1,0.007,20.94,51
2026-06-25T04:02:31.213Z,2026-06-25T04:03:31.213Z,2,0.017,20.94,51
2026-06-25T04:07:31.836Z,2026-06-25T04:08:31.836Z,1,0.007,20.94,51
2026-06-25T04:29:34.755Z,2026-06-25T04:30:34.755Z,0,0.003,20.94,51
2026-06-25T05:01:38.816Z,2026-06-25T05:02:38.816Z,0,0.007,20.94,51
2026-06-25T05:27:42.193Z,2026-06-25T05:28:42.193Z,0,0.003,20.94,51
2026-06-25T05:40:43.831Z,2026-06-25T05:41:43.831Z,0,0.007,20.94,51
2026-06-25T05:55:45.798Z,2026-06-25T05:56:45.798Z,0,0.007,20.94,51
2026-06-25T05:57:46.026Z,2026-06-25T05:58:46.026Z,0,0.003,20.94,51
2026-06-25T06:28:50.026Z,2026-06-25T06:29:50.026Z,0,0.007,20.94,51
2026-06-25T06:29:50.190Z,2026-06-25T06:30:50.190Z,0,0.01,20.94,51
2026-06-25T06:50:52.944Z,2026-06-25T06:51:52.944Z,0,0.007,20.94,51
2026-06-25T06:51:53.009Z,2026-06-25T06:52:53.009Z,1,0.017,20.94,51
2026-06-25T09:10:10.796Z,2026-06-25T09:11:10.796Z,0,0.003,20.94,51
2026-06-25T09:11:10.960Z,2026-06-25T09:12:10.960Z,0,0.08,20.94,51
2026-06-25T09:15:11.418Z,2026-06-25T09:16:11.418Z,0,0.166,20.94,51
2026-06-25T09:16:11.584Z,2026-06-25T09:17:11.584Z,0,0.047,20.94,51
2026-06-25T11:40:30.165Z,2026-06-25T11:41:30.165Z,1,0.03,20.94,51
2026-06-25T19:22:29.809Z,2026-06-25T19:23:29.809Z,0,0.003,20.94,51
2026-06-25T19:24:30.138Z,2026-06-25T19:25:30.138Z,0,0.02,20.94,51
2026-06-25T23:57:05.348Z,2026-06-25T23:58:05.348Z,0,0.017,20.94,51
2026-06-26T00:14:07.543Z,2026-06-26T00:15:07.543Z,0,0.123,20.94,51
2026-06-26T00:15:07.608Z,2026-06-26T00:16:07.608Z,0,0.09,20.94,51
2026-06-26T00:21:08.394Z,2026-06-26T00:22:08.394Z,0,0.166,20.94,51
2026-06-26T00:22:08.559Z,2026-06-26T00:23:08.559Z,0,0.167,20.94,51
2026-06-26T00:29:09.411Z,2026-06-26T00:30:09.411Z,0,0.166,20.94,51
2026-06-26T00:30:09.575Z,2026-06-26T00:31:09.575Z,0,0.226,20.94,51
2026-06-26T00:32:09.803Z,2026-06-26T00:33:09.803Z,0,0.01,20.94,51
2026-06-26T00:36:10.361Z,2026-06-26T00:37:10.361Z,0,0.117,20.94,51
2026-06-26T00:38:10.591Z,2026-06-26T00:39:10.591Z,0,0.156,20.94,51
2026-06-26T00:52:12.394Z,2026-06-26T00:53:12.394Z,0,0.003,20.94,51
2026-06-26T04:11:38.230Z,2026-06-26T04:12:38.230Z,1,0.153,20.94,51
2026-06-26T04:12:38.403Z,2026-06-26T04:13:38.403Z,1,0.013,20.94,51
2026-06-26T04:13:38.559Z,2026-06-26T04:14:38.559Z,0,0.007,20.94,51
2026-06-26T04:14:38.631Z,2026-06-26T04:15:38.631Z,1,0.013,20.94,51
2026-06-26T04:17:39.025Z,2026-06-26T04:18:39.025Z,0,0.007,20.94,51
2026-06-26T05:07:45.549Z,2026-06-26T05:08:45.549Z,0,0.007,20.94,51
2026-06-26T05:08:45.614Z,2026-06-26T05:09:45.614Z,0,0.003,20.94,51
2026-06-26T05:43:50.170Z,2026-06-26T05:44:50.170Z,1,0.143,20.94,51
2026-06-26T05:44:50.226Z,2026-06-26T05:45:50.226Z,0,0.867,20.94,51
2026-06-26T05:47:50.619Z,2026-06-26T05:48:50.619Z,1,0.262,20.94,51
2026-06-26T05:48:50.776Z,2026-06-26T05:49:50.776Z,0,1.0,20.94,51
2026-06-26T05:49:50.940Z,2026-06-26T05:50:50.940Z,0,1.002,20.94,51
2026-06-26T05:50:51.005Z,2026-06-26T05:51:51.005Z,2,1.13,20.94,51
2026-06-26T05:51:51.168Z,2026-06-26T05:52:51.168Z,3,0.957,20.94,51
2026-06-26T05:52:51.342Z,2026-06-26T05:53:51.342Z,0,1.006,20.94,51
2026-06-26T05:53:51.407Z,2026-06-26T05:54:51.407Z,0,1.002,20.94,51
2026-06-26T05:54:51.571Z,2026-06-26T05:55:51.571Z,0,1.002,20.94,51
2026-06-26T05:55:51.635Z,2026-06-26T05:56:51.635Z,0,0.927,20.94,51
2026-06-26T05:57:51.973Z,2026-06-26T05:58:51.973Z,1,0.713,20.94,51
2026-06-26T05:58:52.020Z,2026-06-26T05:59:52.020Z,0,1.0,20.94,51
2026-06-26T05:59:52.184Z,2026-06-26T06:00:52.184Z,0,1.002,20.94,51
2026-06-26T06:00:52.349Z,2026-06-26T06:01:52.349Z,2,0.863,20.94,51
2026-06-26T06:01:52.414Z,2026-06-26T06:02:52.414Z,1,0.704,20.94,51
2026-06-26T06:02:52.578Z,2026-06-26T06:03:52.578Z,3,0.209,20.94,51
2026-06-26T06:16:54.390Z,2026-06-26T06:17:54.390Z,1,0.01,20.94,51
2026-06-26T06:39:57.364Z,2026-06-26T06:40:57.364Z,1,0.01,20.94,51
2026-06-26T06:41:57.592Z,2026-06-26T06:42:57.592Z,0,0.007,20.94,51
2026-06-26T06:56:59.559Z,2026-06-26T06:57:59.559Z,1,0.023,20.94,51
2026-06-26T06:57:59.625Z,2026-06-26T06:58:59.625Z,1,1.777,20.94,51
2026-06-26T06:58:59.789Z,2026-06-26T06:59:59.789Z,2,2.027,20.94,51
2026-06-26T06:59:59.953Z,2026-06-26T07:00:59.953Z,0,2.043,20.94,51
2026-06-26T07:01:00.017Z,2026-06-26T07:02:00.017Z,3,1.907,20.94,51
2026-06-26T07:02:00.181Z,2026-06-26T07:03:00.181Z,4,2.037,20.94,51
2026-06-26T07:03:00.346Z,2026-06-26T07:04:00.346Z,4,2.02,20.94,51
2026-06-26T07:04:00.411Z,2026-06-26T07:05:00.411Z,0,1.977,20.94,51
2026-06-26T07:05:00.575Z,2026-06-26T07:06:00.575Z,1,1.495,20.94,51
2026-06-26T07:06:00.740Z,2026-06-26T07:07:00.740Z,0,0.327,20.94,51
2026-06-26T08:05:08.344Z,2026-06-26T08:06:08.344Z,1,0.007,20.94,51
2026-06-26T08:07:08.572Z,2026-06-26T08:08:08.572Z,0,0.007,20.94,51
2026-06-26T09:16:17.621Z,2026-06-26T09:17:17.621Z,0,0.017,20.94,51
2026-06-26T09:23:18.572Z,2026-06-26T09:24:18.572Z,0,0.003,20.94,51
2026-06-26T16:48:16.196Z,2026-06-26T16:49:16.196Z,0,0.003,20.94,51
2026-06-26T23:45:10.013Z,2026-06-26T23:46:10.013Z,0,0.007,20.94,51
2026-06-26T23:59:11.816Z,2026-06-27T00:00:11.816Z,0,0.017,20.94,51
2026-06-27T02:49:33.783Z,2026-06-27T02:50:33.783Z,0,0.003,20.94,51
2026-06-27T02:51:34.013Z,2026-06-27T02:52:34.013Z,1,0.017,20.94,51
2026-06-27T02:53:34.349Z,2026-06-27T02:54:34.349Z,0,0.013,20.94,51
2026-06-27T02:55:34.578Z,2026-06-27T02:56:34.578Z,1,0.02,20.94,51
2026-06-27T02:56:34.634Z,2026-06-27T02:57:34.634Z,2,0.113,20.94,51
2026-06-27T02:58:34.971Z,2026-06-27T02:59:34.971Z,1,0.003,20.94,51
2026-06-27T02:59:35.028Z,2026-06-27T03:00:35.028Z,2,0.01,20.94,51
2026-06-27T03:00:35.200Z,2026-06-27T03:01:35.200Z,3,0.023,20.94,51
2026-06-27T03:02:35.430Z,2026-06-27T03:03:35.430Z,1,0.03,20.94,51
2026-06-27T03:04:35.759Z,2026-06-27T03:05:35.759Z,2,0.217,20.94,51
2026-06-27T08:51:20.348Z,2026-06-27T08:52:20.348Z,0,0.013,20.94,51
2026-06-27T09:02:21.756Z,2026-06-27T09:03:21.756Z,0,0.003,20.94,51
2026-06-27T23:21:12.204Z,2026-06-27T23:22:12.204Z,0,0.003,20.94,51
2026-06-28T08:55:26.345Z,2026-06-28T08:56:26.345Z,0,0.35,20.94,51
2026-06-28T08:56:26.408Z,2026-06-28T08:57:26.408Z,0,0.02,20.94,51
2026-06-28T09:08:27.983Z,2026-06-28T09:09:27.983Z,0,0.136,20.94,51
2026-06-28T09:17:29.163Z,2026-06-28T09:18:29.163Z,0,0.01,20.94,51
2026-06-28T09:21:29.621Z,2026-06-28T09:22:29.621Z,0,0.037,20.94,51
2026-06-28T09:23:29.950Z,2026-06-28T09:24:29.950Z,0,0.027,20.94,51
2026-06-28T19:22:47.224Z,2026-06-28T19:23:47.224Z,0,0.02,20.94,51
2026-06-28T19:24:47.553Z,2026-06-28T19:25:47.553Z,1,0.003,20.94,51
2026-06-28T19:25:47.618Z,2026-06-28T19:26:47.618Z,1,0.033,20.94,51
2026-06-28T19:26:47.782Z,2026-06-28T19:27:47.782Z,0,0.023,20.94,51
2026-06-28T23:55:22.236Z,2026-06-28T23:56:22.236Z,0,0.003,20.94,51
2026-06-29T00:01:23.022Z,2026-06-29T00:02:23.022Z,1,0.807,20.94,51
2026-06-29T00:02:23.187Z,2026-06-29T00:03:23.187Z,0,1.01,20.94,51
2026-06-29T00:03:23.351Z,2026-06-29T00:04:23.351Z,0,1.0,20.94,51
2026-06-29T00:04:23.415Z,2026-06-29T00:05:23.415Z,0,0.877,20.94,51
2026-06-29T00:05:23.579Z,2026-06-29T00:06:23.579Z,0,0.007,20.94,51
2026-06-29T00:08:23.973Z,2026-06-29T00:09:23.973Z,1,0.1,20.94,51
2026-06-29T00:09:24.038Z,2026-06-29T00:10:24.038Z,0,0.043,20.94,51
2026-06-29T00:22:25.776Z,2026-06-29T00:23:25.776Z,0,0.003,20.94,51
2026-06-29T00:33:27.184Z,2026-06-29T00:34:27.184Z,0,0.003,20.94,51
2026-06-29T01:07:31.609Z,2026-06-29T01:08:31.609Z,1,0.007,20.94,51
2026-06-29T01:12:32.233Z,2026-06-29T01:13:32.233Z,0,0.003,20.94,51
2026-06-29T01:13:32.397Z,2026-06-29T01:14:32.397Z,0,0.003,20.94,51
2026-06-29T01:25:33.970Z,2026-06-29T01:26:33.970Z,0,0.007,20.94,51
2026-06-29T01:27:34.200Z,2026-06-29T01:28:34.200Z,1,0.007,20.94,51
2026-06-29T01:44:36.394Z,2026-06-29T01:45:36.394Z,0,0.003,20.94,51
2026-06-29T01:46:36.624Z,2026-06-29T01:47:36.624Z,0,0.007,20.94,51
2026-06-29T01:49:37.017Z,2026-06-29T01:50:37.017Z,0,0.003,20.94,51
2026-06-29T01:58:38.197Z,2026-06-29T01:59:38.197Z,1,0.037,20.94,51
2026-06-29T01:59:38.361Z,2026-06-29T02:00:38.361Z,0,0.003,20.94,51
2026-06-29T02:00:38.427Z,2026-06-29T02:01:38.427Z,2,0.047,20.94,51
2026-06-29T02:02:38.756Z,2026-06-29T02:03:38.756Z,0,0.01,20.94,51
2026-06-29T02:06:39.213Z,2026-06-29T02:07:39.213Z,1,0.017,20.94,51
2026-06-29T02:07:39.378Z,2026-06-29T02:08:39.378Z,1,0.03,20.94,51
2026-06-29T02:08:39.542Z,2026-06-29T02:09:39.542Z,2,0.013,20.94,51
2026-06-29T02:10:39.772Z,2026-06-29T02:11:39.772Z,1,0.023,20.94,51
2026-06-29T02:58:45.966Z,2026-06-29T02:59:45.966Z,0,0.007,20.94,51
2026-06-29T02:59:46.030Z,2026-06-29T03:00:46.030Z,1,0.043,20.94,51
2026-06-29T03:00:46.194Z,2026-06-29T03:01:46.194Z,3,0.03,20.94,51
2026-06-29T03:02:46.424Z,2026-06-29T03:03:46.424Z,1,0.013,20.94,51
2026-06-29T03:15:48.161Z,2026-06-29T03:16:48.161Z,1,0.01,20.94,51
2026-06-29T03:33:50.423Z,2026-06-29T03:34:50.423Z,0,0.003,20.94,51
2026-06-29T03:42:51.602Z,2026-06-29T03:43:51.602Z,0,0.007,20.94,51
2026-06-29T03:48:52.390Z,2026-06-29T03:49:52.390Z,0,0.003,20.94,51
2026-06-29T03:54:53.177Z,2026-06-29T03:55:53.177Z,0,0.007,20.94,51
2026-06-29T04:01:54.028Z,2026-06-29T04:02:54.028Z,2,0.017,20.94,51
2026-06-29T04:11:55.372Z,2026-06-29T04:12:55.372Z,1,0.023,20.94,51
2026-06-29T04:28:57.569Z,2026-06-29T04:29:57.569Z,1,0.007,20.94,51
2026-06-29T04:29:57.632Z,2026-06-29T04:30:57.632Z,0,0.003,20.94,51
2026-06-29T04:31:57.961Z,2026-06-29T04:32:57.961Z,0,0.007,20.94,51
2026-06-29T04:32:58.026Z,2026-06-29T04:33:58.026Z,0,0.007,20.94,51
2026-06-29T04:33:58.190Z,2026-06-29T04:34:58.190Z,0,0.003,20.94,51
2026-06-29T04:34:58.355Z,2026-06-29T04:35:58.355Z,2,0.02,20.94,51
2026-06-29T04:55:00.944Z,2026-06-29T04:56:00.944Z,1,0.007,20.94,51
2026-06-29T04:56:01.009Z,2026-06-29T04:57:01.009Z,1,0.01,20.94,51
2026-06-29T04:57:01.174Z,2026-06-29T04:58:01.174Z,1,0.01,20.94,51
2026-06-29T04:58:01.237Z,2026-06-29T04:59:01.237Z,0,0.003,20.94,51
2026-06-29T04:59:01.403Z,2026-06-29T05:00:01.403Z,1,0.007,20.94,51
2026-06-29T05:04:02.025Z,2026-06-29T05:05:02.025Z,1,0.027,20.94,51
2026-06-29T05:15:03.434Z,2026-06-29T05:16:03.434Z,1,0.01,20.94,51
2026-06-29T05:35:06.023Z,2026-06-29T05:36:06.023Z,0,0.003,20.94,51
2026-06-29T05:49:07.825Z,2026-06-29T05:50:07.825Z,0,0.003,20.94,51
2026-06-29T05:52:08.220Z,2026-06-29T05:53:08.220Z,0,0.007,20.94,51
2026-06-29T05:54:08.549Z,2026-06-29T05:55:08.549Z,0,0.007,20.94,51
2026-06-29T05:57:08.941Z,2026-06-29T05:58:08.941Z,0,0.007,20.94,51
2026-06-29T06:03:09.628Z,2026-06-29T06:04:09.628Z,1,0.03,20.94,51
2026-06-29T06:05:09.957Z,2026-06-29T06:06:09.957Z,0,0.013,20.94,51
2026-06-29T06:06:10.023Z,2026-06-29T06:07:10.023Z,1,0.02,20.94,51
2026-06-29T06:07:10.187Z,2026-06-29T06:08:10.187Z,1,0.01,20.94,51
2026-06-29T06:11:10.744Z,2026-06-29T06:12:10.744Z,1,0.017,20.94,51
2026-06-29T06:27:12.776Z,2026-06-29T06:28:12.776Z,1,0.02,20.94,51
2026-06-29T06:31:13.233Z,2026-06-29T06:32:13.233Z,1,0.017,20.94,51
2026-06-29T06:32:13.398Z,2026-06-29T06:33:13.398Z,2,0.043,20.94,51
2026-06-29T06:46:15.200Z,2026-06-29T06:47:15.200Z,1,0.0,20.94,51
2026-06-29T06:47:15.365Z,2026-06-29T06:48:15.365Z,1,0.02,20.94,51
2026-06-29T06:51:15.823Z,2026-06-29T06:52:15.823Z,0,0.007,20.94,51
2026-06-29T06:55:16.381Z,2026-06-29T06:56:16.381Z,0,0.007,20.94,51
2026-06-29T07:04:17.562Z,2026-06-29T07:05:17.562Z,1,0.04,20.94,51
2026-06-29T07:06:17.790Z,2026-06-29T07:07:17.790Z,1,0.01,20.94,51
2026-06-29T07:18:19.365Z,2026-06-29T07:19:19.365Z,0,0.01,20.94,51
2026-06-29T07:24:20.151Z,2026-06-29T07:25:20.151Z,0,0.007,20.94,51
2026-06-29T07:54:23.986Z,2026-06-29T07:55:23.986Z,0,0.003,20.94,51
2026-06-29T08:07:25.624Z,2026-06-29T08:08:25.624Z,1,0.007,20.94,51
2026-06-29T08:28:28.368Z,2026-06-29T08:29:28.368Z,3,0.03,20.94,51
2026-06-29T08:29:28.542Z,2026-06-29T08:30:28.542Z,3,0.033,20.94,51
2026-06-29T08:30:28.598Z,2026-06-29T08:31:28.598Z,9,0.236,20.94,51
2026-06-29T08:31:28.763Z,2026-06-29T08:32:28.763Z,0,0.067,20.94,51
2026-06-29T08:46:30.630Z,2026-06-29T08:47:30.630Z,0,0.003,20.94,51
2026-06-29T08:47:30.793Z,2026-06-29T08:48:30.793Z,0,0.007,20.94,51
2026-06-29T08:49:31.023Z,2026-06-29T08:50:31.023Z,0,0.007,20.94,51
2026-06-29T09:53:39.223Z,2026-06-29T09:54:39.223Z,1,0.0,20.94,51
2026-06-29T19:17:52.345Z,2026-06-29T19:18:52.345Z,2,0.0,20.94,51
2026-06-29T19:27:53.589Z,2026-06-29T19:28:53.589Z,1,0.08,20.94,51
2026-06-29T19:28:53.753Z,2026-06-29T19:29:53.753Z,0,0.003,20.94,51
2026-06-29T23:27:24.371Z,2026-06-29T23:28:24.371Z,0,0.027,20.94,51
2026-06-29T23:35:25.388Z,2026-06-29T23:36:25.388Z,0,0.003,20.94,51
2026-06-30T00:17:30.795Z,2026-06-30T00:18:30.795Z,0,0.007,20.94,51
2026-06-30T00:18:30.960Z,2026-06-30T00:19:30.960Z,0,0.003,20.94,51
2026-06-30T00:20:31.188Z,2026-06-30T00:21:31.188Z,0,0.003,20.94,51
2026-06-30T00:21:31.352Z,2026-06-30T00:22:31.352Z,0,0.007,20.94,51
2026-06-30T00:25:31.811Z,2026-06-30T00:26:31.811Z,0,0.003,20.94,51
2026-06-30T00:30:32.433Z,2026-06-30T00:31:32.433Z,0,0.003,20.94,51
2026-06-30T00:32:32.762Z,2026-06-30T00:33:32.762Z,0,0.003,20.94,51
2026-06-30T01:09:37.780Z,2026-06-30T01:10:37.780Z,0,0.007,20.94,51
2026-06-30T01:12:38.174Z,2026-06-30T01:13:38.174Z,1,0.003,20.94,51
2026-06-30T01:15:38.568Z,2026-06-30T01:16:38.568Z,1,0.0,20.94,51
2026-06-30T01:16:38.631Z,2026-06-30T01:17:38.631Z,0,0.007,20.94,51
2026-06-30T01:23:39.582Z,2026-06-30T01:24:39.582Z,0,0.003,20.94,51
2026-06-30T01:25:39.812Z,2026-06-30T01:26:39.812Z,0,0.007,20.94,51
2026-06-30T01:27:40.141Z,2026-06-30T01:28:40.141Z,1,0.013,20.94,51
2026-06-30T01:31:40.598Z,2026-06-30T01:32:40.598Z,0,0.007,20.94,51
2026-06-30T01:35:41.157Z,2026-06-30T01:36:41.157Z,0,0.003,20.94,51
2026-06-30T01:41:41.944Z,2026-06-30T01:42:41.944Z,2,0.063,20.94,51
2026-06-30T01:46:42.565Z,2026-06-30T01:47:42.565Z,0,0.003,20.94,51
2026-06-30T01:52:43.352Z,2026-06-30T01:53:43.352Z,3,0.037,20.94,51
2026-06-30T02:34:48.759Z,2026-06-30T02:35:48.759Z,1,0.023,20.94,51
2026-06-30T02:36:48.989Z,2026-06-30T02:37:48.989Z,0,0.003,20.94,51
2026-06-30T02:49:50.628Z,2026-06-30T02:50:50.628Z,0,0.007,20.94,51
2026-06-30T02:50:50.792Z,2026-06-30T02:51:50.792Z,0,0.003,20.94,51
2026-06-30T02:55:51.414Z,2026-06-30T02:56:51.414Z,0,0.003,20.94,51
2026-06-30T02:57:51.634Z,2026-06-30T02:58:51.634Z,1,0.01,20.94,51
2026-06-30T03:02:52.357Z,2026-06-30T03:03:52.357Z,1,0.007,20.94,51
2026-06-30T03:03:52.430Z,2026-06-30T03:04:52.430Z,0,0.003,20.94,51
2026-06-30T03:05:52.759Z,2026-06-30T03:06:52.759Z,0,0.003,20.94,51
2026-06-30T03:08:53.153Z,2026-06-30T03:09:53.153Z,0,0.003,20.94,51
2026-06-30T03:09:53.217Z,2026-06-30T03:10:53.217Z,0,0.003,20.94,51
2026-06-30T03:46:58.003Z,2026-06-30T03:47:58.003Z,4,0.189,20.94,51
2026-06-30T03:47:58.167Z,2026-06-30T03:48:58.167Z,2,0.147,20.94,51
2026-06-30T03:48:58.232Z,2026-06-30T03:49:58.232Z,0,0.272,20.94,51
2026-06-30T03:51:58.625Z,2026-06-30T03:52:58.625Z,0,0.003,20.94,51
2026-06-30T03:59:59.740Z,2026-06-30T04:00:59.740Z,0,0.007,20.94,51
2026-06-30T04:37:04.427Z,2026-06-30T04:38:04.427Z,0,0.003,20.94,51
2026-06-30T04:38:04.591Z,2026-06-30T04:39:04.591Z,0,0.003,20.94,51
2026-06-30T04:39:04.755Z,2026-06-30T04:40:04.755Z,1,0.003,20.94,51
2026-06-30T04:41:04.984Z,2026-06-30T04:42:04.984Z,0,0.003,20.94,51
2026-06-30T04:47:05.770Z,2026-06-30T04:48:05.770Z,0,0.007,20.94,51
2026-06-30T04:57:07.016Z,2026-06-30T04:58:07.016Z,1,0.07,20.94,51
2026-06-30T04:58:07.180Z,2026-06-30T04:59:07.180Z,0,0.013,20.94,51
2026-06-30T04:59:07.345Z,2026-06-30T05:00:07.345Z,2,0.063,20.94,51
2026-06-30T05:00:07.410Z,2026-06-30T05:01:07.410Z,1,0.03,20.94,51
2026-06-30T05:01:07.573Z,2026-06-30T05:02:07.573Z,1,0.033,20.94,51
2026-06-30T05:07:08.561Z,2026-06-30T05:08:08.561Z,1,0.007,20.94,51
2026-06-30T05:13:09.348Z,2026-06-30T05:14:09.348Z,1,0.037,20.94,51
2026-06-30T05:27:11.150Z,2026-06-30T05:28:11.150Z,0,0.01,20.94,51
2026-06-30T05:29:11.378Z,2026-06-30T05:30:11.378Z,0,0.04,20.94,51
2026-06-30T05:32:11.773Z,2026-06-30T05:33:11.773Z,1,0.0,20.94,51
2026-06-30T05:38:12.559Z,2026-06-30T05:39:12.559Z,1,0.007,20.94,51
2026-06-30T05:44:13.345Z,2026-06-30T05:45:13.345Z,1,0.01,20.94,51
2026-06-30T06:03:15.770Z,2026-06-30T06:04:15.770Z,0,0.013,20.94,51
2026-06-30T06:12:16.950Z,2026-06-30T06:13:16.950Z,1,0.03,20.94,51
2026-06-30T06:17:17.573Z,2026-06-30T06:18:17.573Z,2,0.007,20.94,51
2026-06-30T06:18:17.638Z,2026-06-30T06:19:17.638Z,1,0.0,20.94,51
2026-06-30T06:19:17.802Z,2026-06-30T06:20:17.802Z,0,0.007,20.94,51
2026-06-30T06:33:19.605Z,2026-06-30T06:34:19.605Z,0,0.003,20.94,51
2026-06-30T06:42:20.786Z,2026-06-30T06:43:20.786Z,1,0.007,20.94,51
2026-06-30T06:57:22.753Z,2026-06-30T06:58:22.753Z,1,0.08,20.94,51
2026-06-30T06:58:22.816Z,2026-06-30T06:59:22.816Z,1,0.153,20.94,51
2026-06-30T06:59:22.980Z,2026-06-30T07:00:22.980Z,1,0.249,20.94,51
2026-06-30T07:00:23.145Z,2026-06-30T07:01:23.145Z,0,0.257,20.94,51
2026-06-30T07:01:23.210Z,2026-06-30T07:02:23.210Z,2,0.216,20.94,51
2026-06-30T07:02:23.375Z,2026-06-30T07:03:23.375Z,0,0.007,20.94,51
2026-06-30T07:03:23.539Z,2026-06-30T07:04:23.539Z,1,0.0,20.94,51
2026-06-30T07:09:24.226Z,2026-06-30T07:10:24.226Z,0,0.007,20.94,51
2026-06-30T07:10:24.391Z,2026-06-30T07:11:24.391Z,1,0.0,20.94,51
2026-06-30T07:12:24.619Z,2026-06-30T07:13:24.619Z,1,0.047,20.94,51
2026-06-30T07:31:27.144Z,2026-06-30T07:32:27.144Z,0,0.003,20.94,51
2026-06-30T07:32:27.209Z,2026-06-30T07:33:27.209Z,1,0.033,20.94,51
2026-06-30T07:57:30.421Z,2026-06-30T07:58:30.421Z,1,0.0,20.94,51
2026-06-30T07:58:30.585Z,2026-06-30T07:59:30.585Z,1,0.0,20.94,51
2026-06-30T08:17:33.009Z,2026-06-30T08:18:33.009Z,1,0.003,20.94,51
2026-06-30T08:18:33.174Z,2026-06-30T08:19:33.174Z,0,0.007,20.94,51
2026-06-30T08:27:34.354Z,2026-06-30T08:28:34.354Z,1,0.64,20.94,51
2026-06-30T08:28:34.411Z,2026-06-30T08:29:34.411Z,0,0.066,20.94,51
2026-06-30T08:29:34.582Z,2026-06-30T08:30:34.582Z,1,0.163,20.94,51
2026-06-30T08:30:34.739Z,2026-06-30T08:31:34.739Z,0,0.727,20.94,51
2026-06-30T16:00:32.760Z,2026-06-30T16:01:32.760Z,0,0.01,20.94,51
2026-06-30T19:20:58.578Z,2026-06-30T19:21:58.578Z,0,0.003,20.94,51
2026-06-30T19:22:58.806Z,2026-06-30T19:23:58.806Z,1,0.063,20.94,51
2026-06-30T19:23:58.971Z,2026-06-30T19:24:58.971Z,0,0.077,20.94,51
2026-06-30T19:24:59.036Z,2026-06-30T19:25:59.036Z,1,0.04,20.94,51
2026-06-30T19:25:59.200Z,2026-06-30T19:26:59.200Z,1,0.0,20.94,51
2026-06-30T19:26:59.365Z,2026-06-30T19:27:59.365Z,0,0.007,20.94,51
2026-07-01T00:14:36.540Z,2026-07-01T00:15:36.540Z,0,0.003,20.94,51
2026-07-01T01:26:45.815Z,2026-07-01T01:27:45.815Z,1,0.0,20.94,51
2026-07-01T01:27:45.980Z,2026-07-01T01:28:45.980Z,1,0.027,20.94,51
2026-07-01T01:30:46.374Z,2026-07-01T01:31:46.374Z,2,0.0,20.94,51
2026-07-01T01:31:46.437Z,2026-07-01T01:32:46.437Z,1,0.0,20.94,51
2026-07-01T01:49:48.799Z,2026-07-01T01:50:48.799Z,2,0.0,20.94,51
2026-07-01T01:50:48.963Z,2026-07-01T01:51:48.963Z,2,0.0,20.94,51
2026-07-01T01:57:49.815Z,2026-07-01T01:58:49.815Z,1,0.007,20.94,51
2026-07-01T02:27:53.749Z,2026-07-01T02:28:53.749Z,1,0.01,20.94,51
2026-07-01T02:44:55.944Z,2026-07-01T02:45:55.944Z,0,0.003,20.94,51
2026-07-01T02:45:56.009Z,2026-07-01T02:46:56.009Z,0,0.003,20.94,51
2026-07-01T02:50:56.631Z,2026-07-01T02:51:56.631Z,0,0.003,20.94,51
2026-07-01T02:54:57.190Z,2026-07-01T02:55:57.190Z,0,0.01,20.94,51
2026-07-01T02:57:57.582Z,2026-07-01T02:58:57.582Z,0,0.003,20.94,51
2026-07-01T03:02:58.206Z,2026-07-01T03:03:58.206Z,1,0.007,20.94,51
2026-07-01T03:09:59.157Z,2026-07-01T03:10:59.157Z,0,0.003,20.94,51
2026-07-01T03:39:02.826Z,2026-07-01T03:40:02.826Z,0,0.003,20.94,51
2026-07-01T03:44:03.549Z,2026-07-01T03:45:03.549Z,0,0.007,20.94,51
2026-07-01T03:49:04.171Z,2026-07-01T03:50:04.171Z,0,0.01,20.94,51
2026-07-01T03:50:04.236Z,2026-07-01T03:51:04.236Z,0,0.003,20.94,51
2026-07-01T03:52:04.565Z,2026-07-01T03:53:04.565Z,0,0.01,20.94,51
2026-07-01T04:07:06.631Z,2026-07-01T04:08:06.631Z,1,0.003,20.94,51
2026-07-01T04:14:07.582Z,2026-07-01T04:15:07.582Z,1,0.023,20.94,51
2026-07-01T04:15:07.746Z,2026-07-01T04:16:07.746Z,0,0.027,20.94,51
2026-07-01T04:21:08.434Z,2026-07-01T04:22:08.434Z,0,0.01,20.94,51
2026-07-01T04:22:08.598Z,2026-07-01T04:23:08.598Z,0,0.003,20.94,51
2026-07-01T04:23:08.763Z,2026-07-01T04:24:08.763Z,0,0.02,20.94,51
2026-07-01T04:24:08.828Z,2026-07-01T04:25:08.828Z,2,0.04,20.94,51
2026-07-01T04:27:09.220Z,2026-07-01T04:28:09.220Z,1,0.023,20.94,51
2026-07-01T04:34:10.173Z,2026-07-01T04:35:10.173Z,1,0.01,20.94,51
2026-07-01T04:35:10.236Z,2026-07-01T04:36:10.236Z,0,0.007,20.94,51
2026-07-01T04:36:10.401Z,2026-07-01T04:37:10.401Z,1,0.017,20.94,51
2026-07-01T04:51:12.368Z,2026-07-01T04:52:12.368Z,0,0.003,20.94,51
2026-07-01T04:52:12.433Z,2026-07-01T04:53:12.433Z,0,0.003,20.94,51
2026-07-01T04:53:12.598Z,2026-07-01T04:54:12.598Z,0,0.003,20.94,51
2026-07-01T05:05:14.171Z,2026-07-01T05:06:14.171Z,1,0.03,20.94,51
2026-07-01T05:07:14.400Z,2026-07-01T05:08:14.400Z,0,0.007,20.94,51
2026-07-01T05:12:15.023Z,2026-07-01T05:13:15.023Z,1,0.01,20.94,51
2026-07-01T05:24:16.796Z,2026-07-01T05:25:16.796Z,2,0.043,20.94,51
2026-07-01T05:26:17.025Z,2026-07-01T05:27:17.025Z,2,0.007,20.94,51
2026-07-01T05:33:17.976Z,2026-07-01T05:34:17.976Z,1,0.007,20.94,51
2026-07-01T05:39:18.763Z,2026-07-01T05:40:18.763Z,0,0.007,20.94,51
2026-07-01T05:41:18.992Z,2026-07-01T05:42:18.992Z,2,0.02,20.94,51
2026-07-01T05:58:21.187Z,2026-07-01T05:59:21.187Z,0,0.003,20.94,51
2026-07-01T05:59:21.352Z,2026-07-01T06:00:21.352Z,2,0.057,20.94,51
2026-07-01T06:04:21.974Z,2026-07-01T06:05:21.974Z,0,0.003,20.94,51
2026-07-01T06:12:22.990Z,2026-07-01T06:13:22.990Z,0,0.007,20.94,51
2026-07-01T06:20:24.006Z,2026-07-01T06:21:24.006Z,0,0.013,20.94,51
2026-07-01T06:41:26.759Z,2026-07-01T06:42:26.759Z,0,0.007,20.94,51
2026-07-01T06:51:28.005Z,2026-07-01T06:52:28.005Z,1,0.007,20.94,51
2026-07-01T06:52:28.168Z,2026-07-01T06:53:28.168Z,3,1.72,20.94,51
2026-07-01T06:53:28.226Z,2026-07-01T06:54:28.226Z,2,1.415,20.94,51
2026-07-01T06:54:28.390Z,2026-07-01T06:55:28.390Z,2,1.083,20.94,51
2026-07-01T06:55:28.553Z,2026-07-01T06:56:28.553Z,0,1.097,20.94,51
2026-07-01T06:56:28.618Z,2026-07-01T06:57:28.618Z,0,0.924,20.94,51
2026-07-01T06:57:28.782Z,2026-07-01T06:58:28.782Z,3,0.336,20.94,51
2026-07-01T07:00:29.184Z,2026-07-01T07:01:29.184Z,1,0.023,20.94,51
2026-07-01T07:01:29.349Z,2026-07-01T07:02:29.349Z,0,0.003,20.94,51
2026-07-01T07:14:30.987Z,2026-07-01T07:15:30.987Z,1,0.017,20.94,51
2026-07-01T07:20:31.775Z,2026-07-01T07:21:31.775Z,0,0.01,20.94,51
2026-07-01T07:28:32.790Z,2026-07-01T07:29:32.790Z,0,0.007,20.94,51
2026-07-01T07:29:32.954Z,2026-07-01T07:30:32.954Z,0,0.003,20.94,51
2026-07-01T07:48:35.380Z,2026-07-01T07:49:35.380Z,0,0.003,20.94,51
2026-07-01T07:49:35.545Z,2026-07-01T07:50:35.545Z,0,0.003,20.94,51
2026-07-01T07:52:35.838Z,2026-07-01T07:53:35.838Z,1,0.02,20.94,51
2026-07-01T07:56:36.395Z,2026-07-01T07:57:36.395Z,0,0.003,20.94,51
2026-07-01T07:57:36.559Z,2026-07-01T07:58:36.559Z,0,0.003,20.94,51
2026-07-01T08:23:39.836Z,2026-07-01T08:24:39.836Z,2,0.0,20.94,51
2026-07-01T23:37:37.798Z,2026-07-01T23:38:37.798Z,0,0.003,20.94,51
2026-07-02T01:02:48.778Z,2026-07-02T01:03:48.778Z,0,0.003,20.94,51
2026-07-02T01:20:51.145Z,2026-07-02T01:21:51.145Z,1,0.01,20.94,51
2026-07-02T01:26:51.832Z,2026-07-02T01:27:51.832Z,1,0.003,20.94,51
2026-07-02T02:14:58.227Z,2026-07-02T02:15:58.227Z,0,0.007,20.94,51
2026-07-02T02:16:58.556Z,2026-07-02T02:17:58.556Z,0,0.007,20.94,51
2026-07-02T02:17:58.746Z,2026-07-02T02:18:58.746Z,1,0.037,20.94,51
2026-07-02T02:18:58.811Z,2026-07-02T02:19:58.811Z,1,0.013,20.94,51
2026-07-02T02:22:59.368Z,2026-07-02T02:23:59.368Z,0,0.007,20.94,51
2026-07-02T02:47:02.415Z,2026-07-02T02:48:02.415Z,0,0.007,20.94,51
2026-07-02T02:57:03.760Z,2026-07-02T02:58:03.760Z,3,0.087,20.94,51
2026-07-02T02:58:03.825Z,2026-07-02T02:59:03.825Z,2,0.02,20.94,51
2026-07-02T03:56:11.364Z,2026-07-02T03:57:11.364Z,0,0.007,20.94,51
2026-07-02T05:18:21.950Z,2026-07-02T05:19:21.950Z,0,0.007,20.94,51
2026-07-02T06:36:31.979Z,2026-07-02T06:37:31.979Z,0,0.01,20.94,51
2026-07-02T06:42:32.766Z,2026-07-02T06:43:32.766Z,0,0.013,20.94,51
2026-07-02T19:22:11.025Z,2026-07-02T19:23:11.025Z,0,0.003,20.94,51
2026-07-02T23:46:45.019Z,2026-07-02T23:47:45.019Z,0,0.169,20.94,51
2026-07-02T23:48:45.348Z,2026-07-02T23:49:45.348Z,0,0.103,20.94,51
2026-07-03T00:14:48.625Z,2026-07-03T00:15:48.625Z,0,0.007,20.94,51
2026-07-03T00:16:48.953Z,2026-07-03T00:17:48.953Z,0,0.007,20.94,51
2026-07-03T00:55:53.967Z,2026-07-03T00:56:53.967Z,0,0.007,20.94,51
2026-07-03T01:00:54.589Z,2026-07-03T01:01:54.589Z,0,0.003,20.94,51
2026-07-03T01:42:59.996Z,2026-07-03T01:43:59.996Z,2,0.063,20.94,51
2026-07-03T01:51:01.013Z,2026-07-03T01:52:01.013Z,0,0.007,20.94,51
2026-07-03T04:04:18.196Z,2026-07-03T04:05:18.196Z,1,0.007,20.94,51
2026-07-03T04:05:18.359Z,2026-07-03T04:06:18.359Z,1,0.189,20.94,51
2026-07-03T04:23:20.744Z,2026-07-03T04:24:20.744Z,0,0.013,20.94,51
2026-07-03T04:49:24.022Z,2026-07-03T04:50:24.022Z,0,0.007,20.94,51
2026-07-03T04:50:24.186Z,2026-07-03T04:51:24.186Z,0,0.003,20.94,51
2026-07-03T05:04:25.989Z,2026-07-03T05:05:25.989Z,0,0.007,20.94,51
2026-07-03T05:05:26.153Z,2026-07-03T05:06:26.153Z,0,0.003,20.94,51
2026-07-03T05:22:28.348Z,2026-07-03T05:23:28.348Z,0,0.003,20.94,51
2026-07-03T05:49:31.789Z,2026-07-03T05:50:31.789Z,1,0.0,20.94,51
2026-07-03T05:56:32.742Z,2026-07-03T05:57:32.742Z,0,0.003,20.94,51
2026-07-03T06:36:37.821Z,2026-07-03T06:37:37.821Z,0,0.003,20.94,51
2026-07-03T06:37:37.984Z,2026-07-03T06:38:37.984Z,2,0.033,20.94,51
2026-07-03T06:49:39.551Z,2026-07-03T06:50:39.551Z,0,0.01,20.94,51
2026-07-03T06:52:39.951Z,2026-07-03T06:53:39.951Z,0,0.01,20.94,51
2026-07-03T08:34:52.996Z,2026-07-03T08:35:52.996Z,0,0.063,20.94,51
2026-07-03T08:35:53.160Z,2026-07-03T08:36:53.160Z,0,0.02,20.94,51
2026-07-03T08:38:53.553Z,2026-07-03T08:39:53.553Z,0,0.003,20.94,51
2026-07-03T08:39:53.618Z,2026-07-03T08:40:53.618Z,0,0.01,20.94,51
2026-07-03T09:08:57.388Z,2026-07-03T09:09:57.388Z,0,0.003,20.94,51
2026-07-03T09:09:57.552Z,2026-07-03T09:10:57.552Z,1,0.0,20.94,51
2026-07-03T09:17:58.568Z,2026-07-03T09:18:58.568Z,1,0.0,20.94,51
2026-07-03T23:35:49.150Z,2026-07-03T23:36:49.150Z,0,0.003,20.94,51
2026-07-03T23:37:49.378Z,2026-07-03T23:38:49.378Z,0,0.003,20.94,51
2026-07-04T23:39:55.342Z,2026-07-04T23:40:55.342Z,0,0.06,20.94,51
2026-07-04T23:42:55.637Z,2026-07-04T23:43:55.637Z,0,0.003,20.94,51
2026-07-05T07:52:58.759Z,2026-07-05T07:53:58.759Z,0,0.007,20.94,51
2026-07-05T08:28:03.216Z,2026-07-05T08:29:03.216Z,0,0.282,20.94,51
2026-07-05T08:29:03.381Z,2026-07-05T08:30:03.381Z,0,0.086,20.94,51
2026-07-05T08:30:03.545Z,2026-07-05T08:31:03.545Z,0,0.15,20.94,51
2026-07-05T08:31:03.609Z,2026-07-05T08:32:03.609Z,0,0.106,20.94,51
2026-07-05T19:17:27.013Z,2026-07-05T19:18:27.013Z,0,0.007,20.94,51
2026-07-05T19:18:27.177Z,2026-07-05T19:19:27.177Z,1,0.017,20.94,51
2026-07-05T19:19:27.342Z,2026-07-05T19:20:27.342Z,2,0.043,20.94,51
2026-07-05T19:20:27.407Z,2026-07-05T19:21:27.407Z,2,0.02,20.94,51
2026-07-05T19:21:27.571Z,2026-07-05T19:22:27.571Z,2,0.01,20.94,51
2026-07-05T23:29:59.434Z,2026-07-05T23:30:59.434Z,0,0.003,20.94,51
2026-07-05T23:31:59.763Z,2026-07-05T23:32:59.763Z,0,0.003,20.94,51
2026-07-05T23:39:00.615Z,2026-07-05T23:40:00.615Z,0,0.007,20.94,51
2026-07-05T23:56:02.809Z,2026-07-05T23:57:02.809Z,0,0.007,20.94,51
2026-07-06T00:13:05.006Z,2026-07-06T00:14:05.006Z,0,0.023,20.94,51
2026-07-06T00:15:05.234Z,2026-07-06T00:16:05.234Z,0,0.163,20.94,51
2026-07-06T00:18:05.628Z,2026-07-06T00:19:05.628Z,0,0.003,20.94,51
2026-07-06T00:21:06.022Z,2026-07-06T00:22:06.022Z,1,0.01,20.94,51
2026-07-06T00:22:06.187Z,2026-07-06T00:23:06.187Z,3,0.027,20.94,51
2026-07-06T00:23:06.375Z,2026-07-06T00:24:06.375Z,1,0.658,20.94,51
2026-07-06T00:24:06.539Z,2026-07-06T00:25:06.539Z,3,0.313,20.94,51
2026-07-06T00:25:06.605Z,2026-07-06T00:26:06.605Z,1,0.01,20.94,51
2026-07-06T00:31:07.391Z,2026-07-06T00:32:07.391Z,0,0.007,20.94,51
2026-07-06T00:33:07.621Z,2026-07-06T00:34:07.621Z,1,0.093,20.94,51
2026-07-06T00:34:07.785Z,2026-07-06T00:35:07.785Z,0,0.365,20.94,51
2026-07-06T00:35:07.957Z,2026-07-06T00:36:07.957Z,1,0.073,20.94,51
2026-07-06T00:36:08.022Z,2026-07-06T00:37:08.022Z,3,1.375,20.94,51
2026-07-06T00:37:08.177Z,2026-07-06T00:38:08.177Z,3,1.306,20.94,51
2026-07-06T00:38:08.342Z,2026-07-06T00:39:08.342Z,3,0.82,20.94,51
2026-07-06T00:39:08.407Z,2026-07-06T00:40:08.407Z,2,1.289,20.94,51
2026-07-06T00:40:08.572Z,2026-07-06T00:41:08.572Z,1,0.247,20.94,51
2026-07-06T00:41:08.635Z,2026-07-06T00:42:08.635Z,2,0.375,20.94,51
2026-07-06T00:44:09.029Z,2026-07-06T00:45:09.029Z,0,0.003,20.94,51
2026-07-06T00:46:09.358Z,2026-07-06T00:47:09.358Z,3,0.227,20.94,51
2026-07-06T00:47:09.423Z,2026-07-06T00:48:09.423Z,3,0.053,20.94,51
2026-07-06T00:48:09.586Z,2026-07-06T00:49:09.586Z,2,0.216,20.94,51
2026-07-06T00:49:09.752Z,2026-07-06T00:50:09.752Z,5,1.323,20.94,51
2026-07-06T00:50:09.815Z,2026-07-06T00:51:09.815Z,1,0.518,20.94,51
2026-07-06T00:51:09.980Z,2026-07-06T00:52:09.980Z,3,0.302,20.94,51
2026-07-06T00:52:10.144Z,2026-07-06T00:53:10.144Z,1,0.65,20.94,51
2026-07-06T00:53:10.210Z,2026-07-06T00:54:10.210Z,2,0.209,20.94,51
2026-07-06T00:54:10.374Z,2026-07-06T00:55:10.374Z,1,0.14,20.94,51
2026-07-06T00:55:10.539Z,2026-07-06T00:56:10.539Z,0,0.003,20.94,51
2026-07-06T00:56:10.602Z,2026-07-06T00:57:10.602Z,1,0.003,20.94,51
2026-07-06T00:57:10.766Z,2026-07-06T00:58:10.766Z,2,0.45,20.94,51
2026-07-06T00:58:10.832Z,2026-07-06T00:59:10.832Z,2,0.674,20.94,51
2026-07-06T00:59:10.996Z,2026-07-06T01:00:10.996Z,0,0.963,20.94,51
2026-07-06T01:00:11.161Z,2026-07-06T01:01:11.161Z,0,0.243,20.94,51
2026-07-06T01:03:11.562Z,2026-07-06T01:04:11.562Z,0,0.003,20.94,51
2026-07-06T01:41:16.411Z,2026-07-06T01:42:16.411Z,2,0.482,20.94,51
2026-07-06T01:42:16.559Z,2026-07-06T01:43:16.559Z,0,1.55,20.94,51
2026-07-06T01:43:16.632Z,2026-07-06T01:44:16.632Z,2,1.485,20.94,51
2026-07-06T01:44:16.796Z,2026-07-06T01:45:16.796Z,1,0.9,20.94,51
2026-07-06T01:45:16.970Z,2026-07-06T01:46:16.970Z,4,1.54,20.94,51
2026-07-06T01:46:17.026Z,2026-07-06T01:47:17.026Z,4,1.661,20.94,51
2026-07-06T01:47:17.190Z,2026-07-06T01:48:17.190Z,3,1.797,20.94,51
2026-07-06T01:48:17.355Z,2026-07-06T01:49:17.355Z,3,1.26,20.94,51
2026-07-06T01:49:17.420Z,2026-07-06T01:50:17.420Z,2,1.022,20.94,51
2026-07-06T01:50:17.584Z,2026-07-06T01:51:17.584Z,2,0.847,20.94,51
2026-07-06T01:51:17.756Z,2026-07-06T01:52:17.756Z,2,0.26,20.94,51
2026-07-06T01:52:17.821Z,2026-07-06T01:53:17.821Z,0,0.013,20.94,51
2026-07-06T01:56:18.378Z,2026-07-06T01:57:18.378Z,3,0.033,20.94,51
2026-07-06T01:57:18.543Z,2026-07-06T01:58:18.543Z,1,0.01,20.94,51
2026-07-06T01:59:18.773Z,2026-07-06T02:00:18.773Z,2,0.02,20.94,51
2026-07-06T02:00:18.836Z,2026-07-06T02:01:18.836Z,0,0.023,20.94,51
2026-07-06T02:04:19.394Z,2026-07-06T02:05:19.394Z,1,0.262,20.94,51
2026-07-06T02:05:19.559Z,2026-07-06T02:06:19.559Z,3,1.453,20.94,51
2026-07-06T02:06:19.615Z,2026-07-06T02:07:19.615Z,1,0.804,20.94,51
2026-07-06T02:07:19.788Z,2026-07-06T02:08:19.788Z,3,0.824,20.94,51
2026-07-06T02:08:19.953Z,2026-07-06T02:09:19.953Z,0,0.37,20.94,51
2026-07-06T02:09:20.016Z,2026-07-06T02:10:20.016Z,3,0.309,20.94,51
2026-07-06T02:12:20.411Z,2026-07-06T02:13:20.411Z,1,0.02,20.94,51
2026-07-06T02:13:20.575Z,2026-07-06T02:14:20.575Z,1,0.405,20.94,51
2026-07-06T02:19:21.361Z,2026-07-06T02:20:21.361Z,0,0.027,20.94,51
2026-07-06T02:20:21.426Z,2026-07-06T02:21:21.426Z,0,0.013,20.94,51
2026-07-06T02:21:21.591Z,2026-07-06T02:22:21.591Z,1,0.007,20.94,51
2026-07-06T02:22:21.755Z,2026-07-06T02:23:21.755Z,1,0.067,20.94,51
2026-07-06T02:23:21.819Z,2026-07-06T02:24:21.819Z,0,0.03,20.94,51
2026-07-06T02:26:22.213Z,2026-07-06T02:27:22.213Z,2,0.346,20.94,51
2026-07-06T02:27:22.378Z,2026-07-06T02:28:22.378Z,2,0.083,20.94,51
2026-07-06T02:29:22.607Z,2026-07-06T02:30:22.607Z,1,0.209,20.94,51
2026-07-06T02:30:22.770Z,2026-07-06T02:31:22.770Z,0,1.147,20.94,51
2026-07-06T02:31:22.835Z,2026-07-06T02:32:22.835Z,0,0.143,20.94,51
2026-07-06T02:35:23.394Z,2026-07-06T02:36:23.394Z,2,0.498,20.94,51
2026-07-06T02:36:23.558Z,2026-07-06T02:37:23.558Z,0,0.003,20.94,51
2026-07-06T02:37:23.621Z,2026-07-06T02:38:23.621Z,1,0.073,20.94,51
2026-07-06T02:41:24.180Z,2026-07-06T02:42:24.180Z,0,0.003,20.94,51
2026-07-06T02:42:24.345Z,2026-07-06T02:43:24.345Z,1,0.793,20.94,51
2026-07-06T02:43:24.408Z,2026-07-06T02:44:24.408Z,0,1.006,20.94,51
2026-07-06T02:44:24.573Z,2026-07-06T02:45:24.573Z,0,1.0,20.94,51
2026-07-06T02:45:24.638Z,2026-07-06T02:46:24.638Z,0,1.0,20.94,51
2026-07-06T02:46:24.802Z,2026-07-06T02:47:24.802Z,2,0.322,20.94,51
2026-07-06T02:47:24.967Z,2026-07-06T02:48:24.967Z,8,0.273,20.94,51
2026-07-06T02:48:25.030Z,2026-07-06T02:49:25.030Z,9,0.894,20.94,51
2026-07-06T02:49:25.187Z,2026-07-06T02:50:25.187Z,4,1.435,20.94,51
2026-07-06T02:50:25.359Z,2026-07-06T02:51:25.359Z,2,1.193,20.94,51
2026-07-06T02:51:25.424Z,2026-07-06T02:52:25.424Z,3,0.611,20.94,51
2026-07-06T02:52:25.588Z,2026-07-06T02:53:25.588Z,5,0.777,20.94,51
2026-07-06T02:53:25.753Z,2026-07-06T02:54:25.753Z,1,0.95,20.94,51
2026-07-06T02:54:25.809Z,2026-07-06T02:55:25.809Z,3,0.894,20.94,51
2026-07-06T02:55:25.973Z,2026-07-06T02:56:25.973Z,1,1.0,20.94,51
2026-07-06T02:56:26.138Z,2026-07-06T02:57:26.138Z,2,1.0,20.94,51
2026-07-06T02:57:26.203Z,2026-07-06T02:58:26.203Z,6,0.777,20.94,51
2026-07-06T03:01:26.769Z,2026-07-06T03:02:26.769Z,0,0.007,20.94,51
2026-07-06T03:03:26.997Z,2026-07-06T03:04:26.997Z,1,0.017,20.94,51
2026-07-06T03:04:27.163Z,2026-07-06T03:05:27.163Z,0,0.007,20.94,51
2026-07-06T03:05:27.226Z,2026-07-06T03:06:27.226Z,0,0.003,20.94,51
2026-07-06T03:06:27.391Z,2026-07-06T03:07:27.391Z,0,0.003,20.94,51
2026-07-06T03:25:29.815Z,2026-07-06T03:26:29.815Z,6,0.183,20.94,51
2026-07-06T03:26:29.980Z,2026-07-06T03:27:29.980Z,3,0.203,20.94,51
2026-07-06T03:27:30.144Z,2026-07-06T03:28:30.144Z,1,0.027,20.94,51
2026-07-06T03:28:30.210Z,2026-07-06T03:29:30.210Z,5,0.11,20.94,51
2026-07-06T03:29:30.374Z,2026-07-06T03:30:30.374Z,1,0.04,20.94,51
2026-07-06T03:30:30.638Z,2026-07-06T03:31:30.638Z,2,0.03,20.94,51
2026-07-06T03:32:30.967Z,2026-07-06T03:33:30.967Z,1,0.04,20.94,51
2026-07-06T03:33:31.032Z,2026-07-06T03:34:31.032Z,1,0.03,20.94,51
2026-07-06T03:34:31.196Z,2026-07-06T03:35:31.196Z,0,0.003,20.94,51
2026-07-06T03:35:31.361Z,2026-07-06T03:36:31.361Z,0,0.013,20.94,51
2026-07-06T03:37:31.589Z,2026-07-06T03:38:31.589Z,0,0.01,20.94,51
2026-07-06T04:01:34.637Z,2026-07-06T04:02:34.637Z,1,0.003,20.94,51
2026-07-06T04:06:35.359Z,2026-07-06T04:07:35.359Z,1,0.003,20.94,51
2026-07-06T04:08:35.588Z,2026-07-06T04:09:35.588Z,0,0.007,20.94,51
2026-07-06T04:10:35.818Z,2026-07-06T04:11:35.818Z,1,0.083,20.94,51
2026-07-06T04:34:38.964Z,2026-07-06T04:35:38.964Z,0,0.007,20.94,51
2026-07-06T04:35:39.029Z,2026-07-06T04:36:39.029Z,1,0.199,20.94,51
2026-07-06T04:37:39.358Z,2026-07-06T04:38:39.358Z,0,0.003,20.94,51
2026-07-06T04:38:39.423Z,2026-07-06T04:39:39.423Z,1,0.03,20.94,51
2026-07-06T04:41:39.816Z,2026-07-06T04:42:39.816Z,6,0.342,20.94,51
2026-07-06T04:42:39.980Z,2026-07-06T04:43:39.980Z,0,0.193,20.94,51
2026-07-06T04:48:40.767Z,2026-07-06T04:49:40.767Z,1,0.02,20.94,51
2026-07-06T04:51:41.161Z,2026-07-06T04:52:41.161Z,3,0.067,20.94,51
2026-07-06T04:52:41.226Z,2026-07-06T04:53:41.226Z,2,0.402,20.94,51
2026-07-06T04:53:41.390Z,2026-07-06T04:54:41.390Z,1,0.787,20.94,51
2026-07-06T04:54:41.555Z,2026-07-06T04:55:41.555Z,1,0.617,20.94,51
2026-07-06T04:55:41.619Z,2026-07-06T04:56:41.619Z,1,1.774,20.94,51
2026-07-06T04:56:41.783Z,2026-07-06T04:57:41.783Z,1,1.94,20.94,51
2026-07-06T04:57:41.947Z,2026-07-06T04:58:41.947Z,0,1.59,20.94,51
2026-07-06T04:58:42.013Z,2026-07-06T04:59:42.013Z,2,0.934,20.94,51
2026-07-06T04:59:42.177Z,2026-07-06T05:00:42.177Z,0,0.95,20.94,51
2026-07-06T05:00:42.342Z,2026-07-06T05:01:42.342Z,1,1.237,20.94,51
2026-07-06T05:01:42.405Z,2026-07-06T05:02:42.405Z,1,0.738,20.94,51
2026-07-06T05:07:43.193Z,2026-07-06T05:08:43.193Z,0,0.003,20.94,51
2026-07-06T05:09:43.421Z,2026-07-06T05:10:43.421Z,0,0.003,20.94,51
2026-07-06T05:17:44.437Z,2026-07-06T05:18:44.437Z,0,0.007,20.94,51
2026-07-06T05:30:46.174Z,2026-07-06T05:31:46.174Z,1,0.037,20.94,51
2026-07-06T05:53:49.157Z,2026-07-06T05:54:49.157Z,2,0.287,20.94,51
2026-07-06T05:54:49.221Z,2026-07-06T05:55:49.221Z,1,0.777,20.94,51
2026-07-06T05:55:49.387Z,2026-07-06T05:56:49.387Z,2,0.535,20.94,51
2026-07-06T05:56:49.551Z,2026-07-06T05:57:49.551Z,4,0.27,20.94,51
2026-07-06T05:57:49.615Z,2026-07-06T05:58:49.615Z,2,0.136,20.94,51
2026-07-06T05:58:49.779Z,2026-07-06T05:59:49.779Z,1,0.037,20.94,51
2026-07-06T05:59:49.944Z,2026-07-06T06:00:49.944Z,1,0.023,20.94,51
2026-07-06T06:01:50.173Z,2026-07-06T06:02:50.173Z,0,0.007,20.94,51
2026-07-06T06:05:50.631Z,2026-07-06T06:06:50.631Z,2,0.093,20.94,51
2026-07-06T06:07:50.960Z,2026-07-06T06:08:50.960Z,0,0.007,20.94,51
2026-07-06T06:32:54.171Z,2026-07-06T06:33:54.171Z,2,0.107,20.94,51
2026-07-06T06:46:55.973Z,2026-07-06T06:47:55.973Z,3,0.12,20.94,51
2026-07-06T06:47:56.029Z,2026-07-06T06:48:56.029Z,3,0.967,20.94,51
2026-07-06T06:48:56.194Z,2026-07-06T06:49:56.194Z,8,0.608,20.94,51
2026-07-06T06:49:56.367Z,2026-07-06T06:50:56.367Z,3,0.5,20.94,51
2026-07-06T06:50:56.431Z,2026-07-06T06:51:56.431Z,1,0.096,20.94,51
2026-07-06T06:51:56.595Z,2026-07-06T06:52:56.595Z,2,0.721,20.94,51
2026-07-06T06:52:56.753Z,2026-07-06T06:53:56.753Z,1,0.223,20.94,51
2026-07-06T06:57:57.382Z,2026-07-06T06:58:57.382Z,0,0.003,20.94,51
2026-07-06T07:00:57.776Z,2026-07-06T07:01:57.776Z,1,0.11,20.94,51
2026-07-06T07:01:57.940Z,2026-07-06T07:02:57.940Z,1,0.023,20.94,51
2026-07-06T07:02:58.006Z,2026-07-06T07:03:58.006Z,2,0.04,20.94,51
2026-07-06T07:03:58.161Z,2026-07-06T07:04:58.161Z,1,0.207,20.94,51
2026-07-06T07:04:58.233Z,2026-07-06T07:05:58.233Z,1,0.037,20.94,51
2026-07-06T07:05:58.398Z,2026-07-06T07:06:58.398Z,0,0.003,20.94,51
2026-07-06T07:06:58.562Z,2026-07-06T07:07:58.562Z,1,0.333,20.94,51
2026-07-06T07:07:58.628Z,2026-07-06T07:08:58.628Z,0,0.003,20.94,51
2026-07-06T07:08:58.792Z,2026-07-06T07:09:58.792Z,0,0.01,20.94,51
2026-07-06T07:09:58.957Z,2026-07-06T07:10:58.957Z,0,0.01,20.94,51
2026-07-06T07:10:59.020Z,2026-07-06T07:11:59.020Z,2,0.223,20.94,51
2026-07-06T07:11:59.177Z,2026-07-06T07:12:59.177Z,1,0.864,20.94,51
2026-07-06T07:12:59.342Z,2026-07-06T07:13:59.342Z,1,0.317,20.94,51
2026-07-06T07:13:59.414Z,2026-07-06T07:14:59.414Z,0,0.007,20.94,51
2026-07-06T07:14:59.578Z,2026-07-06T07:15:59.578Z,1,0.282,20.94,51
2026-07-06T07:15:59.743Z,2026-07-06T07:16:59.743Z,2,0.527,20.94,51
2026-07-06T07:16:59.799Z,2026-07-06T07:17:59.799Z,1,0.651,20.94,51
2026-07-06T07:17:59.973Z,2026-07-06T07:18:59.973Z,2,0.117,20.94,51
2026-07-06T07:48:03.806Z,2026-07-06T07:49:03.806Z,1,0.023,20.94,51
2026-07-06T07:49:03.970Z,2026-07-06T07:50:03.970Z,1,0.037,20.94,51
2026-07-06T07:55:04.757Z,2026-07-06T07:56:04.757Z,1,0.01,20.94,51
2026-07-06T07:56:04.822Z,2026-07-06T07:57:04.822Z,4,0.176,20.94,51
2026-07-06T08:01:05.543Z,2026-07-06T08:02:05.543Z,6,0.583,20.94,51
2026-07-06T08:02:05.592Z,2026-07-06T08:03:05.592Z,8,1.299,20.94,51
2026-07-06T08:03:05.747Z,2026-07-06T08:04:05.747Z,13,1.14,20.94,51
2026-07-06T08:04:05.821Z,2026-07-06T08:05:05.821Z,6,1.196,20.94,51
2026-07-06T08:05:05.993Z,2026-07-06T08:06:05.993Z,3,0.781,20.94,51
2026-07-06T19:10:32.002Z,2026-07-06T19:11:32.002Z,1,0.04,20.94,51
2026-07-06T19:15:32.625Z,2026-07-06T19:16:32.625Z,1,0.033,20.94,51
2026-07-06T19:16:32.789Z,2026-07-06T19:17:32.789Z,2,0.066,20.94,51
2026-07-06T19:17:32.944Z,2026-07-06T19:18:32.944Z,1,0.183,20.94,51
2026-07-06T19:18:33.009Z,2026-07-06T19:19:33.009Z,1,0.063,20.94,51
2026-07-06T23:08:02.555Z,2026-07-06T23:09:02.555Z,0,0.007,20.94,51
2026-07-06T23:09:02.618Z,2026-07-06T23:10:02.618Z,0,0.017,20.94,51
2026-07-06T23:10:02.783Z,2026-07-06T23:11:02.783Z,0,0.01,20.94,51
2026-07-06T23:13:03.177Z,2026-07-06T23:14:03.177Z,0,0.1,20.94,51
2026-07-06T23:14:03.341Z,2026-07-06T23:15:03.341Z,0,0.11,20.94,51
2026-07-06T23:17:03.634Z,2026-07-06T23:18:03.634Z,0,0.013,20.94,51
2026-07-06T23:18:03.799Z,2026-07-06T23:19:03.799Z,0,0.01,20.94,51
2026-07-07T00:14:11.009Z,2026-07-07T00:15:11.009Z,0,0.003,20.94,51
2026-07-07T00:17:11.403Z,2026-07-07T00:18:11.403Z,0,0.007,20.94,51
2026-07-07T00:20:11.796Z,2026-07-07T00:21:11.796Z,1,0.007,20.94,51
2026-07-07T00:23:12.190Z,2026-07-07T00:24:12.190Z,1,0.003,20.94,51
2026-07-07T00:34:13.598Z,2026-07-07T00:35:13.598Z,0,0.003,20.94,51
2026-07-07T01:12:18.549Z,2026-07-07T01:13:18.549Z,1,0.003,20.94,51
2026-07-07T01:55:24.019Z,2026-07-07T01:56:24.019Z,0,0.003,20.94,51
2026-07-07T01:57:24.348Z,2026-07-07T01:58:24.348Z,0,0.003,20.94,51
2026-07-07T02:01:24.806Z,2026-07-07T02:02:24.806Z,0,0.003,20.94,51
2026-07-07T02:06:25.428Z,2026-07-07T02:07:25.428Z,1,0.003,20.94,51
2026-07-07T02:10:25.986Z,2026-07-07T02:11:25.986Z,1,0.003,20.94,51
2026-07-07T02:13:26.380Z,2026-07-07T02:14:26.380Z,0,0.003,20.94,51
2026-07-07T02:14:26.545Z,2026-07-07T02:15:26.545Z,0,0.017,20.94,51
2026-07-07T02:19:27.167Z,2026-07-07T02:20:27.167Z,1,0.053,20.94,51
2026-07-07T02:58:32.180Z,2026-07-07T02:59:32.180Z,0,0.003,20.94,51
2026-07-07T02:59:32.345Z,2026-07-07T03:00:32.345Z,0,0.003,20.94,51
2026-07-07T03:01:32.573Z,2026-07-07T03:02:32.573Z,2,0.07,20.94,51
2026-07-07T03:02:32.838Z,2026-07-07T03:03:32.838Z,0,0.007,20.94,51
2026-07-07T03:03:33.003Z,2026-07-07T03:04:33.003Z,2,0.06,20.94,51
2026-07-07T03:04:33.167Z,2026-07-07T03:05:33.167Z,2,0.03,20.94,51
2026-07-07T03:37:37.394Z,2026-07-07T03:38:37.394Z,1,0.013,20.94,51
2026-07-07T03:40:37.788Z,2026-07-07T03:41:37.788Z,1,0.033,20.94,51
2026-07-07T03:55:39.755Z,2026-07-07T03:56:39.755Z,0,0.003,20.94,51
2026-07-07T04:03:40.769Z,2026-07-07T04:04:40.769Z,6,0.14,20.94,51
2026-07-07T04:04:40.835Z,2026-07-07T04:05:40.835Z,2,0.013,20.94,51
2026-07-07T04:05:40.999Z,2026-07-07T04:06:40.999Z,1,0.017,20.94,51
2026-07-07T04:10:41.621Z,2026-07-07T04:11:41.621Z,1,0.15,20.94,51
2026-07-07T04:11:41.786Z,2026-07-07T04:12:41.786Z,0,0.066,20.94,51
2026-07-07T04:13:42.015Z,2026-07-07T04:14:42.015Z,0,0.007,20.94,51
2026-07-07T04:27:43.816Z,2026-07-07T04:28:43.816Z,0,0.007,20.94,51
2026-07-07T04:31:44.375Z,2026-07-07T04:32:44.375Z,2,0.027,20.94,51
2026-07-07T04:51:46.963Z,2026-07-07T04:52:46.963Z,0,0.01,20.94,51
2026-07-07T04:55:47.421Z,2026-07-07T04:56:47.421Z,0,0.003,20.94,51
2026-07-07T04:57:47.750Z,2026-07-07T04:58:47.750Z,1,0.043,20.94,51
2026-07-07T05:22:50.961Z,2026-07-07T05:23:50.961Z,1,0.01,20.94,51
2026-07-07T05:25:51.355Z,2026-07-07T05:26:51.355Z,0,0.003,20.94,51
2026-07-07T05:26:51.420Z,2026-07-07T05:27:51.420Z,1,0.189,20.94,51
2026-07-07T05:28:51.749Z,2026-07-07T05:29:51.749Z,2,0.05,20.94,51
2026-07-07T05:30:51.977Z,2026-07-07T05:31:51.977Z,0,0.007,20.94,51
2026-07-07T05:34:52.436Z,2026-07-07T05:35:52.436Z,1,0.063,20.94,51
2026-07-07T05:41:53.387Z,2026-07-07T05:42:53.387Z,2,0.02,20.94,51
2026-07-07T05:42:53.551Z,2026-07-07T05:43:53.551Z,2,0.413,20.94,51
2026-07-07T05:43:53.615Z,2026-07-07T05:44:53.615Z,4,0.1,20.94,51
2026-07-07T05:44:53.813Z,2026-07-07T05:45:53.813Z,7,0.369,20.94,51
2026-07-07T05:45:53.977Z,2026-07-07T05:46:53.977Z,2,0.691,20.94,51
2026-07-07T05:46:54.142Z,2026-07-07T05:47:54.142Z,7,0.44,20.94,51
2026-07-07T05:47:54.207Z,2026-07-07T05:48:54.207Z,6,0.365,20.94,51
2026-07-07T05:48:54.371Z,2026-07-07T05:49:54.371Z,4,0.43,20.94,51
2026-07-07T05:49:54.436Z,2026-07-07T05:50:54.436Z,2,0.113,20.94,51
2026-07-07T05:50:54.599Z,2026-07-07T05:51:54.599Z,6,0.498,20.94,51
2026-07-07T05:51:54.765Z,2026-07-07T05:52:54.765Z,8,0.46,20.94,51
2026-07-07T05:52:54.828Z,2026-07-07T05:53:54.828Z,4,0.286,20.94,51
2026-07-07T05:53:54.993Z,2026-07-07T05:54:54.993Z,2,0.645,20.94,51
2026-07-07T05:54:55.157Z,2026-07-07T05:55:55.157Z,6,0.347,20.94,51
2026-07-07T05:55:55.223Z,2026-07-07T05:56:55.223Z,2,0.233,20.94,51
2026-07-07T05:56:55.387Z,2026-07-07T05:57:55.387Z,2,0.296,20.94,51
2026-07-07T05:57:55.552Z,2026-07-07T05:58:55.552Z,1,0.26,20.94,51
2026-07-07T05:58:55.615Z,2026-07-07T05:59:55.615Z,4,0.126,20.94,51
2026-07-07T05:59:55.780Z,2026-07-07T06:00:55.780Z,2,0.037,20.94,51
2026-07-07T06:46:01.744Z,2026-07-07T06:47:01.744Z,2,0.003,20.94,51
2026-07-07T07:15:05.414Z,2026-07-07T07:16:05.414Z,0,0.01,20.94,51
2026-07-07T07:16:05.578Z,2026-07-07T07:17:05.578Z,0,0.003,20.94,51
2026-07-07T07:17:05.743Z,2026-07-07T07:18:05.743Z,1,0.007,20.94,51
2026-07-07T07:18:05.808Z,2026-07-07T07:19:05.808Z,0,0.01,20.94,51
2026-07-07T07:21:06.201Z,2026-07-07T07:22:06.201Z,2,0.053,20.94,51
2026-07-07T07:22:06.365Z,2026-07-07T07:23:06.365Z,5,0.217,20.94,51
2026-07-07T07:23:06.430Z,2026-07-07T07:24:06.430Z,1,0.103,20.94,51
2026-07-07T07:29:07.217Z,2026-07-07T07:30:07.217Z,0,0.01,20.94,51
2026-07-07T07:35:08.003Z,2026-07-07T07:36:08.003Z,1,0.007,20.94,51
2026-07-07T07:36:08.160Z,2026-07-07T07:37:08.160Z,1,0.093,20.94,51
2026-07-07T07:37:08.224Z,2026-07-07T07:38:08.224Z,0,0.003,20.94,51
2026-07-07T07:39:08.553Z,2026-07-07T07:40:08.553Z,2,0.06,20.94,51
2026-07-07T07:42:08.947Z,2026-07-07T07:43:08.947Z,1,0.0,20.94,51
2026-07-07T07:50:09.963Z,2026-07-07T07:51:09.963Z,1,0.01,20.94,51
2026-07-07T08:21:13.960Z,2026-07-07T08:22:13.960Z,0,0.007,20.94,51
2026-07-07T10:43:32.214Z,2026-07-07T10:44:32.214Z,0,0.003,20.94,51
2026-07-07T19:20:38.780Z,2026-07-07T19:21:38.780Z,2,0.027,20.94,51
2026-07-07T19:21:38.944Z,2026-07-07T19:22:38.944Z,0,0.003,20.94,51
2026-07-07T22:58:06.943Z,2026-07-07T22:59:06.943Z,0,0.003,20.94,51
2026-07-07T23:08:08.187Z,2026-07-07T23:09:08.187Z,0,0.033,20.94,51
2026-07-07T23:09:08.351Z,2026-07-07T23:10:08.351Z,0,0.06,20.94,51
2026-07-07T23:10:08.415Z,2026-07-07T23:11:08.415Z,0,0.037,20.94,51
2026-07-07T23:11:08.581Z,2026-07-07T23:12:08.581Z,0,0.086,20.94,51
2026-07-07T23:12:08.744Z,2026-07-07T23:13:08.744Z,0,0.077,20.94,51
2026-07-07T23:54:14.153Z,2026-07-07T23:55:14.153Z,0,0.003,20.94,51
2026-07-08T00:00:14.938Z,2026-07-08T00:01:14.938Z,2,0.007,20.94,51
2026-07-08T00:03:15.233Z,2026-07-08T00:04:15.233Z,0,0.007,20.94,51
2026-07-08T00:09:16.019Z,2026-07-08T00:10:16.019Z,2,0.0,20.94,51
2026-07-08T00:29:18.608Z,2026-07-08T00:30:18.608Z,0,0.003,20.94,51
2026-07-08T00:38:19.789Z,2026-07-08T00:39:19.789Z,1,0.013,20.94,51
2026-07-08T00:45:20.740Z,2026-07-08T00:46:20.740Z,1,0.023,20.94,51
2026-07-08T00:47:20.969Z,2026-07-08T00:48:20.969Z,0,0.047,20.94,51
2026-07-08T00:48:21.158Z,2026-07-08T00:49:21.158Z,0,0.013,20.94,51
2026-07-08T00:49:21.232Z,2026-07-08T00:50:21.232Z,0,0.003,20.94,51
2026-07-08T00:55:22.019Z,2026-07-08T00:56:22.019Z,1,0.02,20.94,51
2026-07-08T00:56:22.183Z,2026-07-08T00:57:22.183Z,0,0.023,20.94,51
2026-07-08T00:57:22.346Z,2026-07-08T00:58:22.346Z,1,0.033,20.94,51
2026-07-08T00:58:22.411Z,2026-07-08T00:59:22.411Z,0,0.003,20.94,51
2026-07-08T00:59:22.575Z,2026-07-08T01:00:22.575Z,0,0.01,20.94,51
2026-07-08T01:05:23.362Z,2026-07-08T01:06:23.362Z,0,0.007,20.94,51
2026-07-08T01:11:24.150Z,2026-07-08T01:12:24.150Z,0,0.007,20.94,51
2026-07-08T01:14:24.542Z,2026-07-08T01:15:24.542Z,0,0.007,20.94,51
2026-07-08T01:17:24.836Z,2026-07-08T01:18:24.836Z,4,0.076,20.94,51
2026-07-08T01:18:24.993Z,2026-07-08T01:19:24.993Z,3,0.674,20.94,51
2026-07-08T01:19:25.157Z,2026-07-08T01:20:25.157Z,5,0.88,20.94,51
2026-07-08T01:20:25.221Z,2026-07-08T01:21:25.221Z,0,1.01,20.94,51
2026-07-08T01:21:25.385Z,2026-07-08T01:22:25.385Z,2,0.997,20.94,51
2026-07-08T01:22:25.551Z,2026-07-08T01:23:25.551Z,4,1.02,20.94,51
2026-07-08T01:23:25.615Z,2026-07-08T01:24:25.615Z,2,0.136,20.94,51
2026-07-08T01:24:25.779Z,2026-07-08T01:25:25.779Z,4,0.066,20.94,51
2026-07-08T01:25:25.944Z,2026-07-08T01:26:25.944Z,2,0.0,20.94,51
2026-07-08T01:26:26.009Z,2026-07-08T01:27:26.009Z,3,0.0,20.94,51
2026-07-08T01:27:26.180Z,2026-07-08T01:28:26.180Z,3,0.013,20.94,51
2026-07-08T01:28:26.345Z,2026-07-08T01:29:26.345Z,5,0.063,20.94,51
2026-07-08T01:29:26.410Z,2026-07-08T01:30:26.410Z,4,0.0,20.94,51
2026-07-08T01:30:26.575Z,2026-07-08T01:31:26.575Z,1,0.0,20.94,51
2026-07-08T01:31:26.739Z,2026-07-08T01:32:26.739Z,3,0.0,20.94,51
2026-07-08T01:32:26.803Z,2026-07-08T01:33:26.803Z,4,0.007,20.94,51
2026-07-08T01:33:26.967Z,2026-07-08T01:34:26.967Z,1,0.01,20.94,51
2026-07-08T01:36:27.361Z,2026-07-08T01:37:27.361Z,0,0.007,20.94,51
2026-07-08T01:37:27.426Z,2026-07-08T01:38:27.426Z,0,0.003,20.94,51
2026-07-08T01:49:28.999Z,2026-07-08T01:50:28.999Z,1,0.01,20.94,51
2026-07-08T02:16:32.539Z,2026-07-08T02:17:32.539Z,0,0.003,20.94,51
2026-07-08T02:33:34.634Z,2026-07-08T02:34:34.634Z,0,0.007,20.94,51
2026-07-08T02:37:35.193Z,2026-07-08T02:38:35.193Z,1,0.043,20.94,51
2026-07-08T02:38:35.348Z,2026-07-08T02:39:35.348Z,0,0.537,20.94,51
2026-07-08T02:50:36.831Z,2026-07-08T02:51:36.831Z,0,0.003,20.94,51
2026-07-08T02:53:37.224Z,2026-07-08T02:54:37.224Z,0,0.003,20.94,51
2026-07-08T02:58:37.947Z,2026-07-08T02:59:37.947Z,0,0.003,20.94,51
2026-07-08T02:59:38.010Z,2026-07-08T03:00:38.010Z,0,0.01,20.94,51
2026-07-08T03:05:38.798Z,2026-07-08T03:06:38.798Z,2,0.013,20.94,51
2026-07-08T03:06:38.963Z,2026-07-08T03:07:38.963Z,1,0.003,20.94,51
2026-07-08T03:07:39.026Z,2026-07-08T03:08:39.026Z,0,0.003,20.94,51
2026-07-08T03:09:39.355Z,2026-07-08T03:10:39.355Z,1,0.007,20.94,51
2026-07-08T03:10:39.421Z,2026-07-08T03:11:39.421Z,0,0.003,20.94,51
2026-07-08T03:12:39.750Z,2026-07-08T03:13:39.750Z,0,0.033,20.94,51
2026-07-08T03:43:43.747Z,2026-07-08T03:44:43.747Z,1,0.49,20.94,51
2026-07-08T03:49:44.434Z,2026-07-08T03:50:44.434Z,1,0.203,20.94,51
2026-07-08T03:50:44.598Z,2026-07-08T03:51:44.598Z,5,0.219,20.94,51
2026-07-08T03:51:44.756Z,2026-07-08T03:52:44.756Z,1,0.897,20.94,51
2026-07-08T03:52:44.819Z,2026-07-08T03:53:44.819Z,0,0.944,20.94,51
2026-07-08T03:53:44.984Z,2026-07-08T03:54:44.984Z,0,0.654,20.94,51
2026-07-08T03:54:45.157Z,2026-07-08T03:55:45.157Z,2,0.093,20.94,51
2026-07-08T03:55:45.213Z,2026-07-08T03:56:45.213Z,0,0.017,20.94,51
2026-07-08T04:01:46.009Z,2026-07-08T04:02:46.009Z,1,0.013,20.94,51
2026-07-08T04:05:46.565Z,2026-07-08T04:06:46.565Z,0,0.01,20.94,51
2026-07-08T04:06:46.631Z,2026-07-08T04:07:46.631Z,1,0.007,20.94,51
2026-07-08T04:08:46.960Z,2026-07-08T04:09:46.960Z,2,0.0,20.94,51
2026-07-08T04:09:47.023Z,2026-07-08T04:10:47.023Z,0,0.003,20.94,51
2026-07-08T04:11:47.352Z,2026-07-08T04:12:47.352Z,1,0.013,20.94,51
2026-07-08T04:17:48.140Z,2026-07-08T04:18:48.140Z,0,0.007,20.94,51
2026-07-08T04:20:48.434Z,2026-07-08T04:21:48.434Z,0,0.007,20.94,51
2026-07-08T04:21:48.598Z,2026-07-08T04:22:48.598Z,0,0.003,20.94,51
2026-07-08T04:37:50.630Z,2026-07-08T04:38:50.630Z,0,0.007,20.94,51
2026-07-08T04:56:53.154Z,2026-07-08T04:57:53.154Z,1,0.017,20.94,51
2026-07-08T04:57:53.219Z,2026-07-08T04:58:53.219Z,1,0.01,20.94,51
2026-07-08T05:16:55.743Z,2026-07-08T05:17:55.743Z,0,0.003,20.94,51
2026-07-08T05:18:55.973Z,2026-07-08T05:19:55.973Z,2,0.367,20.94,51
2026-07-08T05:19:56.038Z,2026-07-08T05:20:56.038Z,2,0.0,20.94,51
2026-07-08T05:20:56.201Z,2026-07-08T05:21:56.201Z,2,0.532,20.94,51
2026-07-08T05:21:56.367Z,2026-07-08T05:22:56.367Z,2,0.677,20.94,51
2026-07-08T05:22:56.430Z,2026-07-08T05:23:56.430Z,0,0.013,20.94,51
2026-07-08T05:24:56.759Z,2026-07-08T05:25:56.759Z,0,0.003,20.94,51
2026-07-08T05:25:56.825Z,2026-07-08T05:26:56.825Z,1,0.797,20.94,51
2026-07-08T05:26:56.980Z,2026-07-08T05:27:56.980Z,0,0.963,20.94,51
2026-07-08T05:27:57.153Z,2026-07-08T05:28:57.153Z,2,0.513,20.94,51
2026-07-08T05:28:57.217Z,2026-07-08T05:29:57.217Z,1,0.01,20.94,51
2026-07-08T05:34:58.005Z,2026-07-08T05:35:58.005Z,1,0.01,20.94,51
2026-07-08T05:43:59.184Z,2026-07-08T05:44:59.184Z,2,0.252,20.94,51
2026-07-08T05:44:59.341Z,2026-07-08T05:45:59.341Z,0,0.037,20.94,51
2026-07-08T05:46:59.578Z,2026-07-08T05:47:59.578Z,2,0.1,20.94,51
2026-07-08T06:00:01.217Z,2026-07-08T06:01:01.217Z,2,0.047,20.94,51
2026-07-08T06:02:01.546Z,2026-07-08T06:03:01.546Z,1,0.157,20.94,51
2026-07-08T06:47:07.345Z,2026-07-08T06:48:07.345Z,1,0.013,20.94,51
2026-07-08T06:49:07.575Z,2026-07-08T06:50:07.575Z,4,0.363,20.94,51
2026-07-08T06:50:07.631Z,2026-07-08T06:51:07.631Z,1,0.02,20.94,51
2026-07-08T06:51:07.803Z,2026-07-08T06:52:07.803Z,2,0.03,20.94,51
2026-07-08T06:52:07.960Z,2026-07-08T06:53:07.960Z,1,0.007,20.94,51
2026-07-08T06:56:08.427Z,2026-07-08T06:57:08.427Z,0,0.01,20.94,51
2026-07-08T07:00:08.984Z,2026-07-08T07:01:08.984Z,1,0.02,20.94,51
2026-07-08T07:05:09.607Z,2026-07-08T07:06:09.607Z,1,0.017,20.94,51
2026-07-08T07:08:10.000Z,2026-07-08T07:09:10.000Z,0,0.007,20.94,51
2026-07-08T07:26:12.361Z,2026-07-08T07:27:12.361Z,0,0.003,20.94,51
2026-07-08T07:33:13.211Z,2026-07-08T07:34:13.211Z,1,0.01,20.94,51
2026-07-08T07:42:14.391Z,2026-07-08T07:43:14.391Z,2,0.047,20.94,51
2026-07-08T07:44:14.621Z,2026-07-08T07:45:14.621Z,5,0.153,20.94,51
2026-07-08T07:45:14.776Z,2026-07-08T07:46:14.776Z,6,0.259,20.94,51
2026-07-08T07:46:14.940Z,2026-07-08T07:47:14.940Z,4,0.013,20.94,51
2026-07-08T08:14:18.546Z,2026-07-08T08:15:18.546Z,0,0.007,20.94,51
2026-07-08T08:15:18.609Z,2026-07-08T08:16:18.609Z,0,0.007,20.94,51
2026-07-08T08:22:19.562Z,2026-07-08T08:23:19.562Z,0,0.003,20.94,51
2026-07-08T08:23:19.625Z,2026-07-08T08:24:19.625Z,0,0.007,20.94,51
2026-07-08T08:25:19.954Z,2026-07-08T08:26:19.954Z,0,0.003,20.94,51
2026-07-08T08:39:21.756Z,2026-07-08T08:40:21.756Z,1,0.01,20.94,51
2026-07-08T16:31:22.595Z,2026-07-08T16:32:22.595Z,0,0.003,20.94,51
2026-07-08T19:26:45.203Z,2026-07-08T19:27:45.203Z,1,0.017,20.94,51
2026-07-08T19:27:45.367Z,2026-07-08T19:28:45.367Z,0,0.003,20.94,51
2026-07-09T01:02:28.371Z,2026-07-09T01:03:28.371Z,0,0.01,20.94,51
2026-07-09T01:17:30.338Z,2026-07-09T01:18:30.338Z,0,0.003,20.94,51
2026-07-09T01:20:30.631Z,2026-07-09T01:21:30.631Z,0,0.007,20.94,51
2026-07-09T01:21:30.796Z,2026-07-09T01:22:30.796Z,2,0.04,20.94,51
2026-07-09T01:25:31.362Z,2026-07-09T01:26:31.362Z,1,0.013,20.94,51
2026-07-09T01:56:35.351Z,2026-07-09T01:57:35.351Z,1,0.03,20.94,51
2026-07-09T01:58:35.589Z,2026-07-09T01:59:35.589Z,0,0.003,20.94,51
2026-07-09T02:17:38.013Z,2026-07-09T02:18:38.013Z,1,0.02,20.94,51
2026-07-09T02:25:39.029Z,2026-07-09T02:26:39.029Z,1,0.013,20.94,51
2026-07-09T02:49:42.168Z,2026-07-09T02:50:42.168Z,0,0.003,20.94,51
2026-07-09T02:55:42.963Z,2026-07-09T02:56:42.963Z,0,0.003,20.94,51
2026-07-09T03:31:47.584Z,2026-07-09T03:32:47.584Z,1,0.01,20.94,51
2026-07-09T03:32:47.749Z,2026-07-09T03:33:47.749Z,0,0.007,20.94,51
2026-07-09T03:44:49.213Z,2026-07-09T03:45:49.213Z,0,0.003,20.94,51
2026-07-09T04:03:51.746Z,2026-07-09T04:04:51.746Z,1,0.033,20.94,51
2026-07-09T04:04:51.811Z,2026-07-09T04:05:51.811Z,1,0.033,20.94,51
2026-07-09T04:07:52.204Z,2026-07-09T04:08:52.204Z,1,0.027,20.94,51
2026-07-09T04:43:57.025Z,2026-07-09T04:44:57.025Z,1,0.013,20.94,51
2026-07-09T04:44:57.190Z,2026-07-09T04:45:57.190Z,2,0.017,20.94,51
2026-07-09T04:48:57.747Z,2026-07-09T04:49:57.747Z,1,0.003,20.94,51
2026-07-09T04:49:57.803Z,2026-07-09T04:50:57.803Z,0,0.003,20.94,51
2026-07-09T04:51:58.141Z,2026-07-09T04:52:58.141Z,1,0.01,20.94,51
2026-07-09T05:21:01.811Z,2026-07-09T05:22:01.811Z,2,0.15,20.94,51
2026-07-09T05:22:01.974Z,2026-07-09T05:23:01.974Z,1,0.01,20.94,51
2026-07-09T05:43:04.628Z,2026-07-09T05:44:04.628Z,0,0.003,20.94,51
2026-07-09T05:44:04.792Z,2026-07-09T05:45:04.792Z,2,0.037,20.94,51
2026-07-09T05:45:04.957Z,2026-07-09T05:46:04.957Z,1,0.01,20.94,51
2026-07-09T05:47:05.187Z,2026-07-09T05:48:05.187Z,1,0.003,20.94,51
2026-07-09T05:50:05.579Z,2026-07-09T05:51:05.579Z,0,0.003,20.94,51
2026-07-09T05:51:05.744Z,2026-07-09T05:52:05.744Z,1,0.013,20.94,51
2026-07-09T05:52:05.809Z,2026-07-09T05:53:05.809Z,1,0.013,20.94,51
2026-07-09T05:53:05.973Z,2026-07-09T05:54:05.973Z,0,0.023,20.94,51
2026-07-09T05:55:06.203Z,2026-07-09T05:56:06.203Z,3,0.163,20.94,51
2026-07-09T05:57:06.430Z,2026-07-09T05:58:06.430Z,2,0.017,20.94,51
2026-07-09T05:58:06.595Z,2026-07-09T05:59:06.595Z,1,0.017,20.94,51
2026-07-09T05:59:06.759Z,2026-07-09T06:00:06.759Z,2,0.07,20.94,51
2026-07-09T06:00:06.825Z,2026-07-09T06:01:06.825Z,2,0.06,20.94,51
2026-07-09T06:03:07.217Z,2026-07-09T06:04:07.217Z,1,0.01,20.94,51
2026-07-09T06:04:07.382Z,2026-07-09T06:05:07.382Z,1,0.0,20.94,51
2026-07-09T06:17:09.020Z,2026-07-09T06:18:09.020Z,1,0.0,20.94,51
2026-07-09T06:22:09.743Z,2026-07-09T06:23:09.743Z,0,0.007,20.94,51
2026-07-09T06:51:13.413Z,2026-07-09T06:52:13.413Z,0,0.007,20.94,51
2026-07-09T06:55:13.970Z,2026-07-09T06:56:13.970Z,0,0.007,20.94,51
2026-07-09T06:56:14.035Z,2026-07-09T06:57:14.035Z,0,0.003,20.94,51
2026-07-09T07:01:14.756Z,2026-07-09T07:02:14.756Z,3,0.017,20.94,51
2026-07-09T07:02:14.822Z,2026-07-09T07:03:14.822Z,1,0.0,20.94,51
2026-07-09T07:04:15.150Z,2026-07-09T07:05:15.150Z,2,0.047,20.94,51
2026-07-09T07:05:15.214Z,2026-07-09T07:06:15.214Z,2,0.023,20.94,51
2026-07-09T07:31:18.591Z,2026-07-09T07:32:18.591Z,0,0.007,20.94,51
2026-07-09T07:46:20.549Z,2026-07-09T07:47:20.549Z,0,0.007,20.94,51
2026-07-09T07:59:22.187Z,2026-07-09T08:00:22.187Z,1,0.033,20.94,51
2026-07-09T08:14:24.354Z,2026-07-09T08:15:24.354Z,1,0.01,20.94,51
2026-07-09T08:58:29.989Z,2026-07-09T08:59:29.989Z,1,0.027,20.94,51
2026-07-09T19:18:50.022Z,2026-07-09T19:19:50.022Z,1,0.0,20.94,51
2026-07-10T01:46:40.144Z,2026-07-10T01:47:40.144Z,0,0.007,20.94,51
2026-07-10T01:58:41.627Z,2026-07-10T01:59:41.627Z,1,0.027,20.94,51
2026-07-10T02:54:48.836Z,2026-07-10T02:55:48.836Z,0,0.007,20.94,51
2026-07-10T04:14:59.194Z,2026-07-10T04:15:59.194Z,0,0.007,20.94,51
2026-07-10T04:15:59.358Z,2026-07-10T04:16:59.358Z,0,0.007,20.94,51
2026-07-10T04:18:59.759Z,2026-07-10T04:19:59.759Z,0,0.007,20.94,51
2026-07-10T16:42:35.576Z,2026-07-10T16:43:35.576Z,0,0.003,20.94,51
2026-07-12T05:24:19.223Z,2026-07-12T05:25:19.223Z,1,0.179,20.94,51
2026-07-12T06:43:29.407Z,2026-07-12T06:44:29.407Z,1,0.183,20.94,51
2026-07-12T06:44:29.572Z,2026-07-12T06:45:29.572Z,1,0.033,20.94,51
2026-07-12T19:23:07.164Z,2026-07-12T19:24:07.164Z,0,0.003,20.94,51
2026-07-12T19:32:08.344Z,2026-07-12T19:33:08.344Z,1,0.047,20.94,51
2026-07-13T00:18:45.161Z,2026-07-13T00:19:45.161Z,1,0.0,20.94,51
2026-07-13T00:24:45.947Z,2026-07-13T00:25:45.947Z,0,0.007,20.94,51
2026-07-13T01:05:51.190Z,2026-07-13T01:06:51.190Z,1,0.01,20.94,51
2026-07-13T01:28:54.174Z,2026-07-13T01:29:54.174Z,0,0.003,20.94,51
2026-07-13T01:31:54.566Z,2026-07-13T01:32:54.566Z,1,0.007,20.94,51
2026-07-13T01:32:54.631Z,2026-07-13T01:33:54.631Z,1,0.01,20.94,51
2026-07-13T01:47:56.598Z,2026-07-13T01:48:56.598Z,3,0.086,20.94,51
2026-07-13T01:48:56.762Z,2026-07-13T01:49:56.762Z,0,0.03,20.94,51
2026-07-13T01:49:56.826Z,2026-07-13T01:50:56.826Z,3,0.053,20.94,51
2026-07-13T02:12:59.809Z,2026-07-13T02:13:59.809Z,0,0.003,20.94,51
2026-07-13T02:21:00.825Z,2026-07-13T02:22:00.825Z,0,0.007,20.94,51
2026-07-13T02:26:01.546Z,2026-07-13T02:27:01.546Z,0,0.007,20.94,51
2026-07-13T02:27:01.611Z,2026-07-13T02:28:01.611Z,2,0.0,20.94,51
2026-07-13T02:30:02.005Z,2026-07-13T02:31:02.005Z,1,0.023,20.94,51
2026-07-13T02:35:02.760Z,2026-07-13T02:36:02.760Z,0,0.003,20.94,51
2026-07-13T02:37:02.990Z,2026-07-13T02:38:02.990Z,0,0.003,20.94,51
2026-07-13T02:38:03.154Z,2026-07-13T02:39:03.154Z,0,0.007,20.94,51
2026-07-13T02:39:03.219Z,2026-07-13T02:40:03.219Z,0,0.01,20.94,51
2026-07-13T02:44:03.940Z,2026-07-13T02:45:03.940Z,0,0.003,20.94,51
2026-07-13T02:47:04.233Z,2026-07-13T02:48:04.233Z,0,0.007,20.94,51
2026-07-13T02:57:05.578Z,2026-07-13T02:58:05.578Z,0,0.003,20.94,51
2026-07-13T03:53:12.788Z,2026-07-13T03:54:12.788Z,0,0.003,20.94,51
2026-07-13T03:55:13.016Z,2026-07-13T03:56:13.016Z,0,0.003,20.94,51
2026-07-13T03:56:13.181Z,2026-07-13T03:57:13.181Z,0,0.003,20.94,51
2026-07-13T03:59:13.575Z,2026-07-13T04:00:13.575Z,1,0.017,20.94,51
2026-07-13T04:04:14.197Z,2026-07-13T04:05:14.197Z,0,0.003,20.94,51
2026-07-13T04:08:14.756Z,2026-07-13T04:09:14.756Z,0,0.003,20.94,51
2026-07-13T04:11:15.148Z,2026-07-13T04:12:15.148Z,0,0.007,20.94,51
2026-07-13T04:14:15.542Z,2026-07-13T04:15:15.542Z,0,0.007,20.94,51
2026-07-13T04:32:17.802Z,2026-07-13T04:33:17.802Z,0,0.003,20.94,51
2026-07-13T04:40:18.818Z,2026-07-13T04:41:18.818Z,1,0.01,20.94,51
2026-07-13T04:53:20.555Z,2026-07-13T04:54:20.555Z,0,0.003,20.94,51
2026-07-13T04:54:20.621Z,2026-07-13T04:55:20.621Z,1,0.0,20.94,51
2026-07-13T04:56:20.950Z,2026-07-13T04:57:20.950Z,0,0.003,20.94,51
2026-07-13T04:57:21.013Z,2026-07-13T04:58:21.013Z,0,0.007,20.94,51
2026-07-13T04:58:21.178Z,2026-07-13T04:59:21.178Z,0,0.003,20.94,51
2026-07-13T05:00:21.407Z,2026-07-13T05:01:21.407Z,0,0.007,20.94,51
2026-07-13T05:02:21.637Z,2026-07-13T05:03:21.637Z,0,0.003,20.94,51
2026-07-13T05:03:21.801Z,2026-07-13T05:04:21.801Z,0,0.003,20.94,51
2026-07-13T05:11:22.816Z,2026-07-13T05:12:22.816Z,0,0.013,20.94,51
2026-07-13T05:12:22.980Z,2026-07-13T05:13:22.980Z,0,0.003,20.94,51
2026-07-13T05:37:26.191Z,2026-07-13T05:38:26.191Z,0,0.007,20.94,51
2026-07-13T05:38:26.357Z,2026-07-13T05:39:26.357Z,0,0.003,20.94,51
2026-07-13T05:43:26.979Z,2026-07-13T05:44:26.979Z,0,0.007,20.94,51
2026-07-13T05:57:28.782Z,2026-07-13T05:58:28.782Z,0,0.007,20.94,51
2026-07-13T06:03:29.568Z,2026-07-13T06:04:29.568Z,1,0.027,20.94,51
2026-07-13T06:05:29.796Z,2026-07-13T06:06:29.796Z,1,0.007,20.94,51
2026-07-13T06:08:30.190Z,2026-07-13T06:09:30.190Z,1,0.023,20.94,51
2026-07-13T06:11:30.584Z,2026-07-13T06:12:30.584Z,0,0.003,20.94,51
2026-07-13T06:13:30.812Z,2026-07-13T06:14:30.812Z,0,0.003,20.94,51
2026-07-13T06:14:30.976Z,2026-07-13T06:15:30.976Z,0,0.003,20.94,51
2026-07-13T06:15:31.141Z,2026-07-13T06:16:31.141Z,3,0.017,20.94,51
2026-07-13T06:34:33.565Z,2026-07-13T06:35:33.565Z,0,0.003,20.94,51
2026-07-13T06:48:35.359Z,2026-07-13T06:49:35.359Z,0,0.003,20.94,51
2026-07-13T06:49:35.424Z,2026-07-13T06:50:35.424Z,0,0.003,20.94,51
2026-07-13T06:50:35.588Z,2026-07-13T06:51:35.588Z,2,0.023,20.94,51
2026-07-13T07:02:37.171Z,2026-07-13T07:03:37.171Z,1,0.02,20.94,51
2026-07-13T07:05:37.555Z,2026-07-13T07:06:37.555Z,1,0.0,20.94,51
2026-07-13T07:06:37.619Z,2026-07-13T07:07:37.619Z,1,0.08,20.94,51
2026-07-13T07:08:37.948Z,2026-07-13T07:09:37.948Z,1,0.017,20.94,51
2026-07-13T07:18:39.194Z,2026-07-13T07:19:39.194Z,1,0.037,20.94,51
2026-07-13T07:19:39.358Z,2026-07-13T07:20:39.358Z,0,0.01,20.94,51
2026-07-13T07:20:39.423Z,2026-07-13T07:21:39.423Z,0,0.003,20.94,51
2026-07-13T07:23:39.815Z,2026-07-13T07:24:39.815Z,0,0.003,20.94,51
2026-07-13T07:24:39.980Z,2026-07-13T07:25:39.980Z,1,0.558,20.94,51
2026-07-13T07:25:40.144Z,2026-07-13T07:26:40.144Z,0,0.007,20.94,51
2026-07-13T07:28:40.638Z,2026-07-13T07:29:40.638Z,1,0.007,20.94,51
2026-07-13T07:30:40.967Z,2026-07-13T07:31:40.967Z,3,0.383,20.94,51
2026-07-13T07:31:41.023Z,2026-07-13T07:32:41.023Z,2,1.894,20.94,51
2026-07-13T07:32:41.187Z,2026-07-13T07:33:41.187Z,5,1.91,20.94,51
2026-07-13T07:33:41.351Z,2026-07-13T07:34:41.351Z,3,1.847,20.94,51
2026-07-13T07:34:41.417Z,2026-07-13T07:35:41.417Z,3,0.91,20.94,51
2026-07-13T07:35:41.581Z,2026-07-13T07:36:41.581Z,0,2.003,20.94,51
2026-07-13T07:36:41.637Z,2026-07-13T07:37:41.637Z,0,1.924,20.94,51
2026-07-13T07:37:41.802Z,2026-07-13T07:38:41.802Z,1,1.153,20.94,51
2026-07-13T07:38:41.973Z,2026-07-13T07:39:41.973Z,0,0.897,20.94,51
2026-07-13T07:39:42.138Z,2026-07-13T07:40:42.138Z,4,0.69,20.94,51
2026-07-13T07:40:42.211Z,2026-07-13T07:41:42.211Z,3,0.0,20.94,51
2026-07-13T07:41:42.375Z,2026-07-13T07:42:42.375Z,5,0.053,20.94,51
2026-07-13T07:42:42.431Z,2026-07-13T07:43:42.431Z,1,0.1,20.94,51
2026-07-13T07:44:42.769Z,2026-07-13T07:45:42.769Z,1,0.947,20.94,51
2026-07-13T07:45:42.834Z,2026-07-13T07:46:42.834Z,0,1.0,20.94,51
2026-07-13T07:46:42.997Z,2026-07-13T07:47:42.997Z,0,0.505,20.94,51
2026-07-13T07:50:43.555Z,2026-07-13T07:51:43.555Z,2,0.423,20.94,51
2026-07-13T07:51:43.621Z,2026-07-13T07:52:43.621Z,0,1.0,20.94,51
2026-07-13T07:52:43.785Z,2026-07-13T07:53:43.785Z,0,1.0,20.94,51
2026-07-13T07:53:43.950Z,2026-07-13T07:54:43.950Z,0,1.0,20.94,51
2026-07-13T07:54:44.013Z,2026-07-13T07:55:44.013Z,0,0.973,20.94,51
2026-07-13T08:07:45.752Z,2026-07-13T08:08:45.752Z,0,0.01,20.94,51
2026-07-13T08:08:45.816Z,2026-07-13T08:09:45.816Z,0,0.003,20.94,51
2026-07-13T08:16:46.832Z,2026-07-13T08:17:46.832Z,1,0.007,20.94,51
2026-07-13T08:19:47.226Z,2026-07-13T08:20:47.226Z,0,0.007,20.94,51
2026-07-13T08:21:47.555Z,2026-07-13T08:22:47.555Z,1,0.12,20.94,51
2026-07-13T08:23:47.782Z,2026-07-13T08:24:47.782Z,1,0.013,20.94,51
2026-07-13T08:24:47.947Z,2026-07-13T08:25:47.947Z,0,0.003,20.94,51
2026-07-13T08:30:48.634Z,2026-07-13T08:31:48.634Z,1,0.0,20.94,51
2026-07-13T08:31:48.799Z,2026-07-13T08:32:48.799Z,1,0.0,20.94,51
2026-07-13T08:32:48.963Z,2026-07-13T08:33:48.963Z,0,0.007,20.94,51
2026-07-13T08:34:49.193Z,2026-07-13T08:35:49.193Z,0,0.007,20.94,51
2026-07-13T08:38:49.750Z,2026-07-13T08:39:49.750Z,1,0.017,20.94,51
2026-07-13T08:42:50.207Z,2026-07-13T08:43:50.207Z,1,0.01,20.94,51
2026-07-13T08:43:50.372Z,2026-07-13T08:44:50.372Z,1,0.017,20.94,51
2026-07-13T08:44:50.428Z,2026-07-13T08:45:50.428Z,2,0.302,20.94,51
2026-07-13T08:46:50.766Z,2026-07-13T08:47:50.766Z,0,0.01,20.94,51
2026-07-13T08:48:50.994Z,2026-07-13T08:49:50.994Z,1,0.01,20.94,51
2026-07-13T09:01:52.632Z,2026-07-13T09:02:52.632Z,3,0.003,20.94,51
2026-07-13T19:19:12.035Z,2026-07-13T19:20:12.035Z,1,0.003,20.94,51
2026-07-13T19:20:12.200Z,2026-07-13T19:21:12.200Z,2,0.086,20.94,51
2026-07-13T19:21:12.364Z,2026-07-13T19:22:12.364Z,1,0.013,20.94,51
2026-07-13T19:27:13.151Z,2026-07-13T19:28:13.151Z,0,0.003,20.94,51
2026-07-14T00:21:50.984Z,2026-07-14T00:22:50.984Z,0,0.007,20.94,51
2026-07-14T00:24:51.378Z,2026-07-14T00:25:51.378Z,0,0.007,20.94,51
2026-07-14T00:32:52.394Z,2026-07-14T00:33:52.394Z,1,0.007,20.94,51
2026-07-14T00:43:53.802Z,2026-07-14T00:44:53.802Z,0,0.003,20.94,51
2026-07-14T01:10:57.342Z,2026-07-14T01:11:57.342Z,2,0.633,20.94,51
2026-07-14T01:11:57.407Z,2026-07-14T01:12:57.407Z,4,0.086,20.94,51
2026-07-14T01:12:57.572Z,2026-07-14T01:13:57.572Z,0,0.007,20.94,51
2026-07-14T01:13:57.637Z,2026-07-14T01:14:57.637Z,0,0.003,20.94,51
2026-07-14T01:15:57.964Z,2026-07-14T01:16:57.964Z,0,0.003,20.94,51
2026-07-14T01:18:58.358Z,2026-07-14T01:19:58.358Z,0,0.007,20.94,51
2026-07-14T01:26:59.374Z,2026-07-14T01:27:59.374Z,0,0.007,20.94,51
2026-07-14T01:28:59.602Z,2026-07-14T01:29:59.602Z,1,0.01,20.94,51
2026-07-14T01:40:01.013Z,2026-07-14T01:41:01.013Z,0,0.003,20.94,51
2026-07-14T01:50:02.357Z,2026-07-14T01:51:02.357Z,1,0.013,20.94,51
2026-07-14T01:55:03.003Z,2026-07-14T01:56:03.003Z,0,0.003,20.94,51
2026-07-14T01:56:03.168Z,2026-07-14T01:57:03.168Z,1,0.013,20.94,51
2026-07-14T01:57:03.341Z,2026-07-14T01:58:03.341Z,2,0.043,20.94,51
2026-07-14T02:01:03.790Z,2026-07-14T02:02:03.790Z,0,0.007,20.94,51
2026-07-14T02:02:03.956Z,2026-07-14T02:03:03.956Z,0,0.007,20.94,51
2026-07-14T02:11:05.036Z,2026-07-14T02:12:05.036Z,0,0.003,20.94,51
2026-07-14T02:19:06.151Z,2026-07-14T02:20:06.151Z,0,0.003,20.94,51
2026-07-14T02:27:07.176Z,2026-07-14T02:28:07.176Z,0,0.01,20.94,51
2026-07-14T02:43:09.198Z,2026-07-14T02:44:09.198Z,0,0.003,20.94,51
2026-07-14T02:44:09.362Z,2026-07-14T02:45:09.362Z,0,0.013,20.94,51
2026-07-14T02:45:09.427Z,2026-07-14T02:46:09.427Z,0,0.007,20.94,51
2026-07-14T02:46:09.592Z,2026-07-14T02:47:09.592Z,0,0.01,20.94,51
2026-07-14T02:47:09.756Z,2026-07-14T02:48:09.756Z,0,0.017,20.94,51
2026-07-14T02:48:09.821Z,2026-07-14T02:49:09.821Z,0,0.01,20.94,51
2026-07-14T02:50:10.150Z,2026-07-14T02:51:10.150Z,0,0.01,20.94,51
2026-07-14T02:51:10.213Z,2026-07-14T02:52:10.213Z,0,0.01,20.94,51
2026-07-14T02:57:11.000Z,2026-07-14T02:58:11.000Z,2,0.023,20.94,51
2026-07-14T02:58:11.165Z,2026-07-14T02:59:11.165Z,0,0.007,20.94,51
2026-07-14T02:59:11.230Z,2026-07-14T03:00:11.230Z,0,0.023,20.94,51
2026-07-14T03:00:11.394Z,2026-07-14T03:01:11.394Z,1,0.017,20.94,51
2026-07-14T03:29:15.173Z,2026-07-14T03:30:15.173Z,0,0.003,20.94,51
2026-07-14T03:55:18.540Z,2026-07-14T03:56:18.540Z,0,0.003,20.94,51
2026-07-14T03:59:19.006Z,2026-07-14T04:00:19.006Z,1,0.007,20.94,51
2026-07-14T04:01:19.236Z,2026-07-14T04:02:19.236Z,1,0.007,20.94,51
2026-07-14T04:02:19.391Z,2026-07-14T04:03:19.391Z,2,0.023,20.94,51
2026-07-14T04:03:19.556Z,2026-07-14T04:04:19.556Z,4,0.097,20.94,51
2026-07-14T04:04:19.621Z,2026-07-14T04:05:19.621Z,1,0.017,20.94,51
2026-07-14T04:05:19.786Z,2026-07-14T04:06:19.786Z,3,0.037,20.94,51
2026-07-14T04:09:20.344Z,2026-07-14T04:10:20.344Z,0,0.01,20.94,51
2026-07-14T04:22:21.990Z,2026-07-14T04:23:21.990Z,2,0.02,20.94,51
2026-07-14T04:27:22.612Z,2026-07-14T04:28:22.612Z,0,0.003,20.94,51
2026-07-14T04:35:23.619Z,2026-07-14T04:36:23.619Z,0,0.007,20.94,51
2026-07-14T04:56:26.381Z,2026-07-14T04:57:26.381Z,0,0.007,20.94,51
2026-07-14T05:04:27.390Z,2026-07-14T05:05:27.390Z,0,0.01,20.94,51
2026-07-14T05:06:27.618Z,2026-07-14T05:07:27.618Z,0,0.003,20.94,51
2026-07-14T05:09:28.012Z,2026-07-14T05:10:28.012Z,0,0.003,20.94,51
2026-07-14T05:26:30.217Z,2026-07-14T05:27:30.217Z,0,0.007,20.94,51
2026-07-14T05:31:30.938Z,2026-07-14T05:32:30.938Z,0,0.007,20.94,51
2026-07-14T05:33:31.167Z,2026-07-14T05:34:31.167Z,2,0.007,20.94,51
2026-07-14T05:34:31.223Z,2026-07-14T05:35:31.223Z,3,0.611,20.94,51
2026-07-14T05:35:31.388Z,2026-07-14T05:36:31.388Z,5,0.857,20.94,51
2026-07-14T05:36:31.552Z,2026-07-14T05:37:31.552Z,4,0.323,20.94,51
2026-07-14T05:37:31.617Z,2026-07-14T05:38:31.617Z,0,1.0,20.94,51
2026-07-14T05:38:31.782Z,2026-07-14T05:39:31.782Z,0,1.0,20.94,51
2026-07-14T05:39:31.946Z,2026-07-14T05:40:31.946Z,2,0.82,20.94,51
2026-07-14T05:40:32.010Z,2026-07-14T05:41:32.010Z,2,0.312,20.94,51
2026-07-14T05:41:32.183Z,2026-07-14T05:42:32.183Z,2,0.817,20.94,51
2026-07-14T05:42:32.338Z,2026-07-14T05:43:32.338Z,0,1.0,20.94,51
2026-07-14T05:43:32.404Z,2026-07-14T05:44:32.404Z,0,1.0,20.94,51
2026-07-14T05:44:32.568Z,2026-07-14T05:45:32.568Z,0,1.01,20.94,51
2026-07-14T05:45:32.632Z,2026-07-14T05:46:32.632Z,0,1.0,20.94,51
2026-07-14T05:46:32.796Z,2026-07-14T05:47:32.796Z,0,1.0,20.94,51
2026-07-14T05:47:32.961Z,2026-07-14T05:48:32.961Z,1,0.833,20.94,51
2026-07-14T05:48:33.026Z,2026-07-14T05:49:33.026Z,1,0.741,20.94,51
2026-07-14T05:49:33.190Z,2026-07-14T05:50:33.190Z,1,0.319,20.94,51
2026-07-14T05:50:33.355Z,2026-07-14T05:51:33.355Z,1,0.897,20.94,51
2026-07-14T05:51:33.420Z,2026-07-14T05:52:33.420Z,0,1.0,20.94,51
2026-07-14T05:52:33.584Z,2026-07-14T05:53:33.584Z,0,0.475,20.94,51
2026-07-14T05:54:33.812Z,2026-07-14T05:55:33.812Z,1,0.02,20.94,51
2026-07-14T05:55:33.976Z,2026-07-14T05:56:33.976Z,1,0.023,20.94,51
2026-07-14T05:56:34.141Z,2026-07-14T05:57:34.141Z,1,0.023,20.94,51
2026-07-14T05:57:34.206Z,2026-07-14T05:58:34.206Z,2,0.618,20.94,51
2026-07-14T05:58:34.371Z,2026-07-14T05:59:34.371Z,0,0.573,20.94,51
2026-07-14T05:59:34.434Z,2026-07-14T06:00:34.434Z,3,0.12,20.94,51
2026-07-14T06:04:35.157Z,2026-07-14T06:05:35.157Z,1,0.017,20.94,51
2026-07-14T06:05:35.221Z,2026-07-14T06:06:35.221Z,1,0.047,20.94,51
2026-07-14T06:06:35.385Z,2026-07-14T06:07:35.385Z,3,0.0,20.94,51
2026-07-14T06:08:35.615Z,2026-07-14T06:09:35.615Z,0,0.013,20.94,51
2026-07-14T06:14:36.401Z,2026-07-14T06:15:36.401Z,0,0.003,20.94,51
2026-07-14T06:15:36.566Z,2026-07-14T06:16:36.566Z,1,0.603,20.94,51
2026-07-14T06:27:38.140Z,2026-07-14T06:28:38.140Z,2,0.02,20.94,51
2026-07-14T06:28:38.204Z,2026-07-14T06:29:38.204Z,1,0.033,20.94,51
2026-07-14T06:29:38.368Z,2026-07-14T06:30:38.368Z,0,0.003,20.94,51
2026-07-14T06:30:38.434Z,2026-07-14T06:31:38.434Z,0,0.01,20.94,51
2026-07-14T06:32:38.763Z,2026-07-14T06:33:38.763Z,0,0.003,20.94,51
2026-07-14T06:35:39.164Z,2026-07-14T06:36:39.164Z,1,0.137,20.94,51
2026-07-14T06:36:39.229Z,2026-07-14T06:37:39.229Z,1,0.007,20.94,51
2026-07-14T06:57:41.973Z,2026-07-14T06:58:41.973Z,1,0.02,20.94,51
2026-07-14T07:01:42.431Z,2026-07-14T07:02:42.431Z,1,0.013,20.94,51
2026-07-14T07:06:43.154Z,2026-07-14T07:07:43.154Z,0,0.007,20.94,51
2026-07-14T07:07:43.217Z,2026-07-14T07:08:43.217Z,1,0.007,20.94,51
2026-07-14T07:12:43.940Z,2026-07-14T07:13:43.940Z,0,0.003,20.94,51
2026-07-14T07:13:44.005Z,2026-07-14T07:14:44.005Z,1,0.007,20.94,51
2026-07-14T07:23:45.348Z,2026-07-14T07:24:45.348Z,3,0.067,20.94,51
2026-07-14T07:29:46.036Z,2026-07-14T07:30:46.036Z,0,0.01,20.94,51
2026-07-14T07:32:46.430Z,2026-07-14T07:33:46.430Z,2,0.013,20.94,51
2026-07-14T07:33:46.594Z,2026-07-14T07:34:46.594Z,1,0.01,20.94,51
2026-07-14T07:48:48.561Z,2026-07-14T07:49:48.561Z,0,0.003,20.94,51
2026-07-14T07:51:48.953Z,2026-07-14T07:52:48.953Z,0,0.007,20.94,51
2026-07-14T08:08:51.150Z,2026-07-14T08:09:51.150Z,0,0.003,20.94,51
2026-07-14T08:54:57.015Z,2026-07-14T08:55:57.015Z,1,0.013,20.94,51
2026-07-14T08:56:57.344Z,2026-07-14T08:57:57.344Z,1,0.173,20.94,51
2026-07-14T08:57:57.408Z,2026-07-14T08:58:57.408Z,0,0.096,20.94,51
2026-07-14T09:16:59.834Z,2026-07-14T09:17:59.834Z,0,0.003,20.94,51
2026-07-14T16:30:55.822Z,2026-07-14T16:31:55.822Z,0,0.003,20.94,51
2026-07-14T19:19:17.571Z,2026-07-14T19:20:17.571Z,0,0.003,20.94,51
2026-07-14T19:28:18.750Z,2026-07-14T19:29:18.750Z,1,0.127,20.94,51
2026-07-14T19:29:18.815Z,2026-07-14T19:30:18.815Z,1,0.003,20.94,51
2026-07-14T23:34:50.391Z,2026-07-14T23:35:50.391Z,0,0.003,20.94,51
2026-07-15T00:11:55.375Z,2026-07-15T00:12:55.375Z,1,0.01,20.94,51
2026-07-15T00:14:55.769Z,2026-07-15T00:15:55.769Z,2,0.023,20.94,51
2026-07-15T00:20:56.582Z,2026-07-15T00:21:56.582Z,0,0.003,20.94,51
2026-07-15T00:43:59.563Z,2026-07-15T00:44:59.563Z,0,0.007,20.94,51
2026-07-15T00:55:00.973Z,2026-07-15T00:56:00.973Z,1,0.05,20.94,51
2026-07-15T01:40:55.243Z,2026-07-15T01:41:55.243Z,1,0.01,20.94,51
2026-07-15T01:46:55.927Z,2026-07-15T01:47:55.927Z,0,0.003,20.94,51
2026-07-15T01:50:56.486Z,2026-07-15T01:51:56.486Z,0,0.007,20.94,51
2026-07-15T02:36:02.293Z,2026-07-15T02:37:02.293Z,0,0.007,20.94,51
2026-07-15T02:47:03.694Z,2026-07-15T02:48:03.694Z,1,0.007,20.94,51
2026-07-15T02:50:04.088Z,2026-07-15T02:51:04.088Z,1,0.007,20.94,51
2026-07-15T02:51:04.252Z,2026-07-15T02:52:04.252Z,0,0.01,20.94,51
2026-07-15T02:56:04.881Z,2026-07-15T02:57:04.881Z,0,0.02,20.94,51
2026-07-15T02:58:05.109Z,2026-07-15T02:59:05.109Z,2,0.037,20.94,51
2026-07-15T02:59:05.275Z,2026-07-15T03:00:05.275Z,1,0.013,20.94,51
2026-07-15T03:13:07.076Z,2026-07-15T03:14:07.076Z,0,0.003,20.94,51
2026-07-15T03:23:08.322Z,2026-07-15T03:24:08.322Z,0,0.007,20.94,51
2026-07-15T03:51:11.927Z,2026-07-15T03:52:11.927Z,0,0.003,20.94,51
2026-07-15T03:52:12.092Z,2026-07-15T03:53:12.092Z,0,0.003,20.94,51
2026-07-15T03:57:12.713Z,2026-07-15T03:58:12.713Z,0,0.003,20.94,51
2026-07-15T04:01:13.272Z,2026-07-15T04:02:13.272Z,0,0.003,20.94,51
2026-07-15T04:03:13.493Z,2026-07-15T04:04:13.493Z,0,0.007,20.94,51
2026-07-15T04:04:13.657Z,2026-07-15T04:05:13.657Z,0,0.003,20.94,51
2026-07-15T04:11:14.507Z,2026-07-15T04:12:14.507Z,3,0.013,20.94,51
2026-07-15T04:22:15.924Z,2026-07-15T04:23:15.924Z,0,0.003,20.94,51
2026-07-15T04:23:16.088Z,2026-07-15T04:24:16.088Z,1,0.047,20.94,51
2026-07-15T04:34:17.496Z,2026-07-15T04:35:17.496Z,0,0.003,20.94,51
2026-07-15T04:38:18.055Z,2026-07-15T04:39:18.055Z,1,0.003,20.94,51
2026-07-15T04:39:18.118Z,2026-07-15T04:40:18.118Z,0,0.003,20.94,51
2026-07-15T04:49:19.463Z,2026-07-15T04:50:19.463Z,0,0.007,20.94,51
2026-07-15T04:51:19.691Z,2026-07-15T04:52:19.691Z,1,0.023,20.94,51
2026-07-15T05:03:21.266Z,2026-07-15T05:04:21.266Z,0,0.007,20.94,51
2026-07-15T05:06:21.658Z,2026-07-15T05:07:21.658Z,0,0.013,20.94,51
2026-07-15T05:13:22.509Z,2026-07-15T05:14:22.509Z,0,0.01,20.94,51
2026-07-15T05:14:22.665Z,2026-07-15T05:15:22.665Z,1,0.0,20.94,51
2026-07-15T05:16:22.894Z,2026-07-15T05:17:22.894Z,0,0.007,20.94,51
2026-07-15T05:33:25.091Z,2026-07-15T05:34:25.091Z,1,0.013,20.94,51
2026-07-15T05:34:25.263Z,2026-07-15T05:35:25.263Z,0,0.003,20.94,51
2026-07-15T05:58:28.503Z,2026-07-15T05:59:28.503Z,0,0.007,20.94,51
2026-07-15T06:28:32.437Z,2026-07-15T06:29:32.437Z,1,0.01,20.94,51
2026-07-15T06:31:32.829Z,2026-07-15T06:32:32.829Z,1,0.01,20.94,51
2026-07-15T06:35:33.288Z,2026-07-15T06:36:33.288Z,2,0.023,20.94,51
2026-07-15T06:42:34.240Z,2026-07-15T06:43:34.240Z,0,0.003,20.94,51
2026-07-15T06:45:34.632Z,2026-07-15T06:46:34.632Z,0,0.007,20.94,51
2026-07-15T06:46:34.697Z,2026-07-15T06:47:34.697Z,0,0.003,20.94,51
2026-07-15T06:54:35.713Z,2026-07-15T06:55:35.713Z,0,0.003,20.94,51
2026-07-15T06:56:36.042Z,2026-07-15T06:57:36.042Z,1,0.003,20.94,51
2026-07-15T06:57:36.105Z,2026-07-15T06:58:36.105Z,3,0.385,20.94,51
2026-07-15T07:03:36.892Z,2026-07-15T07:04:36.892Z,0,0.003,20.94,51
2026-07-15T07:06:37.286Z,2026-07-15T07:07:37.286Z,0,0.007,20.94,51
2026-07-15T07:09:37.678Z,2026-07-15T07:10:37.678Z,0,0.003,20.94,51
2026-07-15T07:10:37.844Z,2026-07-15T07:11:37.844Z,0,0.003,20.94,51
2026-07-15T09:23:54.926Z,2026-07-15T09:24:54.926Z,1,0.0,20.94,51
2026-07-15T11:39:12.309Z,2026-07-15T11:40:12.309Z,0,0.003,20.94,51
2026-07-15T18:01:01.467Z,2026-07-15T18:02:01.467Z,0,0.003,20.94,51
2026-07-15T19:19:11.512Z,2026-07-15T19:20:11.512Z,1,0.003,20.94,51
2026-07-15T19:21:11.841Z,2026-07-15T19:22:11.841Z,3,0.01,20.94,51
2026-07-15T23:14:41.845Z,2026-07-15T23:15:41.845Z,0,0.003,20.94,51
2026-07-15T23:15:41.910Z,2026-07-15T23:16:41.910Z,0,0.003,20.94,51
2026-07-15T23:16:42.073Z,2026-07-15T23:17:42.073Z,0,0.495,20.94,51
2026-07-15T23:17:42.239Z,2026-07-15T23:18:42.239Z,0,0.057,20.94,51
2026-07-16T00:50:54.233Z,2026-07-16T00:51:54.233Z,1,0.02,20.94,51
2026-07-16T01:01:55.642Z,2026-07-16T01:02:55.642Z,1,0.007,20.94,51
2026-07-16T01:25:58.690Z,2026-07-16T01:26:58.690Z,0,0.007,20.94,51
2026-07-16T01:48:01.509Z,2026-07-16T01:49:01.509Z,2,0.116,20.94,51
2026-07-16T01:49:01.673Z,2026-07-16T01:50:01.673Z,1,0.027,20.94,51
2026-07-16T01:50:01.836Z,2026-07-16T01:51:01.836Z,1,0.013,20.94,51
2026-07-16T01:56:02.632Z,2026-07-16T01:57:02.632Z,0,0.007,20.94,51
2026-07-16T02:02:03.319Z,2026-07-16T02:03:03.319Z,0,0.007,20.94,51
2026-07-16T02:03:03.483Z,2026-07-16T02:04:03.483Z,0,0.01,20.94,51
2026-07-16T02:04:03.648Z,2026-07-16T02:05:03.648Z,2,0.04,20.94,51
2026-07-16T02:05:03.720Z,2026-07-16T02:06:03.720Z,1,0.033,20.94,51
2026-07-16T02:07:04.049Z,2026-07-16T02:08:04.049Z,1,0.01,20.94,51
2026-07-16T02:51:09.677Z,2026-07-16T02:52:09.677Z,1,0.01,20.94,51
2026-07-16T02:52:09.842Z,2026-07-16T02:53:09.842Z,1,0.013,20.94,51
2026-07-16T02:59:10.694Z,2026-07-16T03:00:10.694Z,0,0.003,20.94,51
2026-07-16T03:00:10.858Z,2026-07-16T03:01:10.858Z,0,0.01,20.94,51
2026-07-16T03:30:14.684Z,2026-07-16T03:31:14.684Z,0,0.003,20.94,51
2026-07-16T03:32:14.913Z,2026-07-16T03:33:14.913Z,0,0.01,20.94,51
2026-07-16T03:42:16.257Z,2026-07-16T03:43:16.257Z,3,0.297,20.94,51
2026-07-16T03:43:16.322Z,2026-07-16T03:44:16.322Z,0,0.066,20.94,51
2026-07-16T03:46:16.714Z,2026-07-16T03:47:16.714Z,1,0.07,20.94,51
2026-07-16T03:47:16.880Z,2026-07-16T03:48:16.880Z,1,0.043,20.94,51
2026-07-16T03:48:17.043Z,2026-07-16T03:49:17.043Z,2,0.11,20.94,51
2026-07-16T03:49:17.108Z,2026-07-16T03:50:17.108Z,2,0.033,20.94,51
2026-07-16T03:54:17.831Z,2026-07-16T03:55:17.831Z,1,0.027,20.94,51
2026-07-16T03:55:17.895Z,2026-07-16T03:56:17.895Z,1,0.09,20.94,51
2026-07-16T03:58:18.289Z,2026-07-16T03:59:18.289Z,1,0.013,20.94,51
2026-07-16T04:02:18.846Z,2026-07-16T04:03:18.846Z,2,0.057,20.94,51
2026-07-16T04:05:19.240Z,2026-07-16T04:06:19.240Z,2,0.043,20.94,51
2026-07-16T04:09:19.697Z,2026-07-16T04:10:19.697Z,1,0.01,20.94,51
2026-07-16T05:12:28.059Z,2026-07-16T05:13:28.059Z,0,0.003,20.94,51
2026-07-16T05:13:28.124Z,2026-07-16T05:14:28.124Z,1,0.007,20.94,51
2026-07-16T05:21:29.239Z,2026-07-16T05:22:29.239Z,1,0.007,20.94,51
2026-07-16T05:36:31.105Z,2026-07-16T05:37:31.105Z,1,0.0,20.94,51
2026-07-16T05:45:32.286Z,2026-07-16T05:46:32.286Z,0,0.003,20.94,51
2026-07-16T05:58:33.924Z,2026-07-16T05:59:33.924Z,0,0.007,20.94,51
2026-07-16T05:59:34.088Z,2026-07-16T06:00:34.088Z,1,0.013,20.94,51
2026-07-16T06:00:34.253Z,2026-07-16T06:01:34.253Z,1,0.023,20.94,51
2026-07-16T06:01:34.316Z,2026-07-16T06:02:34.316Z,1,0.007,20.94,51
2026-07-16T06:05:34.875Z,2026-07-16T06:06:34.875Z,1,0.013,20.94,51
2026-07-16T06:06:35.039Z,2026-07-16T06:07:35.039Z,0,0.003,20.94,51
2026-07-16T06:08:35.269Z,2026-07-16T06:09:35.269Z,1,0.163,20.94,51
2026-07-16T06:09:35.433Z,2026-07-16T06:10:35.433Z,1,0.027,20.94,51
2026-07-16T06:15:36.119Z,2026-07-16T06:16:36.119Z,1,0.023,20.94,51
2026-07-16T06:41:39.496Z,2026-07-16T06:42:39.496Z,0,0.003,20.94,51
2026-07-16T07:03:42.313Z,2026-07-16T07:04:42.313Z,2,0.047,20.94,51
2026-07-16T07:19:44.446Z,2026-07-16T07:20:44.446Z,0,0.007,20.94,51
2026-07-16T07:33:46.247Z,2026-07-16T07:34:46.247Z,0,0.01,20.94,51
2026-07-16T07:59:49.525Z,2026-07-16T08:00:49.525Z,0,0.007,20.94,51
2026-07-16T08:02:49.918Z,2026-07-16T08:03:49.918Z,1,0.047,20.94,51
2026-07-16T08:03:50.082Z,2026-07-16T08:04:50.082Z,1,0.339,20.94,51
2026-07-16T19:17:16.726Z,2026-07-16T19:18:16.726Z,1,0.037,20.94,51
2026-07-16T19:18:16.891Z,2026-07-16T19:19:16.891Z,0,0.013,20.94,51
2026-07-16T19:23:17.513Z,2026-07-16T19:24:17.513Z,1,0.0,20.94,51
2026-07-17T00:13:54.894Z,2026-07-17T00:14:54.894Z,0,0.007,20.94,51
2026-07-17T00:37:58.040Z,2026-07-17T00:38:58.040Z,0,0.003,20.94,51
2026-07-17T01:29:04.628Z,2026-07-17T01:30:04.628Z,0,0.017,20.94,51
2026-07-17T01:30:04.694Z,2026-07-17T01:31:04.694Z,1,0.01,20.94,51
2026-07-17T01:54:07.848Z,2026-07-17T01:55:07.848Z,1,0.043,20.94,51
2026-07-17T03:30:20.236Z,2026-07-17T03:31:20.236Z,1,0.027,20.94,51
2026-07-17T03:31:20.302Z,2026-07-17T03:32:20.302Z,1,0.01,20.94,51
2026-07-17T05:31:35.838Z,2026-07-17T05:32:35.838Z,1,0.007,20.94,51
2026-07-17T05:33:36.065Z,2026-07-17T05:34:36.065Z,1,0.007,20.94,51
2026-07-18T02:27:17.513Z,2026-07-18T02:28:17.513Z,0,0.003,20.94,51
2026-07-18T02:28:17.711Z,2026-07-18T02:29:17.711Z,1,0.033,20.94,51
2026-07-18T02:43:19.678Z,2026-07-18T02:44:19.678Z,1,0.063,20.94,51
2026-07-18T02:46:20.072Z,2026-07-18T02:47:20.072Z,0,0.003,20.94,51
2026-07-18T02:47:20.236Z,2026-07-18T02:48:20.236Z,1,0.02,20.94,51
2026-07-18T02:49:20.464Z,2026-07-18T02:50:20.464Z,1,0.007,20.94,51
2026-07-18T02:50:20.630Z,2026-07-18T02:51:20.630Z,2,0.057,20.94,51
2026-07-18T02:51:20.694Z,2026-07-18T02:52:20.694Z,2,0.053,20.94,51
2026-07-18T02:52:20.858Z,2026-07-18T02:53:20.858Z,3,0.45,20.94,51
2026-07-18T02:57:21.480Z,2026-07-18T02:58:21.480Z,1,0.007,20.94,51
2026-07-18T03:06:22.661Z,2026-07-18T03:07:22.661Z,1,0.017,20.94,51
2026-07-18T03:07:22.724Z,2026-07-18T03:08:22.724Z,2,0.02,20.94,51
2026-07-18T03:08:22.890Z,2026-07-18T03:09:22.890Z,1,0.02,20.94,51
2026-07-18T03:09:23.053Z,2026-07-18T03:10:23.053Z,2,0.02,20.94,51
2026-07-18T03:21:24.528Z,2026-07-18T03:22:24.528Z,1,0.02,20.94,51
2026-07-18T03:22:24.691Z,2026-07-18T03:23:24.691Z,2,0.08,20.94,51
2026-07-18T03:23:24.855Z,2026-07-18T03:24:24.855Z,1,0.023,20.94,51
2026-07-18T03:25:25.085Z,2026-07-18T03:26:25.085Z,0,0.003,20.94,51
2026-07-18T03:33:26.101Z,2026-07-18T03:34:26.101Z,1,0.027,20.94,51
2026-07-18T03:42:27.280Z,2026-07-18T03:43:27.280Z,0,0.01,20.94,51
2026-07-18T03:43:27.446Z,2026-07-18T03:44:27.446Z,0,0.003,20.94,51
2026-07-18T03:44:27.509Z,2026-07-18T03:45:27.509Z,1,0.013,20.94,51
2026-07-18T03:45:27.674Z,2026-07-18T03:46:27.674Z,1,0.02,20.94,51
2026-07-18T03:46:27.838Z,2026-07-18T03:47:27.838Z,1,0.02,20.94,51
2026-07-18T03:47:27.903Z,2026-07-18T03:48:27.903Z,0,0.007,20.94,51
2026-07-18T04:00:29.641Z,2026-07-18T04:01:29.641Z,1,0.07,20.94,51
2026-07-18T04:08:30.657Z,2026-07-18T04:09:30.657Z,1,0.017,20.94,51
2026-07-18T04:09:30.721Z,2026-07-18T04:10:30.721Z,1,0.013,20.94,51
2026-07-18T04:15:31.507Z,2026-07-18T04:16:31.507Z,1,0.01,20.94,51
2026-07-18T04:16:31.673Z,2026-07-18T04:17:31.673Z,2,0.023,20.94,51
2026-07-18T04:17:31.836Z,2026-07-18T04:18:31.836Z,1,0.003,20.94,51
2026-07-18T04:21:32.295Z,2026-07-18T04:22:32.295Z,1,0.003,20.94,51
2026-07-18T04:22:32.460Z,2026-07-18T04:23:32.460Z,1,0.027,20.94,51
2026-07-18T04:24:32.688Z,2026-07-18T04:25:32.688Z,0,0.007,20.94,51
2026-07-18T04:25:32.852Z,2026-07-18T04:26:32.852Z,1,0.0,20.94,51
2026-07-18T04:26:32.917Z,2026-07-18T04:27:32.917Z,3,0.043,20.94,51
2026-07-18T04:30:33.474Z,2026-07-18T04:31:33.474Z,1,0.013,20.94,51
2026-07-18T04:31:33.640Z,2026-07-18T04:32:33.640Z,1,0.013,20.94,51
2026-07-18T04:37:34.326Z,2026-07-18T04:38:34.326Z,5,0.153,20.94,51
2026-07-19T20:13:40.859Z,2026-07-19T20:14:40.859Z,1,0.01,20.94,51
2026-07-19T20:14:40.924Z,2026-07-19T20:15:40.924Z,0,0.003,20.94,51
2026-07-19T23:56:09.453Z,2026-07-19T23:57:09.453Z,0,0.003,20.94,51
2026-07-20T00:35:14.467Z,2026-07-20T00:36:14.467Z,0,0.003,20.94,51
2026-07-20T00:36:14.631Z,2026-07-20T00:37:14.631Z,0,0.003,20.94,51
2026-07-20T01:06:18.466Z,2026-07-20T01:07:18.466Z,0,0.007,20.94,51
2026-07-20T01:07:18.630Z,2026-07-20T01:08:18.630Z,0,0.007,20.94,51
2026-07-20T01:19:20.104Z,2026-07-20T01:20:20.104Z,1,0.01,20.94,51
2026-07-20T01:24:20.726Z,2026-07-20T01:25:20.726Z,0,0.007,20.94,51
2026-07-20T01:34:22.071Z,2026-07-20T01:35:22.071Z,1,0.007,20.94,51
2026-07-20T01:52:24.438Z,2026-07-20T01:53:24.438Z,0,0.013,20.94,51
2026-07-20T02:01:25.519Z,2026-07-20T02:02:25.519Z,1,0.01,20.94,51
2026-07-20T02:05:26.076Z,2026-07-20T02:06:26.076Z,0,0.003,20.94,51
2026-07-20T02:10:26.690Z,2026-07-20T02:11:26.690Z,0,0.003,20.94,51
2026-07-20T02:51:32.033Z,2026-07-20T02:52:32.033Z,0,0.003,20.94,51
2026-07-20T03:35:37.678Z,2026-07-20T03:36:37.678Z,0,0.003,20.94,51
2026-07-20T03:36:37.842Z,2026-07-20T03:37:37.842Z,4,0.097,20.94,51
2026-07-20T03:38:38.072Z,2026-07-20T03:39:38.072Z,1,0.013,20.94,51
2026-07-20T03:43:38.694Z,2026-07-20T03:44:38.694Z,1,0.013,20.94,51
2026-07-20T03:46:39.088Z,2026-07-20T03:47:39.088Z,1,0.027,20.94,51
2026-07-20T04:12:42.463Z,2026-07-20T04:13:42.463Z,1,0.013,20.94,51
2026-07-20T04:16:42.921Z,2026-07-20T04:17:42.921Z,1,0.007,20.94,51
2026-07-20T04:24:44.036Z,2026-07-20T04:25:44.036Z,1,0.03,20.94,51
2026-07-20T04:25:44.109Z,2026-07-20T04:26:44.109Z,1,0.013,20.94,51
2026-07-20T04:26:44.275Z,2026-07-20T04:27:44.275Z,0,0.007,20.94,51
2026-07-20T04:27:44.430Z,2026-07-20T04:28:44.430Z,1,0.02,20.94,51
2026-07-20T04:28:44.503Z,2026-07-20T04:29:44.503Z,1,0.017,20.94,51
2026-07-20T04:29:44.667Z,2026-07-20T04:30:44.667Z,2,0.033,20.94,51
2026-07-20T04:44:46.526Z,2026-07-20T04:45:46.526Z,0,0.007,20.94,51
2026-07-20T04:49:47.249Z,2026-07-20T04:50:47.249Z,1,0.017,20.94,51
2026-07-20T04:50:47.312Z,2026-07-20T04:51:47.312Z,0,0.01,20.94,51
2026-07-20T04:51:47.469Z,2026-07-20T04:52:47.469Z,1,0.14,20.94,51
2026-07-20T04:54:47.862Z,2026-07-20T04:55:47.862Z,1,0.013,20.94,51
2026-07-20T04:55:47.927Z,2026-07-20T04:56:47.927Z,1,0.047,20.94,51
2026-07-20T04:57:48.256Z,2026-07-20T04:58:48.256Z,1,0.023,20.94,51
2026-07-20T04:59:48.493Z,2026-07-20T05:00:48.493Z,0,0.003,20.94,51
2026-07-20T05:10:49.901Z,2026-07-20T05:11:49.901Z,1,0.01,20.94,51
2026-07-20T05:11:50.066Z,2026-07-20T05:12:50.066Z,2,0.053,20.94,51
2026-07-20T05:16:50.688Z,2026-07-20T05:17:50.688Z,1,0.03,20.94,51
2026-07-20T05:17:50.852Z,2026-07-20T05:18:50.852Z,2,0.033,20.94,51
2026-07-20T05:21:51.311Z,2026-07-20T05:22:51.311Z,1,0.017,20.94,51
2026-07-20T06:23:59.306Z,2026-07-20T06:24:59.306Z,2,0.04,20.94,51
2026-07-20T06:24:59.463Z,2026-07-20T06:25:59.463Z,0,0.007,20.94,51
2026-07-20T06:27:59.865Z,2026-07-20T06:28:59.865Z,1,0.05,20.94,51
2026-07-20T06:37:01.045Z,2026-07-20T06:38:01.045Z,1,0.02,20.94,51
2026-07-20T07:06:04.706Z,2026-07-20T07:07:04.706Z,0,0.013,20.94,51
2026-07-20T07:17:06.115Z,2026-07-20T07:18:06.115Z,1,0.007,20.94,51
2026-07-20T07:28:07.523Z,2026-07-20T07:29:07.523Z,0,0.01,20.94,51
2026-07-20T07:36:08.640Z,2026-07-20T07:37:08.640Z,2,0.037,20.94,51
2026-07-20T08:19:14.111Z,2026-07-20T08:20:14.111Z,1,0.013,20.94,51
2026-07-20T08:22:14.505Z,2026-07-20T08:23:14.505Z,0,0.007,20.94,51
